r,u,residual
1.000000000000000021e-02,1.456974639055780068e-03,3.278196030704988613e-03
2.000000000000000042e-02,1.457460134040767467e-03,-1.819724926299670642e-15
2.999999999999999889e-02,1.457840584928930990e-03,8.725659084163339685e-16
4.000000000000000083e-02,1.458276821204095497e-03,-1.435483676370807871e-16
5.000000000000000278e-02,1.458801053045101319e-03,1.406860739017190554e-15
5.999999999999999778e-02,1.459424066395257312e-03,-3.335005882565411639e-16
7.000000000000000666e-02,1.460150536553183947e-03,-1.004838573459565509e-15
8.000000000000000167e-02,1.460982856580909060e-03,1.186550857568136053e-15
8.999999999999999667e-02,1.461922413450982483e-03,-1.316221437397402383e-15
1.000000000000000056e-01,1.462970098516965271e-03,1.313619352183437172e-15
1.100000000000000006e-01,1.464126539557572071e-03,-2.393051035110005387e-15
1.199999999999999956e-01,1.465392216811233286e-03,3.682817939498761461e-15
1.300000000000000044e-01,1.466767525469060522e-03,-2.020085487774991861e-15
1.400000000000000133e-01,1.468252811398219415e-03,3.252606517456513302e-17
1.499999999999999944e-01,1.469848392589303675e-03,-2.532696274926138358e-16
1.600000000000000033e-01,1.471554572574521134e-03,9.428222091933946558e-16
1.700000000000000122e-01,1.473371649123821547e-03,-1.117595599398057971e-15
1.799999999999999933e-01,1.475299920056268163e-03,7.801918833205689907e-16
1.900000000000000022e-01,1.477339687230353827e-03,-5.299580219109145673e-16
2.000000000000000111e-01,1.479491259351488949e-03,-7.840950111415168067e-16
2.099999999999999922e-01,1.481754953991753273e-03,6.800116025829083810e-16
2.200000000000000011e-01,1.484131099073339888e-03,1.208668581886840343e-15
2.300000000000000100e-01,1.486620033979668600e-03,-2.156261280639171218e-15
2.399999999999999911e-01,1.489222110403489634e-03,1.858756204509148802e-15
2.500000000000000000e-01,1.491937693006317950e-03,-1.030425744730223414e-15
2.600000000000000089e-01,1.494767159940672612e-03,1.973247953923618070e-15
2.700000000000000178e-01,1.497710903271339206e-03,-1.912532632264429822e-15
2.800000000000000266e-01,1.500769329321537593e-03,-2.775557561562891351e-16
2.899999999999999800e-01,1.503942858962731754e-03,-9.410874857174178487e-17
2.999999999999999889e-01,1.507231927861833526e-03,2.113326874608745243e-15
3.099999999999999978e-01,1.510636986696000175e-03,-9.566999970012091126e-16
3.200000000000000067e-01,1.514158501342683554e-03,-1.219944284480689589e-15
3.300000000000000155e-01,1.517796953050731291e-03,6.305719835175693788e-16
3.400000000000000244e-01,1.521552838596983539e-03,-3.890117394877989909e-16
3.500000000000000333e-01,1.525426670431794147e-03,1.134509153288831840e-15
3.599999999999999867e-01,1.529418976816145602e-03,-1.584669895304813281e-15
3.699999999999999956e-01,1.533530301952456707e-03,2.992831676928986440e-15
3.800000000000000044e-01,1.537761206110738839e-03,-3.415236843329338967e-15
3.900000000000000133e-01,1.542112265751427588e-03,2.604253618310181650e-15
4.000000000000000222e-01,1.546584073645943880e-03,-2.258609965721802837e-15
4.100000000000000311e-01,1.551177238995851042e-03,1.536964999715451086e-15
4.199999999999999845e-01,1.555892387551296736e-03,-1.217342199266724379e-15
4.299999999999999933e-01,1.560730161729319146e-03,1.000935445638617693e-15
4.400000000000000022e-01,1.565691220732482554e-03,5.724587470723463412e-16
4.500000000000000111e-01,1.570776240668238016e-03,-1.636277918715123292e-15
4.600000000000000200e-01,1.575985914669333129e-03,2.450296909817240021e-16
4.700000000000000289e-01,1.581320953015546028e-03,1.778091562876227272e-15
4.799999999999999822e-01,1.586782083256977824e-03,-1.426376378121929633e-15
4.899999999999999911e-01,1.592370050339100796e-03,9.961649560796814740e-16
5.000000000000000000e-01,1.598085616729731260e-03,-1.494897955423013514e-15
5.100000000000000089e-01,1.603929562548078031e-03,1.679212324745549267e-15
5.200000000000000178e-01,1.609902685695990734e-03,-2.574763319218575930e-15
5.300000000000000266e-01,1.616005801991525275e-03,2.802879456309526063e-15
5.400000000000000355e-01,1.622239745304921007e-03,-1.613292832658430598e-15
5.500000000000000444e-01,1.628605367697085436e-03,3.191891195797325054e-16
5.600000000000000533e-01,1.635103539560659553e-03,-1.331400267812199445e-16
5.700000000000000622e-01,1.641735149763742709e-03,1.230352625336550432e-15
5.799999999999999600e-01,1.648501105796339921e-03,-2.744766219864303025e-15
5.899999999999999689e-01,1.655402333919595579e-03,2.110724789394780032e-15
5.999999999999999778e-01,1.662439779317867548e-03,1.639313684798082704e-16
6.099999999999999867e-01,1.669614406253700422e-03,-3.391384395534657870e-16
6.199999999999999956e-01,1.676927198225743260e-03,-7.997075224253080705e-16
6.300000000000000044e-01,1.684379158129663398e-03,7.424616477180734364e-16
6.400000000000000133e-01,1.691971308422101240e-03,-5.186823193170653212e-16
6.500000000000000222e-01,1.699704691287711551e-03,1.428111101597906440e-15
6.600000000000000311e-01,1.707580368809332675e-03,-4.050579316405844565e-16
6.700000000000000400e-01,1.715599423141328126e-03,-2.114627917215727848e-15
6.800000000000000488e-01,1.723762956686139373e-03,2.454633718507182039e-15
6.900000000000000577e-01,1.732072092274091228e-03,-1.138845961978773857e-15
7.000000000000000666e-01,1.740527973346492124e-03,-2.654126918244514854e-16
7.099999999999999645e-01,1.749131764142064201e-03,1.232521029681521441e-15
7.199999999999999734e-01,1.757884649886746987e-03,-1.433315272025836862e-15
7.299999999999999822e-01,1.766787836986912419e-03,1.686584899518450698e-15
7.399999999999999911e-01,1.775842553226028922e-03,-8.257283745649601769e-16
7.500000000000000000e-01,1.785050047964817496e-03,-6.019490461639520618e-16
7.600000000000000089e-01,1.794411592344935134e-03,1.301042606982605321e-17
7.700000000000000178e-01,1.803928479496228312e-03,9.406538048484236469e-16
7.800000000000000266e-01,1.813602024747595128e-03,-1.201729687982933115e-15
7.900000000000000355e-01,1.823433565841496877e-03,9.280770596475917955e-17
8.000000000000000444e-01,1.833424463152158283e-03,1.358288481689839955e-15
8.100000000000000533e-01,1.843576099907499356e-03,-5.360295540768333922e-16
8.200000000000000622e-01,1.853889882414839173e-03,-1.908195823574487804e-15
8.300000000000000711e-01,1.864367240290412805e-03,1.753805434212551972e-15
8.399999999999999689e-01,1.875009626692744321e-03,-4.258746133523061417e-16
8.499999999999999778e-01,1.885818518559920307e-03,2.901325013571209865e-16
8.599999999999999867e-01,1.896795416850803823e-03,1.438519442453767283e-15
8.699999999999999956e-01,1.907941846790235825e-03,-1.114559833315098558e-15
8.800000000000000044e-01,1.919259358118267662e-03,-1.589440384863749500e-15
8.900000000000000133e-01,1.930749525343468647e-03,1.016981637791403159e-15
9.000000000000000222e-01,1.942413948000355989e-03,1.076395916843608802e-15
9.100000000000000311e-01,1.954254250910993692e-03,2.133709875451472726e-15
9.200000000000000400e-01,1.966272084450805969e-03,5.247538514829841461e-16
9.300000000000000488e-01,1.978469124818654605e-03,-1.869164545365009644e-16
9.400000000000000577e-01,1.990847074311227326e-03,-2.314554797822054866e-15
9.500000000000000666e-01,2.003407661601787695e-03,1.870899268840986451e-15
9.599999999999999645e-01,2.016152642023334891e-03,-3.073929999430902171e-15
9.699999999999999734e-01,2.029083797856227368e-03,3.450364993717869311e-15
9.799999999999999822e-01,2.042202938620315926e-03,1.704365815147212970e-15
9.899999999999999911e-01,2.055511901371646043e-03,-6.957108500404984852e-15
1.000000000000000000e+00,2.069012551003776307e-03,4.950033438699819044e-15
1.010000000000000009e+00,2.082706780553766294e-03,-8.105495441501631149e-16
1.020000000000000018e+00,2.096596511512897627e-03,1.121498727219005787e-15
1.030000000000000027e+00,2.110683694142170743e-03,-9.042246118529106980e-16
1.040000000000000036e+00,2.124970307792643700e-03,-6.327403878625403877e-16
1.050000000000000044e+00,2.139458361230664636e-03,-1.197826560161985299e-15
1.060000000000000053e+00,2.154149892968058606e-03,5.301314942585122481e-15
1.070000000000000062e+00,2.169046971597325593e-03,-6.873408092689103910e-15
1.080000000000000071e+00,2.184151696131913893e-03,6.561591547882272835e-15
1.090000000000000080e+00,2.199466196351619173e-03,-5.452669565864098900e-15
1.100000000000000089e+00,2.214992633153187260e-03,1.760310647247464999e-15
1.110000000000000098e+00,2.230733198906164044e-03,6.340414304695229930e-16
1.120000000000000107e+00,2.246690117814072706e-03,1.231653667943533037e-15
1.130000000000000115e+00,2.262865646280971636e-03,-2.193991516241666773e-15
1.140000000000000124e+00,2.279262073283463714e-03,-1.380406206008544245e-15
1.150000000000000133e+00,2.295881720748220271e-03,5.009881398621018889e-15
1.159999999999999920e+00,2.312726943935089138e-03,-4.162035299737354421e-15
1.169999999999999929e+00,2.329800131825856581e-03,6.652664530371055207e-16
1.179999999999999938e+00,2.347103707518725154e-03,8.248610128269717734e-16
1.189999999999999947e+00,2.364640128628587700e-03,1.177009878450263614e-15
1.199999999999999956e+00,2.382411887693161676e-03,-4.348084392535866982e-15
1.209999999999999964e+00,2.400421512585059706e-03,4.229255834431455696e-15
1.219999999999999973e+00,2.418671566929866176e-03,-9.731798700229887800e-16
1.229999999999999982e+00,2.437164650530301846e-03,2.043070573831684555e-15
1.239999999999999991e+00,2.455903399796542392e-03,-5.383714307694020818e-15
1.250000000000000000e+00,2.474890488182776745e-03,2.898722928357244655e-15
1.260000000000000009e+00,2.494128626630074622e-03,-4.857225732735059864e-16
1.270000000000000018e+00,2.513620564015652155e-03,3.299877732176881295e-15
1.280000000000000027e+00,2.533369087608605859e-03,-4.252674601357142592e-15
1.290000000000000036e+00,2.553377023532204734e-03,1.098513641162313093e-15
1.300000000000000044e+00,2.573647237232815077e-03,6.262351748276273611e-16
1.310000000000000053e+00,2.594182633955550380e-03,2.117230002429693059e-15
1.320000000000000062e+00,2.614986159226724387e-03,-3.844580903633598723e-15
1.330000000000000071e+00,2.636060799343197935e-03,3.012780996902719721e-15
1.340000000000000080e+00,2.657409581868702426e-03,-2.422975015070605309e-15
1.350000000000000089e+00,2.679035576137236193e-03,-9.389190813724468399e-16
1.360000000000000098e+00,2.700941893763614873e-03,4.753576005045445640e-15
1.370000000000000107e+00,2.723131689161273784e-03,-2.717878005986662515e-15
1.380000000000000115e+00,2.745608160067414261e-03,-3.968179951296946228e-15
1.390000000000000124e+00,2.768374548075582843e-03,5.020289739476879731e-15
1.400000000000000133e+00,2.791434139175783934e-03,6.114900252818245008e-17
1.409999999999999920e+00,2.814790264302223944e-03,-3.400058012914541905e-16
1.419999999999999929e+00,2.838446299888777984e-03,-1.743830774225685332e-15
1.429999999999999938e+00,2.862405668432285374e-03,2.502338614096544234e-16
1.439999999999999947e+00,2.886671839063771530e-03,-7.719519468096791570e-16
1.449999999999999956e+00,2.911248328127700753e-03,2.231288070975168125e-15
1.459999999999999964e+00,2.936138699769361409e-03,-5.043708506402566627e-16
1.469999999999999973e+00,2.961346566530491907e-03,1.310149905231483558e-15
1.479999999999999982e+00,2.986875589953250695e-03,-5.275294090445470374e-15
1.489999999999999991e+00,3.012729481192643038e-03,6.921112988278466105e-15
1.500000000000000000e+00,3.038912001637508221e-03,-2.504073337572521041e-15
1.510000000000000009e+00,3.065426963540189478e-03,-3.302913498259840708e-15
1.520000000000000018e+00,3.092278230654985950e-03,4.125606106741841472e-15
1.530000000000000027e+00,3.119469718885511597e-03,-1.422473250300981817e-15
1.540000000000000036e+00,3.147005396941076390e-03,-4.106957829375090796e-16
1.550000000000000044e+00,3.174889287002201702e-03,-1.755973838557522981e-15
1.560000000000000053e+00,3.203125465395396509e-03,4.576200529626817115e-15
1.570000000000000062e+00,3.231718063277311086e-03,-4.931385161333068368e-15
1.580000000000000071e+00,3.260671267328396541e-03,3.609525872638741362e-15
1.590000000000000080e+00,3.289989320456186001e-03,-4.261781899606020829e-15
1.600000000000000089e+00,3.319676522508336648e-03,3.734859643778065674e-15
1.610000000000000098e+00,3.349737230995547543e-03,2.381341651647161939e-15
1.620000000000000107e+00,3.380175861824495902e-03,-6.273627450870122857e-15
1.630000000000000115e+00,3.410996890040915441e-03,2.586039021812425176e-15
1.640000000000000124e+00,3.442204850582951219e-03,3.738329090730019288e-15
1.650000000000000133e+00,3.473804339044934096e-03,-5.930585883495709254e-15
1.660000000000000142e+00,3.505800012451705354e-03,2.261212050935768048e-15
1.669999999999999929e+00,3.538196590043630237e-03,5.780965983692709642e-16
1.679999999999999938e+00,3.570998854072450924e-03,1.504005253671891751e-15
1.689999999999999947e+00,3.604211650608112917e-03,-3.003673698653841484e-15
1.699999999999999956e+00,3.637839890356716656e-03,5.707240235963695341e-16
1.709999999999999964e+00,3.671888549489737887e-03,1.703498453409224567e-15
1.719999999999999973e+00,3.706362670484671194e-03,2.000136167801258580e-15
1.729999999999999982e+00,3.741267362977244992e-03,-5.243201706139899443e-15
1.739999999999999991e+00,3.776607804625364134e-03,9.462916561453482700e-16
1.750000000000000000e+00,3.812389241984932755e-03,1.216908518397730177e-15
1.760000000000000009e+00,3.848616991397722613e-03,2.896120843143279444e-15
1.770000000000000018e+00,3.885296439891440870e-03,-9.122910760162028510e-15
1.780000000000000027e+00,3.922433046092165150e-03,1.262011328773127161e-15
1.790000000000000036e+00,3.960032341149303733e-03,-3.290770433928003058e-15
1.800000000000000044e+00,3.998099929673260867e-03,-4.839878497975291793e-16
1.810000000000000053e+00,4.036641490685963750e-03,-2.775557561562891351e-15
1.820000000000000062e+00,4.075662778584432898e-03,6.626643678231403101e-15
1.830000000000000071e+00,4.115169624117564172e-03,-2.613360916559059888e-15
1.840000000000000080e+00,4.155167935376307201e-03,-3.223983580102895985e-15
1.850000000000000089e+00,4.195663698797409344e-03,2.812854116296392704e-15
1.860000000000000098e+00,4.236662980180916013e-03,5.689893001203927270e-16
1.870000000000000107e+00,4.278171925721610362e-03,-4.025425826004180863e-15
1.880000000000000115e+00,4.320196763054576228e-03,6.541642227908539553e-15
1.890000000000000124e+00,4.362743802315075144e-03,-8.486267244478540306e-15
1.900000000000000133e+00,4.405819437212936916e-03,8.932091177804579729e-15
1.910000000000000142e+00,4.449430146121643309e-03,-8.040443311152500883e-15
1.919999999999999929e+00,4.493582493182325145e-03,4.148591192798534166e-15
1.929999999999999938e+00,4.538283129422848033e-03,2.422541334201611107e-15
1.939999999999999947e+00,4.583538793892213969e-03,-7.616303421276171548e-15
1.949999999999999956e+00,4.629356314810469629e-03,5.031565442070728977e-15
1.959999999999999964e+00,4.675742610734332991e-03,6.697767340746452192e-15
1.969999999999999973e+00,4.722704691738759467e-03,-1.388212461650439877e-14
1.979999999999999982e+00,4.770249660614653969e-03,1.158535073431110618e-14
1.989999999999999991e+00,4.818384714082941424e-03,-3.261280134836397337e-15
2.000000000000000000e+00,4.867117144025240316e-03,-7.974523819065382213e-15
2.010000000000000231e+00,4.916454338731334438e-03,1.364273277681959939e-14
2.020000000000000018e+00,4.966403784163687420e-03,-1.010563160930288973e-14
2.030000000000000249e+00,5.016973065239235981e-03,9.436895709313830594e-16
2.040000000000000036e+00,5.068169867128671791e-03,4.560588018343025851e-15
2.049999999999999822e+00,5.120001976573476492e-03,2.152791833687217604e-15
2.060000000000000053e+00,5.172477283220933662e-03,-1.256373477476202538e-14
2.069999999999999840e+00,5.225603780977366650e-03,1.593863929727490358e-14
2.080000000000000071e+00,5.279389569379842537e-03,-1.259929660601954993e-14
2.089999999999999858e+00,5.333842854986614590e-03,1.036757485417538760e-14
2.100000000000000089e+00,5.388971952786520900e-03,-1.332788046592980891e-14
2.109999999999999876e+00,5.444785287627638450e-03,1.249521319746094150e-14
2.120000000000000107e+00,5.501291395665413794e-03,-8.008350926846929951e-15
2.129999999999999893e+00,5.558498925830573922e-03,7.769826448900118976e-15
2.140000000000000124e+00,5.616416641317048888e-03,-8.178353827492657047e-15
2.149999999999999911e+00,5.675053421090211526e-03,6.749809045025756404e-15
2.160000000000000142e+00,5.734418261415682311e-03,-6.753278491977710019e-15
2.169999999999999929e+00,5.794520277409004674e-03,7.668345125555475761e-15
2.180000000000000160e+00,5.855368704606450994e-03,-3.742665899419961306e-15
2.189999999999999947e+00,5.916972900557269759e-03,-1.786765180256111307e-16
2.200000000000000178e+00,5.979342346437645402e-03,4.440892098500626162e-16
2.209999999999999964e+00,6.042486648686682185e-03,6.678685382510707313e-17
2.220000000000000195e+00,6.106415540664704433e-03,-6.224187831804783855e-15
2.229999999999999982e+00,6.171138884334180161e-03,1.174754737931493764e-14
2.240000000000000213e+00,6.236666671963572543e-03,-1.293843504557301571e-14
2.250000000000000000e+00,6.303009027854445355e-03,6.082807868512674077e-15
2.260000000000000231e+00,6.370176210092114676e-03,4.481658100186081128e-15
2.270000000000000018e+00,6.438178612320199015e-03,-6.393323370712522546e-15
2.280000000000000249e+00,6.507026765539371434e-03,3.649858193455202127e-15
2.290000000000000036e+00,6.576731339930650191e-03,3.084338340286763014e-15
2.300000000000000266e+00,6.647303146703571405e-03,-4.812122922359662880e-15
2.310000000000000053e+00,6.718753139969574177e-03,-2.313253755215072260e-15
2.319999999999999840e+00,6.791092418640945136e-03,1.002670169114594501e-15
2.330000000000000071e+00,6.864332228355676281e-03,1.425942697252935432e-15
2.339999999999999858e+00,6.938483963428587406e-03,5.999541141665787336e-15
2.350000000000000089e+00,7.013559168829072189e-03,-7.784571598445921836e-15
2.359999999999999876e+00,7.089569542185836584e-03,5.719383300295532990e-15
2.370000000000000107e+00,7.166526935818989461e-03,-2.731322112925482770e-15
2.379999999999999893e+00,7.244443358799876678e-03,-1.567322660545045210e-15
2.390000000000000124e+00,7.323330979039021152e-03,-4.717580492918926893e-15
2.399999999999999911e+00,7.403202125402567023e-03,1.184208980875567363e-14
2.410000000000000142e+00,7.484069289857610448e-03,-1.189239678955900104e-14
2.419999999999999929e+00,7.565945129646825529e-03,8.911274496092858044e-15
2.430000000000000160e+00,7.648842469492764425e-03,-9.740472317609771835e-16
2.439999999999999947e+00,7.732774303832269658e-03,-4.294307964780585962e-15
2.450000000000000178e+00,7.817753799081384597e-03,-2.343871624566062906e-14
2.459999999999999964e+00,7.903794295931198394e-03,6.321332346459485052e-15
2.470000000000000195e+00,7.990909311675035639e-03,5.160802341031001106e-16
2.479999999999999982e+00,8.079112542567445238e-03,9.574806225653986758e-15
2.490000000000000213e+00,8.168417866215397019e-03,-7.965850201685498178e-15
2.500000000000000000e+00,8.258839344002151875e-03,-1.191755027996066474e-14
2.510000000000000231e+00,8.350391223544237351e-03,2.689168332459246358e-14
2.520000000000000018e+00,8.443087941181993614e-03,-2.436592594357023245e-14
2.530000000000000249e+00,8.536944124504166828e-03,9.898332153923661281e-15
2.540000000000000036e+00,8.631974594906971499e-03,4.381044138579426317e-15
2.550000000000000266e+00,8.728194370188157789e-03,-3.859759734048395785e-15
2.560000000000000053e+00,8.825618667176519244e-03,-1.197132670771594576e-14
2.569999999999999840e+00,8.924262904397349191e-03,1.124707965649562880e-14
2.580000000000000071e+00,9.024142704774335000e-03,-2.856222203195812881e-15
2.589999999999999858e+00,9.125273898368405426e-03,1.524648463036015755e-14
2.600000000000000089e+00,9.227672525154016758e-03,-2.440408986004172220e-14
2.609999999999999876e+00,9.331354837833424204e-03,1.151509443353404549e-14
2.620000000000000107e+00,9.436337304689424235e-03,-9.645062526431047445e-16
2.629999999999999893e+00,9.542636612477147298e-03,1.313185671314442970e-15
2.640000000000000124e+00,9.650269669355395277e-03,9.079542673262608332e-15
2.649999999999999911e+00,9.759253607858096174e-03,-1.698641227676489507e-14
2.660000000000000142e+00,9.869605787906425912e-03,9.834147385312519418e-15
2.669999999999999929e+00,9.981343799862143693e-03,-4.926614671774132148e-16
2.680000000000000160e+00,1.009448546762274114e-02,8.430756093247282479e-16
2.689999999999999947e+00,1.020904885175895165e-02,-7.792377854087817468e-15
2.700000000000000178e+00,1.032505225269522708e-02,1.495158163944410035e-14
2.709999999999999964e+00,1.044251421393376303e-02,-2.538767807092057183e-14
2.720000000000000195e+00,1.056145352532269523e-02,3.124063507886631896e-14
2.729999999999999982e+00,1.068188922636903980e-02,-1.733856114238818691e-14
2.740000000000000213e+00,1.080384060959705891e-02,2.534430998402115165e-15
2.750000000000000000e+00,1.092732722395260703e-02,-6.574601973952098888e-15
2.760000000000000231e+00,1.105236887825416028e-02,1.073793831629643591e-15
2.770000000000000018e+00,1.117898564469113447e-02,1.000935445638617693e-14
2.780000000000000249e+00,1.130719786237016806e-02,-1.196959198423996895e-14
2.790000000000000036e+00,1.143702614091003135e-02,8.543513119185774940e-15
2.800000000000000266e+00,1.156849136408582418e-02,1.058181320345852328e-16
2.810000000000000053e+00,1.170161469352317199e-02,-7.650130529057719286e-15
2.819999999999999840e+00,1.183641757244308958e-02,1.037538110981728323e-14
2.830000000000000071e+00,1.197292172945822741e-02,-5.863365348801607979e-16
2.839999999999999858e+00,1.211114918242122210e-02,-9.518427712684740527e-15
2.850000000000000089e+00,1.225112224232585874e-02,5.452235884995104698e-15
2.859999999999999876e+00,1.239286351726178945e-02,-2.964642420444363324e-15
2.870000000000000107e+00,1.253639591642355909e-02,-2.151057110211240797e-16
2.879999999999999893e+00,1.268174265417467902e-02,7.596354101302438266e-15
2.890000000000000124e+00,1.282892725416752769e-02,-4.628242233906121328e-15
2.899999999999999911e+00,1.297797355351985350e-02,3.538835890992686473e-16
2.910000000000000142e+00,1.312890570704866068e-02,4.166805789296290641e-15
2.919999999999999929e+00,1.328174819156228981e-02,-1.124100812432970997e-15
2.930000000000000160e+00,1.343652581021149810e-02,-3.648123469979225320e-15
2.939999999999999947e+00,1.359326369690036160e-02,-2.185751579730776939e-16
2.950000000000000178e+00,1.375198732075783720e-02,-9.013623181175489663e-15
2.959999999999999964e+00,1.391272249067083272e-02,2.267804000144479915e-14
2.970000000000000195e+00,1.407549535987963514e-02,-1.707141372708775862e-14
2.979999999999999982e+00,1.424033243063659200e-02,6.383782391594650107e-15
2.990000000000000213e+00,1.440726055892888914e-02,-1.063732435468978110e-14
3.000000000000000000e+00,1.457630695926637014e-02,1.490474410559272656e-14
3.010000000000000231e+00,1.474749920953526486e-02,-9.690165336806444429e-15
3.020000000000000018e+00,1.492086525591878633e-02,7.971054372113428599e-15
3.030000000000000249e+00,1.509643341788549642e-02,-8.026565523344686426e-15
3.040000000000000036e+00,1.527423239324642544e-02,2.713107516427726296e-15
3.050000000000000266e+00,1.545429126328187915e-02,-2.966377143920340131e-14
3.060000000000000053e+00,1.563663949793893740e-02,3.891505173658771355e-14
3.070000000000000284e+00,1.582130696110060214e-02,-3.876933496460566175e-14
3.080000000000000071e+00,1.600832391592766149e-02,-5.814793091474257380e-15
3.089999999999999858e+00,1.619772103027420154e-02,1.761264745159252243e-14
3.100000000000000089e+00,1.638952938217788993e-02,1.733162224848427968e-14
3.109999999999999876e+00,1.658378046542603387e-02,-2.282896094385478136e-14
3.120000000000000107e+00,1.678050619519848990e-02,1.384309333829492061e-14
3.129999999999999893e+00,1.697973891378849395e-02,-2.438327317833000052e-14
3.140000000000000124e+00,1.718151139640254968e-02,3.538488946297491111e-14
3.149999999999999911e+00,1.738585685704042982e-02,-1.016721429270006638e-14
3.160000000000000142e+00,1.759280895445649098e-02,-2.603993409788785129e-14
3.169999999999999929e+00,1.780240179820337734e-02,2.704607371395439941e-14
3.180000000000000160e+00,1.801466995475932073e-02,2.052177872080562793e-15
3.189999999999999947e+00,1.822964845374022702e-02,-3.727400332831365404e-14
3.200000000000000178e+00,1.844737279419770767e-02,3.027092465579528380e-14
3.209999999999999964e+00,1.866787895100428807e-02,-8.115036420619503588e-15
3.220000000000000195e+00,1.889120338132706592e-02,-4.277828091758806295e-15
3.229999999999999982e+00,1.911738303119100285e-02,9.778636234081261591e-15
3.240000000000000213e+00,1.934645534213317447e-02,2.401377707794694061e-14
3.250000000000000000e+00,1.957845825794924874e-02,-4.047109869453890951e-14
3.260000000000000231e+00,1.981343023153351104e-02,1.677477601269572460e-14
3.270000000000000018e+00,2.005141023181373008e-02,7.202571872255703056e-15
3.280000000000000249e+00,2.029243775078228007e-02,-2.822395095414265143e-15
3.290000000000000036e+00,2.053655281062482379e-02,-2.138046684141414744e-14
3.300000000000000266e+00,2.078379597094797901e-02,2.563921297493720886e-14
3.310000000000000053e+00,2.103420833610736285e-02,-3.094226264099830814e-14
3.320000000000000284e+00,2.128783156263747839e-02,1.659609949467011347e-14
3.330000000000000071e+00,2.154470786678483463e-02,3.103593770870105573e-14
3.339999999999999858e+00,2.180488003214584719e-02,-3.218605937327367883e-14
3.350000000000000089e+00,2.206839141741097354e-02,-1.355859868823472425e-14
3.359999999999999876e+00,2.233528596421659185e-02,2.883457361768648752e-14
3.370000000000000107e+00,2.260560820510620905e-02,-2.097627627151155139e-14
3.379999999999999893e+00,2.287940327160254902e-02,2.911559882079473027e-14
3.390000000000000124e+00,2.315671690239207506e-02,-3.086420008457935182e-14
3.399999999999999911e+00,2.343759545162363289e-02,8.770761894538736669e-15
3.410000000000000142e+00,2.372208589732277204e-02,1.242755898189784602e-14
3.419999999999999929e+00,2.401023584992348706e-02,-3.747002708109903324e-15
3.430000000000000160e+00,2.430209356091901987e-02,-1.469657728847550970e-14
3.439999999999999947e+00,2.459770793163345431e-02,-2.907396545737128690e-15
3.450000000000000178e+00,2.489712852211584809e-02,1.808275751358223715e-14
3.459999999999999964e+00,2.520040556015867503e-02,1.269470639719827432e-14
3.470000000000000195e+00,2.550758995044237476e-02,-2.997255221792727298e-14
3.479999999999999982e+00,2.581873328380783136e-02,-6.526029716624748289e-15
3.490000000000000213e+00,2.613388784665862663e-02,2.158689893505538748e-14
3.500000000000000000e+00,2.645310663049497968e-02,1.794397963550409258e-14
3.510000000000000231e+00,2.677644334158126721e-02,-2.238140228705276513e-14
3.520000000000000018e+00,2.710395241074906730e-02,-1.918604164430348646e-15
3.530000000000000249e+00,2.743568900333769392e-02,3.178013407989510597e-15
3.540000000000000036e+00,2.777170902927425522e-02,-5.939693181744587491e-15
3.550000000000000266e+00,2.811206915329524797e-02,9.159339953157541458e-16
3.560000000000000053e+00,2.845682680531176276e-02,1.834296603497875822e-14
3.570000000000000284e+00,2.880604019092040946e-02,-3.437181095300445577e-14
3.580000000000000071e+00,2.915976830206210360e-02,2.611105776040290039e-14
3.589999999999999858e+00,2.951807092783085076e-02,-1.696559559505317338e-14
3.600000000000000089e+00,2.988100866543480158e-02,2.323835568418530784e-14
3.609999999999999876e+00,3.024864293131173873e-02,-3.063521658575041329e-15
3.620000000000000107e+00,3.062103597240134825e-02,-1.488045797692905126e-14
3.629999999999999893e+00,3.099825087757653377e-02,3.207156762385920956e-14
3.640000000000000124e+00,3.138035158923615370e-02,-8.405082185802825734e-14
3.649999999999999911e+00,3.176740291506159608e-02,1.130553983763604720e-13
3.660000000000000142e+00,3.215947053993952615e-02,-6.499314975094705460e-14
3.669999999999999929e+00,3.255662103805346402e-02,-1.981054209565513702e-15
3.680000000000000160e+00,3.295892188514645826e-02,1.114733305662696239e-14
3.689999999999999947e+00,3.336644147095763069e-02,7.046446759417790418e-15
3.700000000000000178e+00,3.377924911183506629e-02,-3.599204267956679359e-14
3.709999999999999964e+00,3.419741506352772659e-02,8.038014698286133353e-14
3.720000000000000195e+00,3.462101053415904406e-02,-9.430997649495509449e-14
3.729999999999999982e+00,3.505010769738501480e-02,8.865130851631874975e-14
3.740000000000000213e+00,3.548477970573939155e-02,-5.229844335374878028e-14
3.750000000000000000e+00,3.592510070416904400e-02,-3.390343561449071785e-14
3.760000000000000231e+00,3.637114584376210935e-02,6.444150768558642994e-14
3.770000000000000018e+00,3.682299129567202789e-02,-3.001765502830266996e-14
3.780000000000000249e+00,3.728071426524039861e-02,3.525651992575262739e-14
3.790000000000000036e+00,3.774439300632159711e-02,-5.482767018172296503e-14
3.800000000000000266e+00,3.821410683581236145e-02,4.447830992404533390e-14
3.810000000000000053e+00,3.868993614838934364e-02,-4.629976957382098135e-14
3.820000000000000284e+00,3.917196243145795037e-02,3.789676905618932778e-14
3.830000000000000071e+00,3.966026828031556789e-02,-1.898481372109017684e-14
3.839999999999999858e+00,4.015493741353261259e-02,2.977826318861787058e-14
3.850000000000000089e+00,4.065605468855464089e-02,-5.353356646864426693e-15
3.859999999999999876e+00,4.116370611752903641e-02,-2.440755930699367582e-14
3.870000000000000107e+00,4.167797888335968148e-02,-1.633068680284566199e-14
3.879999999999999893e+00,4.219896135599319337e-02,6.713726796725438817e-14
3.890000000000000124e+00,4.272674310894031963e-02,-8.336387136154144173e-14
3.899999999999999911e+00,4.326141493603620491e-02,4.901287709024870765e-14
3.910000000000000142e+00,4.380306886844315128e-02,2.834538159746102792e-15
3.919999999999999929e+00,4.435179819189986189e-02,1.620925615952728549e-14
3.930000000000000160e+00,4.490769746422088038e-02,-3.890637811920782951e-14
3.939999999999999947e+00,4.547086253305028525e-02,-1.036670749243739920e-14
3.950000000000000178e+00,4.604139055387360124e-02,-2.213507155346405852e-15
3.959999999999999964e+00,4.661938000829208423e-02,7.542924618242352608e-14
3.970000000000000195e+00,4.720493072256351508e-02,-5.013003900877777141e-14
3.979999999999999982e+00,4.779814388641381862e-02,1.137284710850394731e-14
3.990000000000000213e+00,4.839912207212374723e-02,-1.581026976005261986e-14
4.000000000000000000e+00,4.900796925389518804e-02,-1.724315135120946252e-14
4.009999999999999787e+00,4.962479082750149983e-02,2.165628787409445977e-14
4.020000000000000462e+00,5.024969363022652874e-02,1.206673649889467015e-14
4.030000000000000249e+00,5.088278596109699348e-02,-8.736067425019200527e-15
4.040000000000000036e+00,5.152417760141300013e-02,-1.433575480547233383e-14
4.049999999999999822e+00,5.217397983558157842e-02,1.595945597898662527e-14
4.060000000000000497e+00,5.283230547225821472e-02,-5.939693181744587491e-15
4.070000000000000284e+00,5.349926886580146784e-02,2.354366701595722589e-14
4.080000000000000071e+00,5.417498593804581652e-02,-4.871103520542874321e-14
4.089999999999999858e+00,5.485957420039806742e-02,3.566591466608315386e-15
4.099999999999999645e+00,5.555315277626265286e-02,3.658878755530281524e-14
4.110000000000000320e+00,5.625584242380139710e-02,-6.175615574477433256e-16
4.120000000000000107e+00,5.696776555903332317e-02,-2.322447789637749338e-14
4.129999999999999893e+00,5.768904627928023165e-02,-1.831867990631508292e-14
4.139999999999999680e+00,5.841981038696392875e-02,8.596595657550665237e-14
4.150000000000000355e+00,5.916018541376107109e-02,-1.173297570211673246e-13
4.160000000000000142e+00,5.991030064512178899e-02,9.491712971154697698e-14
4.169999999999999929e+00,6.067028714515816656e-02,-2.087913175685685019e-14
4.179999999999999716e+00,6.144027778190921246e-02,-6.766809335090329114e-14
4.190000000000000391e+00,6.222040725298857294e-02,1.155117668183436308e-13
4.200000000000000178e+00,6.301081211162178064e-02,-1.529956716872504785e-13
4.209999999999999964e+00,6.381163079307990149e-02,1.063454879712821821e-13
4.219999999999999751e+00,6.462300364151628285e-02,-4.252848073704740273e-14
4.230000000000000426e+00,6.544507293721386898e-02,1.230821000675064170e-13
4.240000000000000213e+00,6.627798292424999516e-02,-1.183358966372338728e-13
4.250000000000000000e+00,6.712187983858640405e-02,3.209932319947483847e-14
4.259999999999999787e+00,6.797691193659179121e-02,4.295175326518574366e-14
4.270000000000000462e+00,6.884322952400494244e-02,-8.570227860715817769e-14
4.280000000000000249e+00,6.972098498534623490e-02,1.251082570874473276e-14
4.290000000000000036e+00,7.061033281378566173e-02,3.901740042167034517e-14
4.299999999999999822e+00,7.151142964147581826e-02,-3.151645611154663129e-14
4.310000000000000497e+00,7.242443427035828718e-02,-3.221034550193735413e-14
4.320000000000000284e+00,7.334950770345216586e-02,4.905797990062410463e-14
4.330000000000000071e+00,7.428681317663371475e-02,7.781969513231956626e-14
4.339999999999999858e+00,7.523651619091628606e-02,-2.116154473874587438e-13
4.350000000000000533e+00,7.619878454523991429e-02,1.298960938811433152e-13
4.360000000000000320e+00,7.717378836978004697e-02,3.954475635836729452e-14
4.370000000000000107e+00,7.816170015978558816e-02,-3.289729599842416974e-14
4.379999999999999893e+00,7.916269480995599683e-02,1.811051308919786607e-14
4.389999999999999680e+00,8.017694964936797342e-02,6.779299344117362125e-15
4.400000000000000355e+00,8.120464447696233712e-02,-1.702110674628443121e-14
4.410000000000000142e+00,8.224596159760191871e-02,-6.902811655606910790e-14
4.419999999999999929e+00,8.330108585871165428e-02,1.208685929121600111e-13
4.429999999999999716e+00,8.437020468751228741e-02,-1.557851070366211843e-13
4.440000000000000391e+00,8.545350812885954550e-02,5.153516502431898516e-14
4.450000000000000178e+00,8.655118888370057217e-02,1.349406697492838703e-13
4.459999999999999964e+00,8.766344234816030034e-02,-7.434330928646204484e-14
4.469999999999999751e+00,8.879046665327025578e-02,-5.413725023828419580e-14
4.480000000000000426e+00,8.993246270535279474e-02,2.271793864139226571e-14
4.490000000000000213e+00,9.108963422707429258e-02,-7.674416657721394586e-15
4.500000000000000000e+00,9.226218779918095303e-02,-1.454392162258955068e-14
4.509999999999999787e+00,9.345033290293132400e-02,4.093947403305264743e-15
4.520000000000000462e+00,9.465428196324006394e-02,3.260586245446006615e-14
4.530000000000000249e+00,9.587425039254784953e-02,-8.507083926190261991e-15
4.540000000000000036e+00,9.711045663543274586e-02,9.401507350403903729e-14
4.549999999999999822e+00,9.836312221397874866e-02,-1.876623856311709915e-13
4.560000000000000497e+00,9.963247177391779119e-02,1.924710391065787007e-13
4.570000000000000284e+00,1.009187331315616332e-01,-1.787389680707462958e-13
4.580000000000000071e+00,1.022221373215411594e-01,1.644101521591778692e-13
4.589999999999999858e+00,1.035429186453701716e-01,-9.178074966698090975e-14
4.600000000000000533e+00,1.048813147208523672e-01,-1.290634266126744478e-15
4.610000000000000320e+00,1.062375665323496560e-01,4.600486658290492414e-15
4.620000000000000107e+00,1.076119184819313845e-01,1.206673649889467015e-14
4.629999999999999893e+00,1.090046184414240477e-01,-6.235983951441426143e-14
4.639999999999999680e+00,1.104159178053819163e-01,7.838174553853605175e-14
4.650000000000000355e+00,1.118460715449994952e-01,-7.011058400507863553e-14
4.660000000000000142e+00,1.132953382629875300e-01,8.744394097703889202e-14
4.669999999999999929e+00,1.147639802494346273e-01,-2.442490654175344389e-14
4.679999999999999716e+00,1.162522635386776526e-01,-1.477984401532239644e-14
4.690000000000000391e+00,1.177604579672043295e-01,-4.478362125581725195e-14
4.700000000000000178e+00,1.192888372326125629e-01,9.860168237452171525e-14
4.709999999999999964e+00,1.208376789536515228e-01,-6.049327705426321700e-14
4.719999999999999751e+00,1.224072647313705076e-01,-6.245004513516505540e-16
4.730000000000000426e+00,1.239978802114021506e-01,1.573602359528081251e-13
4.740000000000000213e+00,1.256098151474077107e-01,1.373345881461318641e-13
4.750000000000000000e+00,1.272433634657128554e-01,-3.594347042223944300e-14
4.759999999999999787e+00,1.288988233311632592e-01,1.805361415918582679e-13
4.770000000000000462e+00,1.305764972142303137e-01,-1.725147802389415119e-13
4.780000000000000249e+00,1.322766919593984514e-01,-7.512046540369965442e-14
4.790000000000000036e+00,1.339997188548660567e-01,8.075484725367232386e-14
4.799999999999999822e+00,1.357458937035936897e-01,1.559863349598344939e-14
4.810000000000000497e+00,1.375155368957339530e-01,5.452582829690300059e-14
4.820000000000000284e+00,1.393089734824785875e-01,-7.882583474838611437e-14
4.830000000000000071e+00,1.411265332513597370e-01,-9.191258865115514709e-14
4.839999999999999858e+00,1.429685508030433261e-01,1.948857741851384162e-13
4.850000000000000533e+00,1.448353656296539616e-01,-7.359390874484006417e-14
4.860000000000000320e+00,1.467273221946721329e-01,-7.967237980466279623e-14
4.870000000000000107e+00,1.486447700144455097e-01,1.151578832292443622e-13
4.879999999999999893e+00,1.505880637413581080e-01,-1.750266598321559286e-13
4.889999999999999680e+00,1.525575632487023159e-01,3.038264084764819017e-13
4.900000000000000355e+00,1.545536337173001040e-01,-3.113759250439329662e-13
4.910000000000000142e+00,1.565766457239221310e-01,1.378619440828288134e-13
4.919999999999999929e+00,1.586269753315539266e-01,8.874845303097345095e-14
4.929999999999999716e+00,1.607050041815615837e-01,-1.769140389740186947e-13
4.940000000000000391e+00,1.628111195878098882e-01,2.834399381868024648e-13
4.950000000000000178e+00,1.649457146327883983e-01,-2.130101650621440967e-13
4.959999999999999964e+00,1.671091882658031769e-01,1.286470929784400141e-14
4.969999999999999751e+00,1.693019454032930193e-01,-9.924006061368118026e-14
4.980000000000000426e+00,1.715243970313323763e-01,2.751410210777294196e-13
4.990000000000000213e+00,1.737769603103843374e-01,-4.143907439413396787e-13
5.000000000000000000e+00,1.760600586823702629e-01,3.962385974887183693e-13
5.009999999999999787e+00,1.783301948197741071e-01,-2.394473508360306369e-13
5.020000000000000462e+00,1.805874032060852119e-01,2.305378110634137556e-13
5.030000000000000249e+00,1.828317186565701080e-01,-3.594347042223944300e-13
5.040000000000000036e+00,1.850631763163937127e-01,3.333999742949345091e-13
5.049999999999999822e+00,1.872818116585865666e-01,-4.862776847858185647e-14
5.060000000000000497e+00,1.894876604818639954e-01,-1.962180418146886041e-13
5.070000000000000284e+00,1.916807589083012464e-01,2.897959650027814860e-13
5.080000000000000071e+00,1.938611433808698770e-01,-2.630257123215073989e-13
5.089999999999999858e+00,1.960288506608402481e-01,7.244205235679146426e-15
5.100000000000000533e+00,1.981839178250542344e-01,2.673694599053533238e-13
5.110000000000000320e+00,2.003263822630733659e-01,-2.630534678971230278e-13
5.120000000000000107e+00,2.024562816742066507e-01,-3.691491556878645497e-15
5.129999999999999893e+00,2.045736540644222945e-01,1.809247196504770727e-13
5.139999999999999680e+00,2.066785377431481774e-01,5.460909502374988733e-14
5.150000000000000355e+00,2.087709713199650818e-01,-1.290217932492510045e-13
5.160000000000000142e+00,2.108509937011969204e-01,-2.051969705263445576e-13
5.169999999999999929e+00,2.129186440864021812e-01,2.751132655021137907e-13
5.179999999999999716e+00,2.149739619647706435e-01,-2.385314168407148827e-13
5.190000000000000391e+00,2.170169871114296101e-01,3.241573676149300809e-13
5.200000000000000178e+00,2.190477595836630431e-01,-2.006728117009970447e-13
5.209999999999999964e+00,2.210663197170482652e-01,1.661032422717312329e-13
5.219999999999999751e+00,2.230727081215131968e-01,-3.145539384519224768e-13
5.230000000000000426e+00,2.250669656773186533e-01,1.664363091791187799e-13
5.240000000000000213e+00,2.270491335309686443e-01,-5.598299601672351855e-14
5.250000000000000000e+00,2.290192530910529767e-01,3.271827253570336325e-13
5.259999999999999787e+00,2.309773660240250492e-01,-2.896155537612798980e-13
5.270000000000000462e+00,2.329235142499188893e-01,5.533073998975623908e-14
5.280000000000000249e+00,2.348577399380081809e-01,-6.697420396051256830e-14
5.290000000000000036e+00,2.367800855024113083e-01,-5.898059818321144121e-14
5.299999999999999822e+00,2.386905935976451343e-01,2.475381011279864651e-13
5.310000000000000497e+00,2.405893071141309569e-01,-3.076844334870543207e-13
5.320000000000000284e+00,2.424762691736558617e-01,3.478051180394459152e-13
5.330000000000000071e+00,2.443515231247920805e-01,-2.303018886706809099e-13
5.339999999999999858e+00,2.462151125382781303e-01,9.323097849289752048e-14
5.350000000000000533e+00,2.480670812023637595e-01,-1.592614928824787057e-13
5.360000000000000320e+00,2.499074731181223918e-01,8.144873664406304670e-14
5.370000000000000107e+00,2.517363324947332615e-01,2.539912724586201875e-13
5.379999999999999893e+00,2.535537037447364028e-01,-5.312833506465608480e-13
5.389999999999999680e+00,2.553596314792630495e-01,2.573080637446878427e-13
5.400000000000000355e+00,2.571541605032436895e-01,4.647671136837061567e-14
5.410000000000000142e+00,2.589373358105971912e-01,6.948608355372698497e-14
5.419999999999999929e+00,2.607092025794026102e-01,-1.914163272331848020e-13
5.429999999999999716e+00,2.624698061670566740e-01,2.777222896099829086e-13
5.440000000000000391e+00,2.642191921054189985e-01,5.719036355600337629e-14
5.450000000000000178e+00,2.659574060959477571e-01,-3.693156891415583232e-13
5.459999999999999964e+00,2.676844940048276333e-01,1.588729148238599009e-13
5.469999999999999751e+00,2.694005018580923894e-01,1.150468609267818465e-14
5.480000000000000426e+00,2.711054758367445472e-01,1.794883686123682764e-13
5.490000000000000213e+00,2.727994622718737383e-01,-3.032227247068419729e-13
5.500000000000000000e+00,2.744825076397762187e-01,-4.884981308350688778e-14
5.509999999999999787e+00,2.761546585570771040e-01,1.262254190059763914e-13
5.520000000000000462e+00,2.778159617758577116e-01,-1.231376112187376748e-13
5.530000000000000249e+00,2.794664641787896198e-01,3.730349362740525976e-13
5.540000000000000036e+00,2.811062127742771644e-01,-1.798908244587948957e-13
5.549999999999999822e+00,2.827352546916105935e-01,1.256009185546247409e-13
5.560000000000000497e+00,2.843536371761309356e-01,-2.653918751427397638e-13
5.570000000000000284e+00,2.859614075844089665e-01,-1.599900767423889647e-13
5.580000000000000071e+00,2.875586133794392762e-01,6.663142260165955122e-13
5.589999999999999858e+00,2.891453021258513778e-01,-5.237893452303410413e-13
5.600000000000000533e+00,2.907215214851395779e-01,3.230263279085932027e-13
5.610000000000000320e+00,2.922873192109121110e-01,-5.487554854965992490e-13
5.620000000000000107e+00,2.938427431441624216e-01,2.071537386072463960e-13
5.629999999999999893e+00,2.953878412085624849e-01,2.930850007132335122e-13
5.639999999999999680e+00,2.969226614057807745e-01,2.109215579970680210e-13
5.650000000000000355e+00,2.984472518108253203e-01,-3.888903088444806144e-13
5.660000000000000142e+00,2.999616605674134684e-01,-1.376052050083842460e-13
5.669999999999999929e+00,3.014659358833692848e-01,8.127526429646536599e-14
5.679999999999999716e+00,3.029601260260501583e-01,-4.878042414446781549e-14
5.690000000000000391e+00,3.044442793178034345e-01,4.652042639996523121e-13
5.700000000000000178e+00,3.059184441314540814e-01,-7.454523109906574518e-13
5.709999999999999964e+00,3.073826688858248835e-01,5.114728085509057109e-13
5.719999999999999751e+00,3.088370020412891659e-01,8.115730310009894310e-14
5.730000000000000426e+00,3.102814920953584910e-01,-4.164515954308001255e-13
5.740000000000000213e+00,3.117161875783048264e-01,1.821598427653725594e-13
5.750000000000000000e+00,3.131411370488186852e-01,4.030040190450279169e-13
5.759999999999999787e+00,3.145563890897042914e-01,-3.067199272344112160e-13
5.770000000000000462e+00,3.159619923036122158e-01,-3.876066134722577772e-14
5.780000000000000249e+00,3.173579953088100924e-01,9.248851684517944705e-14
5.790000000000000036e+00,3.187444467349926924e-01,-4.485786742058905929e-13
5.799999999999999822e+00,3.201213952191316880e-01,5.405259573265652762e-13
5.810000000000000497e+00,3.214888894013655518e-01,-1.777814007120070983e-13
5.820000000000000284e+00,3.228469779209310331e-01,-3.540917559163858641e-13
5.830000000000000071e+00,3.241957094121357130e-01,5.963146643139793923e-13
5.839999999999999858e+00,3.255351325003729146e-01,-3.380282165288406304e-13
5.850000000000000533e+00,3.268652957981796892e-01,2.217115380176437611e-13
5.860000000000000320e+00,3.281862479013373801e-01,7.604333829291931579e-14
5.870000000000000107e+00,3.294980373850164290e-01,-2.839811719113072286e-13
5.879999999999999893e+00,3.308007127999650354e-01,-2.346456362545268348e-13
5.889999999999999680e+00,3.320943226687423366e-01,3.548827898214312881e-13
5.900000000000000355e+00,3.333789154819965517e-01,2.178465741131674349e-13
5.910000000000000142e+00,3.346545396947885331e-01,-5.960648641334387321e-13
5.919999999999999929e+00,3.359212437229607828e-01,6.259229246019515358e-13
5.929999999999999716e+00,3.371790759395520976e-01,-2.126354647913331064e-13
5.940000000000000391e+00,3.384280846712590662e-01,-4.194769531729036771e-13
5.950000000000000178e+00,3.396683181949433084e-01,6.417713582784756454e-13
5.959999999999999964e+00,3.408998247341855636e-01,-3.342812138207307271e-13
5.969999999999999751e+00,3.421226524558870219e-01,6.779993233507752848e-14
5.980000000000000426e+00,3.433368494669170046e-01,-3.436695372727172071e-13
5.990000000000000213e+00,3.445424638108083859e-01,2.822950206926577721e-13
6.000000000000000000e+00,3.457395434644999210e-01,6.727257639838057912e-14
6.009999999999999787e+00,3.469281363351263692e-01,-1.489502965412725644e-13
6.020000000000000462e+00,3.481082902568558568e-01,2.449429548079251617e-15
6.030000000000000249e+00,3.492800529877748694e-01,3.555350458483985676e-13
6.040000000000000036e+00,3.504434722068209274e-01,-4.921063556651006365e-14
6.049999999999999822e+00,3.515985955107630012e-01,-6.336944857743276316e-13
6.060000000000000497e+00,3.527454704112294448e-01,6.484882075774578425e-13
6.070000000000000284e+00,3.538841443317834456e-01,-1.649166914141630969e-13
6.080000000000000071e+00,3.550146646050467147e-01,-1.467784227493496019e-13
6.089999999999999858e+00,3.561370784698700831e-01,-6.204758928873843615e-14
6.100000000000000533e+00,3.572514330685520045e-01,4.211700432854570408e-13
6.110000000000000320e+00,3.583577754441044094e-01,-4.066885717080026552e-13
6.120000000000000107e+00,3.594561525375661315e-01,4.093392291792952165e-13
6.129999999999999893e+00,3.605466111853631306e-01,-7.249964517619389426e-13
6.140000000000000568e+00,3.616291981167165104e-01,7.851566619088146126e-13
6.150000000000000355e+00,3.627039599510967216e-01,-4.346939475041722289e-13
6.160000000000000142e+00,3.637709431957256156e-01,2.843558721821182189e-13
6.169999999999999929e+00,3.648301942431241840e-01,-2.074174165755948707e-13
6.179999999999999716e+00,3.658817593687075931e-01,-3.436209650153898565e-13
6.190000000000000391e+00,3.669256847284260714e-01,8.193862255367889702e-13
6.200000000000000178e+00,3.679620163564519819e-01,-7.591358097691625062e-13
6.209999999999999964e+00,3.689908001629133016e-01,3.110359192426415120e-13
6.219999999999999751e+00,3.700120819316718435e-01,-1.568398189100150830e-13
6.230000000000000426e+00,3.710259073181478851e-01,4.836964162535650757e-13
6.240000000000000213e+00,3.720323218471893179e-01,-2.821284872389639986e-13
6.250000000000000000e+00,3.730313709109862597e-01,-2.036565360796771529e-14
6.259999999999999787e+00,3.740230997670298541e-01,-2.035385748833107300e-13
6.270000000000000462e+00,3.750075535361158674e-01,3.842134943532471425e-13
6.280000000000000249e+00,3.759847772003921396e-01,-6.108551164896169894e-13
6.290000000000000036e+00,3.769548156014502216e-01,6.515447903421289766e-13
6.299999999999999822e+00,3.779177134384599235e-01,1.375288771754412664e-14
6.310000000000000497e+00,3.788735152663478822e-01,-6.364110627377073115e-13
6.320000000000000284e+00,3.798222654940184295e-01,6.345514391714601743e-13
6.330000000000000071e+00,3.807640083826170363e-01,-2.815594979388436059e-13
6.339999999999999858e+00,3.816987880438366121e-01,-2.468303339497879278e-13
6.350000000000000533e+00,3.826266484382649935e-01,4.827596655765375999e-13
6.360000000000000320e+00,3.835476333737743437e-01,-2.434580315124890149e-13
6.370000000000000107e+00,3.844617865039519633e-01,-1.889113865338742926e-14
6.379999999999999893e+00,3.853691513265715129e-01,8.384959393481494772e-14
6.390000000000000568e+00,3.862697711821050928e-01,1.889773060259614113e-13
6.400000000000000355e+00,3.871636892522753448e-01,-4.108380302625391778e-13
6.410000000000000142e+00,3.880509485586474128e-01,2.264195775314448156e-13
6.419999999999999929e+00,3.889315919612600370e-01,1.343404554265958950e-13
6.429999999999999716e+00,3.898056621572960623e-01,-3.913327994986559588e-13
6.440000000000000391e+00,3.906732016797913598e-01,1.328659404720156090e-13
6.450000000000000178e+00,3.915342528963818847e-01,-6.932301954698516511e-14
6.459999999999999964e+00,3.923888580080889255e-01,5.930117508157195516e-13
6.469999999999999751e+00,3.932370590481414907e-01,-7.587958039678710520e-13
6.480000000000000426e+00,3.940788978808362208e-01,6.543758590549231258e-13
6.490000000000000213e+00,3.949144162004332159e-01,-6.125135121326508170e-13
6.500000000000000000e+00,3.957436555300891667e-01,1.742356259271105046e-13
6.509999999999999787e+00,3.965666572208253471e-01,1.101202462550077144e-14
6.520000000000000462e+00,3.973834624505318547e-01,1.902054902469529907e-13
6.530000000000000249e+00,3.981941122230064911e-01,8.045647481580431304e-15
6.540000000000000036e+00,3.989986473670285028e-01,-1.092563539639712644e-13
6.549999999999999822e+00,3.997971085354664611e-01,7.083569841803694089e-14
6.560000000000000497e+00,4.005895362044200048e-01,-1.943722960362492813e-13
6.570000000000000284e+00,4.013759706723951104e-01,4.770073225301985076e-13
6.580000000000000071e+00,4.021564520595121706e-01,-7.567835247357379558e-13
6.589999999999999858e+00,4.029310203067471008e-01,4.575922973870660826e-13
6.600000000000000533e+00,4.036997151752039215e-01,-1.228184220991579423e-13
6.610000000000000320e+00,4.044625762454199802e-01,5.121111867900651760e-13
6.620000000000000107e+00,4.052196429167018166e-01,-9.423538338548809179e-13
6.629999999999999893e+00,4.059709544064926123e-01,6.409942021612380358e-13
6.640000000000000568e+00,4.067165497497693405e-01,2.589282954712501805e-13
6.650000000000000355e+00,4.074564677984710559e-01,-8.105599524910189757e-13
6.660000000000000142e+00,4.081907472209562737e-01,3.331224185387782200e-13
6.669999999999999929e+00,4.089194265014894913e-01,2.123960729516483070e-13
6.679999999999999716e+00,4.096425439397572421e-01,-1.417928274793922583e-13
6.690000000000000391e+00,4.103601376504121823e-01,1.730837695390619047e-13
6.700000000000000178e+00,4.110722455626452665e-01,-4.843764278561479841e-13
6.709999999999999964e+00,4.117789054197858456e-01,7.416220415557006618e-13
6.719999999999999751e+00,4.124801547789285761e-01,-6.221030635078506066e-13
6.730000000000000426e+00,4.131760310105879186e-01,1.290287321431549117e-13
6.740000000000000213e+00,4.138665712983781719e-01,9.270015310924861751e-14
6.750000000000000000e+00,4.145518126387203184e-01,2.951701383313576343e-13
6.759999999999999787e+00,4.152317918405741271e-01,-5.109558609550646224e-13
6.770000000000000462e+00,4.159065455251957366e-01,1.822327011513635853e-13
6.780000000000000249e+00,4.165761101259197186e-01,2.502477391974622378e-13
6.790000000000000036e+00,4.172405218879660649e-01,-4.451092272539369787e-13
6.799999999999999822e+00,4.178998168682710457e-01,-6.729686252704425442e-14
6.810000000000000497e+00,4.185540309353415478e-01,7.584939620830510876e-13
6.820000000000000284e+00,4.192031997691329503e-01,-4.777046813675411840e-13
6.830000000000000071e+00,4.198473588609500928e-01,-3.409529603093375272e-13
6.839999999999999858e+00,4.204865435133701701e-01,6.362514681779174452e-13
6.850000000000000533e+00,4.211207888401881649e-01,-2.878357274749276939e-13
6.860000000000000320e+00,4.217501297663842630e-01,-1.594557819117881081e-13
6.870000000000000107e+00,4.223746010281120844e-01,-1.647779135360849523e-13
6.879999999999999893e+00,4.229942371727083428e-01,6.551113818087372920e-13
6.890000000000000568e+00,4.236090725587229322e-01,-4.953051857548018688e-13
6.900000000000000355e+00,4.242191413559696644e-01,6.762299054052789415e-14
6.910000000000000142e+00,4.248244775455962685e-01,5.738465258531277868e-15
6.919999999999999929e+00,4.254251149201745408e-01,1.320055176279311127e-13
6.929999999999999716e+00,4.260210870838093689e-01,2.976924262654279119e-13
6.940000000000000391e+00,4.266124274522666848e-01,-2.550598621198219007e-13
6.950000000000000178e+00,4.271991692531199591e-01,-2.854383396311277465e-13
6.959999999999999964e+00,4.277813455259146247e-01,-2.290528877679776087e-14
6.969999999999999751e+00,4.283589891223504309e-01,3.882727472870328711e-13
6.980000000000000426e+00,4.289321327064812284e-01,-2.990940828340171720e-13
6.990000000000000213e+00,4.295008087549319620e-01,-3.564509798437143218e-14
7.000000000000000000e+00,4.300650495571320953e-01,4.062999936493838504e-13
7.009999999999999787e+00,4.306248872155657437e-01,-3.319462760220659447e-13
7.020000000000000462e+00,4.311803536460379616e-01,3.025080186347395284e-13
7.030000000000000249e+00,4.317314805779564058e-01,-5.800672442379806171e-13
7.040000000000000036e+00,4.322782995546289864e-01,4.647081330855229453e-13
7.049999999999999822e+00,4.328208419335760060e-01,4.291358934871425390e-14
7.060000000000000497e+00,4.333591388868577865e-01,-2.384047820269685758e-13
7.070000000000000284e+00,4.338932214014162847e-01,3.461536612903159948e-13
7.080000000000000071e+00,4.344231202794309743e-01,-3.339013093794918063e-13
7.089999999999999858e+00,4.349488661386888833e-01,2.390847936295514842e-13
7.100000000000000533e+00,4.354704894129677317e-01,-4.426632671528096807e-13
7.110000000000000320e+00,4.359880203524328368e-01,4.327684044458379731e-13
7.120000000000000107e+00,4.365014890240464518e-01,-2.746761151861676353e-13
7.129999999999999893e+00,4.370109253119903725e-01,-1.345173972211455293e-13
7.140000000000000568e+00,4.375163589181003676e-01,4.306797973807618973e-13
7.150000000000000355e+00,4.380178193623129879e-01,-2.615251765147874607e-13
7.160000000000000142e+00,4.385153359831243103e-01,3.693798739101694650e-13
7.169999999999999929e+00,4.390089379380597845e-01,-2.697946033247689002e-13
7.179999999999999716e+00,4.394986542041558475e-01,8.108444471410791721e-14
7.190000000000000391e+00,4.399845135784520300e-01,-2.755885797345314359e-13
7.200000000000000178e+00,4.404665446784941651e-01,3.237878715145470210e-13
7.209999999999999964e+00,4.409447759428476998e-01,-1.757153450521187210e-13
7.219999999999999751e+00,4.414192356316215538e-01,-1.601687532604145758e-13
7.230000000000000426e+00,4.418899518270015259e-01,3.094382389212668727e-13
7.240000000000000213e+00,4.423569524337935266e-01,-2.687225442166152334e-13
7.250000000000000000e+00,4.428202651799763578e-01,4.337398495923849850e-13
7.259999999999999787e+00,4.432799176172632638e-01,-5.583693230004627139e-13
7.270000000000000462e+00,4.437359371216729187e-01,4.740530884506100051e-13
7.280000000000000249e+00,4.441883508941084080e-01,-1.179143588325715086e-13
7.290000000000000036e+00,4.446371859609453692e-01,-1.811103350624065911e-13
7.299999999999999822e+00,4.450824691746277373e-01,3.557518862828956685e-13
7.310000000000000497e+00,4.455242272142716509e-01,-6.087300802315454007e-13
7.320000000000000284e+00,4.459624865862772958e-01,3.753820171370492176e-13
7.330000000000000071e+00,4.463972736249476880e-01,7.539628643637996674e-14
7.339999999999999858e+00,4.468286144931153947e-01,-3.124393105347067490e-13
7.350000000000000533e+00,4.472565351827758606e-01,4.466461922536524298e-13
7.360000000000000320e+00,4.476810615157275630e-01,-1.887292405688967278e-13
7.370000000000000107e+00,4.481022191442191605e-01,-1.001698723968047489e-13
7.379999999999999893e+00,4.485200335516025816e-01,-1.394526855102995455e-13
7.390000000000000568e+00,4.489345300529926086e-01,4.812417825350578937e-13
7.400000000000000355e+00,4.493457337959322895e-01,-5.111883139008455146e-14
7.410000000000000142e+00,4.497536697610644008e-01,-3.658774672121722915e-13
7.419999999999999929e+00,4.501583627628081841e-01,-8.347662838747993419e-14
7.429999999999999716e+00,4.505598374500415781e-01,4.759023036760012815e-13
7.440000000000000391e+00,4.509581183067887244e-01,-4.970711342533462584e-13
7.450000000000000178e+00,4.513532296529126353e-01,1.639105517980965487e-13
7.459999999999999964e+00,4.517451956448121919e-01,4.366958183954494643e-13
7.469999999999999751e+00,4.521340402761243049e-01,-3.753039545806302613e-13
7.480000000000000426e+00,4.525197873784304048e-01,-8.498063364115182594e-14
7.490000000000000213e+00,4.529024606219669291e-01,1.875669758399922671e-13
7.500000000000000000e+00,4.532820835163402506e-01,-1.580645336840547088e-13
7.509999999999999787e+00,4.536586794112454912e-01,-1.162420854017298666e-13
7.520000000000000462e+00,4.540322714971889440e-01,1.512106412304703440e-13
7.530000000000000249e+00,4.544028828062142145e-01,4.531479358416135028e-13
7.540000000000000036e+00,4.547705362126318041e-01,-4.854606300286334886e-13
7.549999999999999822e+00,4.551352544337520789e-01,6.116808448641819496e-14
7.560000000000000497e+00,4.554970600306209594e-01,4.849072532397968871e-14
7.570000000000000284e+00,4.558559754087590510e-01,1.411891437097523294e-14
7.580000000000000071e+00,4.562120228189033289e-01,-8.475165014232288740e-14
7.589999999999999858e+00,4.565652243577515423e-01,-1.249226416755178093e-13
7.600000000000000533e+00,4.569156019687091175e-01,-1.542585503777615941e-13
7.610000000000000320e+00,4.572631774426384466e-01,4.078317544786713711e-13
7.620000000000000107e+00,4.576079724186103426e-01,2.627533607357790402e-13
7.629999999999999893e+00,4.579500083846577696e-01,-6.978549682568058188e-13
7.640000000000000568e+00,4.582893066785314051e-01,5.989063411870887421e-13
7.650000000000000355e+00,4.586258884884567011e-01,-3.563521006055836438e-13
7.660000000000000142e+00,4.589597748538933875e-01,2.581580782479164782e-13
7.669999999999999929e+00,4.592909866662956975e-01,-5.524157520309103120e-13
7.679999999999999716e+00,4.596195446698747022e-01,5.847891615395894860e-13
7.690000000000000391e+00,4.599454694623613116e-01,-2.734965032225034065e-14
7.700000000000000178e+00,4.602687814957711621e-01,-4.807560599617843877e-13
7.709999999999999964e+00,4.605895010771700049e-01,5.706025929530511576e-13
7.719999999999999751e+00,4.609076483694400928e-01,-5.820864623640176205e-13
7.730000000000000426e+00,4.612232433920478991e-01,6.024729326536970575e-13
7.740000000000000213e+00,4.615363060218117264e-01,-2.935412329874154125e-13
7.750000000000000000e+00,4.618468559936708129e-01,2.733056836401459577e-14
7.759999999999999787e+00,4.621549129014541624e-01,-1.422351819657663441e-13
7.770000000000000462e+00,4.624604961986502616e-01,3.202559745174582417e-13
7.780000000000000249e+00,4.627636251991767979e-01,-9.686175472811697773e-14
7.790000000000000036e+00,4.630643190781508212e-01,-4.354971244735494906e-13
7.799999999999999822e+00,4.633625968726587385e-01,6.439657834755863064e-13
7.810000000000000497e+00,4.636584774825262545e-01,-5.452400683725322494e-13
7.820000000000000284e+00,4.639519796710886990e-01,2.244506663862111395e-13
7.830000000000000071e+00,4.642431220659603563e-01,2.973628288049923185e-13
7.839999999999999858e+00,4.645319231598041831e-01,-2.248331729126640255e-13
7.850000000000000533e+00,4.648184013111008595e-01,-4.706105297125340314e-13
7.860000000000000320e+00,4.651025747449172854e-01,8.951563448822419389e-13
7.870000000000000107e+00,4.653844615536744667e-01,-7.307071614448545915e-13
7.879999999999999893e+00,4.656640796979153452e-01,4.993973984346311568e-13
7.890000000000000568e+00,4.659414470070708525e-01,-4.629057553939830427e-13
7.900000000000000355e+00,4.662165811802262416e-01,1.859554177308098133e-13
7.910000000000000142e+00,4.664894997868856419e-01,-9.924786686932307589e-14
7.919999999999999929e+00,4.667602202677362810e-01,1.335624319476202970e-13
7.930000000000000604e+00,4.670287599354112640e-01,4.875440329232816339e-14
7.940000000000000391e+00,4.672951359752514633e-01,2.441415125620238769e-13
7.950000000000000178e+00,4.675593654460660775e-01,-7.273782270944550987e-13
7.959999999999999964e+00,4.678214652808921348e-01,7.323013723192772773e-13
7.969999999999999751e+00,4.680814522877521644e-01,-1.743986899338523244e-13
7.980000000000000426e+00,4.683393431504113136e-01,-8.506129828278474747e-14
7.990000000000000213e+00,4.685951544291321880e-01,-3.224686143110666592e-13
8.000000000000000000e+00,4.688489025614286376e-01,2.530614606754966189e-13
8.009999999999999787e+00,4.691006038628177111e-01,1.967818269443810664e-13
8.019999999999999574e+00,4.693502745275702215e-01,-1.158821302804646791e-13
8.029999999999999361e+00,4.695979306294594258e-01,-1.727689172281721142e-13
8.040000000000000924e+00,4.698435881225079269e-01,1.137666350015109629e-13
8.050000000000000711e+00,4.700872628417328003e-01,-1.411882763480143410e-13
8.060000000000000497e+00,4.703289705038889434e-01,4.615231807836295275e-15
8.070000000000000284e+00,4.705687267082103165e-01,5.831706645365031250e-13
8.080000000000000071e+00,4.708065469371492950e-01,-3.464962691768214142e-13
8.089999999999999858e+00,4.710424465571141917e-01,-5.246992076934908766e-13
8.099999999999999645e+00,4.712764408192042787e-01,4.835229439059673950e-13
8.109999999999999432e+00,4.715085448599428686e-01,2.635842932807719308e-13
8.120000000000000995e+00,4.717387737020085070e-01,-2.374177243691377726e-13
8.130000000000000782e+00,4.719671422549636119e-01,-4.759612842741844929e-13
8.140000000000000568e+00,4.721936653159808928e-01,3.723956906731551442e-13
8.150000000000000355e+00,4.724183575705674376e-01,2.209569333055938500e-13
8.160000000000000142e+00,4.726412335932867470e-01,-2.229336507064694217e-13
8.169999999999999929e+00,4.728623078484781028e-01,-6.387078366199006041e-14
8.179999999999999716e+00,4.730815946909734948e-01,2.927068309954705683e-13
8.189999999999999503e+00,4.732991083668122156e-01,-1.173722577463287564e-13
8.199999999999999289e+00,4.735148630139530135e-01,-3.941326431888825255e-13
8.210000000000000853e+00,4.737288726629835245e-01,2.199386506251954643e-13
8.220000000000000639e+00,4.739411512378271518e-01,3.395695183372460235e-13
8.230000000000000426e+00,4.741517125564475577e-01,-5.557056551031003266e-13
8.240000000000000213e+00,4.743605703315504352e-01,3.483914545743260760e-13
8.250000000000000000e+00,4.745677381712822829e-01,1.542082433969582667e-14
8.259999999999999787e+00,4.747732295799270696e-01,-1.864931820083626235e-13
8.269999999999999574e+00,4.749770579585997354e-01,2.434762461089867713e-13
8.279999999999999361e+00,4.751792366059370276e-01,1.102763713678456270e-13
8.290000000000000924e+00,4.753797787187857282e-01,-4.071395998117566251e-13
8.300000000000000711e+00,4.755786973928879391e-01,5.518250786873402092e-13
8.310000000000000497e+00,4.757760056235633694e-01,-3.778071605564647939e-13
8.320000000000000284e+00,4.759717163063892920e-01,-3.605189063948799344e-13
8.330000000000000071e+00,4.761658422378770017e-01,5.383983189832797223e-13
8.339999999999999858e+00,4.763583961161456659e-01,-3.132398854188700454e-13
8.349999999999999645e+00,4.765493905415935094e-01,9.985068327722501635e-15
8.359999999999999432e+00,4.767388380175655027e-01,3.584736674167032788e-13
8.370000000000000995e+00,4.769267509510184966e-01,-2.450791306007893411e-13
8.380000000000000782e+00,4.771131416531833591e-01,-7.383850475495279397e-15
8.390000000000000568e+00,4.772980223402238376e-01,-8.859753208856346873e-14
8.400000000000000355e+00,4.774814051338927001e-01,2.276104651977028936e-13
8.410000000000000142e+00,4.776633020621846581e-01,4.659553992647502696e-14
8.419999999999999929e+00,4.778437250599864017e-01,-5.116723017506430438e-13
8.429999999999999716e+00,4.780226859697234709e-01,6.590830312069861918e-13
8.439999999999999503e+00,4.782001965420038525e-01,-2.594461104288292574e-13
8.449999999999999289e+00,4.783762684362590778e-01,-3.689305805298914720e-13
8.460000000000000853e+00,4.785509132213815464e-01,3.926624650429921815e-13
8.470000000000000639e+00,4.787241423763590187e-01,2.423183181887722526e-13
8.480000000000000426e+00,4.788959672909061660e-01,-6.689050355279668736e-13
8.490000000000000213e+00,4.790663992660927906e-01,7.600014367836749329e-13
8.500000000000000000e+00,4.792354495149686033e-01,-6.223233733892996611e-13
8.509999999999999787e+00,4.794031291631856706e-01,1.407120947538587075e-14
8.519999999999999574e+00,4.795694492496166972e-01,1.938965481229626420e-13
8.529999999999999361e+00,4.797344207269708671e-01,4.816329626788906637e-14
8.540000000000000924e+00,4.798980544624062428e-01,2.822134886892868622e-14
8.550000000000000711e+00,4.800603612381389440e-01,2.875685800596272657e-13
8.560000000000000497e+00,4.802213517520491637e-01,-4.879447540462322763e-13
8.570000000000000284e+00,4.803810366182841296e-01,-1.334167151756382452e-13
8.580000000000000071e+00,4.805394263678575140e-01,2.876271269769414829e-13
8.589999999999999858e+00,4.806965314492459562e-01,3.250689648015558930e-13
8.599999999999999645e+00,4.808523622289823107e-01,-4.477876403008451689e-13
8.609999999999999432e+00,4.810069289922456748e-01,3.140690832403869592e-13
8.620000000000000995e+00,4.811602419434479194e-01,-6.281767640781144024e-13
8.630000000000000782e+00,4.813123112068175558e-01,6.518331881200101208e-13
8.640000000000000568e+00,4.814631468269796599e-01,-3.148726938906332151e-13
8.650000000000000355e+00,4.816127587695334111e-01,2.497477051555119232e-13
8.660000000000000142e+00,4.817611569216255774e-01,-6.221100024017545138e-13
8.669999999999999929e+00,4.819083510925214475e-01,6.765989678247930073e-13
8.679999999999999716e+00,4.820543510141718779e-01,-1.043986945503672104e-13
8.689999999999999503e+00,4.821991663417778962e-01,-7.843942509411228059e-14
8.700000000000001066e+00,4.823428066543513637e-01,-3.097179630817681328e-13
8.710000000000000853e+00,4.824852814552728075e-01,3.060034864388327946e-13
8.720000000000000639e+00,4.826266001728458099e-01,6.373287314564990425e-14
8.730000000000000426e+00,4.827667721608484563e-01,2.331728560234225256e-14
8.740000000000000213e+00,4.829058066990812859e-01,-4.033427238037123885e-13
8.750000000000000000e+00,4.830437129939121887e-01,4.647181077455098119e-13
8.759999999999999787e+00,4.831805001788178622e-01,-5.207292930187179536e-14
8.769999999999999574e+00,4.833161773149224905e-01,-7.392827669483459374e-14
8.779999999999999361e+00,4.834507533915327615e-01,-3.348506368017201140e-13
8.790000000000000924e+00,4.835842373266699412e-01,3.020348728066668542e-13
8.800000000000000711e+00,4.837166379675985617e-01,-1.050158224269459595e-13
8.810000000000000497e+00,4.838479640913522228e-01,1.366957762261034048e-13
8.820000000000000284e+00,4.839782244052558413e-01,-2.520180245046965695e-13
8.830000000000000071e+00,4.841074275474450128e-01,6.415480126309436315e-13
8.839999999999999858e+00,4.842355820873818772e-01,-3.466701752052880892e-13
8.849999999999999645e+00,4.843626965263683193e-01,-2.907730480006254226e-13
8.859999999999999432e+00,4.844887792980553942e-01,-9.849456319988014741e-14
8.870000000000000995e+00,4.846138387689499782e-01,5.505734756994229429e-13
8.880000000000000782e+00,4.847378832389181436e-01,-5.513514991783985408e-14
8.890000000000000568e+00,4.848609209416855914e-01,-5.879775832884348574e-13
8.900000000000000355e+00,4.849829600453346434e-01,6.237068153613911647e-13
8.910000000000000142e+00,4.851040086527980688e-01,-4.377509639497123572e-13
8.919999999999999929e+00,4.852240748023503580e-01,4.829179590937204836e-13
8.929999999999999716e+00,4.853431664680950552e-01,-6.558390983069095626e-13
8.939999999999999503e+00,4.854612915604498147e-01,5.472328319655606066e-13
8.950000000000001066e+00,4.855784579266275158e-01,-1.844587850519108230e-13
8.960000000000000853e+00,4.856946733511151582e-01,-1.737069689478065726e-13
8.970000000000000639e+00,4.858099455561489810e-01,3.153549470169547675e-13
8.980000000000000426e+00,4.859242822021868080e-01,-1.676297989305908231e-13
8.990000000000000213e+00,4.860376908883774494e-01,2.804943777245938463e-13
9.000000000000000000e+00,4.861501791530267180e-01,-2.022904413423454173e-13
9.009999999999999787e+00,4.862617544740607811e-01,-4.825215747794597831e-13
9.019999999999999574e+00,4.863724242694861810e-01,8.986604863037150892e-13
9.029999999999999361e+00,4.864821958978468031e-01,-8.387401016773932128e-13
9.040000000000000924e+00,4.865910766586784564e-01,6.056362009121407652e-13
9.050000000000000711e+00,4.866990737929593469e-01,-5.966785225630655276e-13
9.060000000000000497e+00,4.868061944835587740e-01,4.637054629164083508e-13
9.070000000000000284e+00,4.869124458556817747e-01,1.173293233402983304e-13
9.080000000000000071e+00,4.870178349773116588e-01,-4.540270069630647498e-13
9.089999999999999858e+00,4.871223688596491019e-01,4.605075001884451069e-13
9.099999999999999645e+00,4.872260544575482411e-01,-3.410050020136168314e-13
9.109999999999999432e+00,4.873288986699503278e-01,2.461871852210695266e-13
9.120000000000000995e+00,4.874309083403138287e-01,9.388800500942373617e-14
9.130000000000000782e+00,4.875320902570421389e-01,-2.721963279772587896e-13
9.140000000000000568e+00,4.876324511539081308e-01,-3.259692862855878559e-13
9.150000000000000355e+00,4.877319977104758175e-01,5.794535858083538216e-13
9.160000000000000142e+00,4.878307365525191286e-01,-8.838416110101832146e-16
9.169999999999999929e+00,4.879286742524381326e-01,-2.634862814043792412e-13
9.179999999999999716e+00,4.880258173296719848e-01,-1.366402650748721470e-13
9.189999999999999503e+00,4.881221722511092098e-01,-4.811949450012065199e-14
9.200000000000001066e+00,4.882177454314952092e-01,3.104374396434295136e-13
9.210000000000000853e+00,4.883125432338368821e-01,-1.113076644743138388e-13
9.220000000000000639e+00,4.884065719698045815e-01,2.917917643618928025e-13
9.230000000000000426e+00,4.884998379001310176e-01,-1.988127544538809133e-13
9.240000000000000213e+00,4.885923472350077179e-01,1.647761788126089755e-13
9.250000000000000000e+00,4.886841061344783799e-01,-4.904900270663592465e-13
9.259999999999999787e+00,4.887751207088298355e-01,2.437733175042477995e-13
9.269999999999999574e+00,4.888653970189798526e-01,3.059867897253765179e-13
9.279999999999999361e+00,4.889549410768626592e-01,-6.007605437424734518e-13
9.290000000000000924e+00,4.890437588458115825e-01,2.386255255892866245e-13
9.300000000000000711e+00,4.891318562409386894e-01,3.545106916358342630e-13
9.310000000000000497e+00,4.892192391295122622e-01,-5.611487836898465531e-13
9.320000000000000284e+00,4.893059133313313880e-01,5.949032499258377626e-13
9.330000000000000071e+00,4.893918846190975502e-01,-8.000826563769880551e-14
9.339999999999999858e+00,4.894771587187842776e-01,-5.935239279220017039e-13
9.349999999999999645e+00,4.895617413100035731e-01,4.207851515142246868e-13
9.359999999999999432e+00,4.896456380263697894e-01,-5.272692005231505163e-14
9.370000000000000995e+00,4.897288544558613399e-01,1.617464842618154819e-13
9.380000000000000782e+00,4.898113961411793005e-01,-3.128905554788952159e-13
9.390000000000000568e+00,4.898932685801037912e-01,3.905252857205887551e-13
9.400000000000000355e+00,4.899744772258474712e-01,-2.529361269043572946e-13
9.410000000000000142e+00,4.900550274874069245e-01,-1.416512306756656514e-13
9.419999999999999929e+00,4.901349247299110479e-01,3.753295417519009192e-13
9.429999999999999716e+00,4.902141742749671627e-01,-2.584202383332234731e-13
9.439999999999999503e+00,4.902927814010047403e-01,-2.261359502431226076e-13
9.450000000000001066e+00,4.903707513436162957e-01,2.496553311304161582e-13
9.460000000000000853e+00,4.904480892958960059e-01,1.519541870803609029e-13
9.470000000000000639e+00,4.905248004087759406e-01,2.807823418216059963e-14
9.480000000000000426e+00,4.906008897913596845e-01,-9.188049626684957616e-14
9.490000000000000213e+00,4.906763625112535721e-01,-2.718094846421159616e-15
9.500000000000000000e+00,4.907512235948954804e-01,-2.971212685609625481e-13
9.509999999999999787e+00,4.908254780278812901e-01,5.490371612210109831e-13
9.519999999999999574e+00,4.908991307552887373e-01,-3.493195316339736678e-13
9.529999999999999361e+00,4.909721866819993230e-01,-1.551972526186995438e-13
9.540000000000000924e+00,4.910446506730172800e-01,3.934506800223891432e-13
9.550000000000000711e+00,4.911165275537865416e-01,-6.631938921641822304e-13
9.560000000000000497e+00,4.911878221105054898e-01,8.524478865845619424e-13
9.570000000000000284e+00,4.912585390904387617e-01,-7.094132139368047874e-13
9.580000000000000071e+00,4.913286832022277228e-01,4.075856405855171616e-13
9.589999999999999858e+00,4.913982591161975000e-01,-1.450571433803116150e-13
9.599999999999999645e+00,4.914672714646627361e-01,-3.366751322175787209e-14
9.609999999999999432e+00,4.915357248422304037e-01,4.618629697444864846e-13
9.620000000000000995e+00,4.916036238061006203e-01,-3.091637189311935430e-13
9.630000000000000782e+00,4.916709728763653531e-01,-2.330483896140211897e-13
9.640000000000000568e+00,4.917377765363045161e-01,4.424238753131248814e-14
9.650000000000000355e+00,4.918040392326801236e-01,2.611561140952733950e-14
9.660000000000000142e+00,4.918697653760282229e-01,5.740395138398302066e-14
9.669999999999999929e+00,4.919349593409485522e-01,3.504969751932929256e-13
9.679999999999999716e+00,4.919996254663920321e-01,-5.464127414422925710e-13
9.689999999999999503e+00,4.920637680559462601e-01,4.950558192551302028e-13
9.700000000000001066e+00,4.921273913781183951e-01,-3.416071679002152806e-13
9.710000000000000853e+00,4.921904996666165988e-01,1.947938338409116454e-13
9.720000000000000639e+00,4.922530971206286465e-01,-2.087605262268699136e-13
9.730000000000000426e+00,4.923151879050989832e-01,1.397998470459294040e-13
9.740000000000000213e+00,4.923767761510032814e-01,-1.444096578429032718e-13
9.750000000000000000e+00,4.924378659556212234e-01,1.607084691018778599e-13
9.759999999999999787e+00,4.924984613828069513e-01,2.137613003272420542e-14
9.769999999999999574e+00,4.925585664632576854e-01,-3.898886422049052669e-13
9.779999999999999361e+00,4.926181851947801782e-01,4.404243896666271141e-13
9.790000000000000924e+00,4.926773215425550023e-01,-5.545672428219905470e-14
9.800000000000000711e+00,4.927359794393992298e-01,-6.809396796425559728e-14
9.810000000000000497e+00,4.927941627860266682e-01,6.086385735681876241e-14
9.820000000000000284e+00,4.928518754513063205e-01,1.877686374440745709e-13
9.830000000000000071e+00,4.929091212725188464e-01,-6.138191083887578614e-13
9.839999999999999858e+00,4.929659040556111371e-01,5.206078623753995771e-13
9.849999999999999645e+00,4.930222275754485572e-01,-1.744728493624503329e-13
9.859999999999999432e+00,4.930780955760659112e-01,-1.984011913092054158e-13
9.870000000000000995e+00,4.931335117709158555e-01,4.659239574017481900e-13
9.880000000000000782e+00,4.931884798431156458e-01,-5.249754624070401832e-13
9.890000000000000568e+00,4.932430034456922185e-01,5.827755812648494071e-13
9.900000000000000355e+00,4.932970862018247749e-01,-6.678104250146255083e-13
9.910000000000000142e+00,4.933507317050863095e-01,3.914151988637648572e-13
9.919999999999999929e+00,4.934039435196823642e-01,-8.344887281186430528e-14
9.929999999999999716e+00,4.934567251806887822e-01,1.077085469425309583e-13
9.939999999999999503e+00,4.935090801942870198e-01,-1.001833165037435691e-13
9.950000000000001066e+00,4.935610120379979593e-01,8.170525887807311705e-14
9.960000000000000853e+00,4.936125241609137237e-01,8.988101062035180888e-14
9.970000000000000639e+00,4.936636199839278261e-01,-2.036198900462471428e-13
9.980000000000000426e+00,4.937143028999634864e-01,1.884449627592710286e-13
9.990000000000000213e+00,4.937645762742000621e-01,1.591660830912999813e-13
1.000000000000000000e+01,4.938144434442979236e-01,-5.963007865261715779e-13
1.000999999999999979e+01,4.938639077206214978e-01,2.093982539447258873e-13
1.001999999999999957e+01,4.939129723864603139e-01,3.580380349837986032e-13
1.002999999999999936e+01,4.939616406982487717e-01,-9.457029343656886411e-14
1.004000000000000092e+01,4.940099158857839678e-01,-3.612983393366797635e-13
1.005000000000000071e+01,4.940578011524417446e-01,8.571951742170069721e-14
1.006000000000000050e+01,4.941052996753910742e-01,-3.373180641058626250e-14
1.007000000000000028e+01,4.941524146058069444e-01,1.963687459166640892e-13
1.008000000000000007e+01,4.941991490690813560e-01,1.205219734776163953e-13
1.008999999999999986e+01,4.942455061650328219e-01,-1.516072423851655415e-13
1.009999999999999964e+01,4.942914889681141455e-01,-1.829262652811025625e-13
1.010999999999999943e+01,4.943371005276185337e-01,3.520525884703751274e-13
1.012000000000000099e+01,4.943823438678840998e-01,1.152660866060584155e-13
1.013000000000000078e+01,4.944272219884969233e-01,-4.493579987274731735e-13
1.014000000000000057e+01,4.944717378644923333e-01,-1.095201403525369876e-13
1.015000000000000036e+01,4.945158944465545270e-01,4.922835143000847680e-13
1.016000000000000014e+01,4.945596946612147993e-01,-4.962565731611578990e-13
1.016999999999999993e+01,4.946031414110483304e-01,6.408506537936009551e-13
1.017999999999999972e+01,4.946462375748688634e-01,-5.809219208105509402e-13
1.018999999999999950e+01,4.946889860079226597e-01,4.741643275935070179e-13
1.020000000000000107e+01,4.947313895420800134e-01,-6.462367533460744440e-13
1.021000000000000085e+01,4.947734509860261531e-01,3.910299818318807574e-13
1.022000000000000064e+01,4.948151731254497587e-01,1.614161278598591487e-13
1.023000000000000043e+01,4.948565587232307550e-01,-1.989812394714851607e-13
1.024000000000000021e+01,4.948976105196261632e-01,1.228834742295070726e-13
1.025000000000000000e+01,4.949383312324545092e-01,5.710612104720125259e-14
1.025999999999999979e+01,4.949787235572789545e-01,-4.673237708266442247e-13
1.026999999999999957e+01,4.950187901675888735e-01,6.972407677260927805e-13
1.027999999999999936e+01,4.950585337149797649e-01,-8.631233748557232133e-13
1.029000000000000092e+01,4.950979568293323863e-01,6.384455681143763606e-13
1.030000000000000071e+01,4.951370621189894461e-01,1.991788895275292681e-13
1.031000000000000050e+01,4.951758521709319627e-01,-6.647191477804348381e-13
1.032000000000000028e+01,4.952143295509535692e-01,6.416796347746833717e-13
1.033000000000000007e+01,4.952524968038333197e-01,-4.379206415897063387e-13
1.033999999999999986e+01,4.952903564535078296e-01,3.605915479404364632e-14
1.034999999999999964e+01,4.953279110032411947e-01,1.700977683358195769e-13
1.035999999999999943e+01,4.953651629357941344e-01,-4.488684814465959683e-13
1.037000000000000099e+01,4.954021147135916348e-01,4.612426976816075275e-13
1.038000000000000078e+01,4.954387687788889827e-01,2.037535721741146055e-13
1.039000000000000057e+01,4.954751275539369670e-01,-4.721867428308934578e-13
1.040000000000000036e+01,4.955111934411454144e-01,-4.434592883878485381e-14
1.041000000000000014e+01,4.955469688232453374e-01,5.482739913117984365e-13
1.041999999999999993e+01,4.955824560634500275e-01,-3.346710929219565145e-13
1.042999999999999972e+01,4.956176575056149280e-01,-4.938755567701624827e-13
1.043999999999999950e+01,4.956525754743958401e-01,6.567783426489337550e-13
1.045000000000000107e+01,4.956872122754060195e-01,-3.955267103422643871e-14
1.046000000000000085e+01,4.957215701953723852e-01,5.147358234092180851e-14
1.047000000000000064e+01,4.957556515022898957e-01,-5.405588086523915869e-13
1.048000000000000043e+01,4.957894584455750930e-01,4.744946839954633511e-13
1.049000000000000021e+01,4.958229932562180364e-01,-1.980428624911989566e-13
1.050000000000000000e+01,4.958562581469335706e-01,3.132534379460261142e-13
1.050999999999999979e+01,4.958892553123107616e-01,-5.186324460171309880e-13
1.051999999999999957e+01,4.959219869289616667e-01,5.752328951710850014e-13
1.052999999999999936e+01,4.959544551556683278e-01,-5.736126634445226635e-13
1.054000000000000092e+01,4.959866621335293213e-01,6.192046658401451076e-13
1.055000000000000071e+01,4.960186099861042530e-01,-7.388223062856913437e-13
1.056000000000000050e+01,4.960503008195580321e-01,5.018986528465552155e-13
1.057000000000000028e+01,4.960817367228029795e-01,1.934660114402686482e-13
1.058000000000000007e+01,4.961129197676407143e-01,-5.922071643835180588e-13
1.058999999999999986e+01,4.961438520089023752e-01,8.913041745634009416e-14
1.059999999999999964e+01,4.961745354845876199e-01,6.976203469066799556e-13
1.060999999999999943e+01,4.962049722160028487e-01,-9.325109044319712659e-13
1.062000000000000099e+01,4.962351642078983716e-01,8.265435861784520277e-13
1.063000000000000078e+01,4.962651134486036897e-01,-5.069101605484349626e-13
1.064000000000000057e+01,4.962948219101628866e-01,-1.249722981350176454e-13
1.065000000000000036e+01,4.963242915484677997e-01,3.947528068315442340e-13
1.066000000000000014e+01,4.963535243033907474e-01,-1.713266030781146476e-13
1.066999999999999993e+01,4.963825220989161457e-01,1.691563555894504134e-13
1.067999999999999972e+01,4.964112868432707382e-01,4.560089285343682519e-14
1.068999999999999950e+01,4.964398204290531025e-01,-1.991559044414725754e-13
1.070000000000000107e+01,4.964681247333619374e-01,-9.093561407352845904e-14
1.071000000000000085e+01,4.964962016179232940e-01,-5.439518193511849731e-14
1.072000000000000064e+01,4.965240529292168636e-01,3.326667283656825624e-13
1.073000000000000043e+01,4.965516804986011556e-01,-3.574534331723944192e-13
1.074000000000000021e+01,4.965790861424378422e-01,2.299006254466440247e-13
1.075000000000000000e+01,4.966062716622147155e-01,-1.703324981061626886e-14
1.075999999999999979e+01,4.966332388446680901e-01,-3.832106073436980509e-13
1.076999999999999957e+01,4.966599894619039279e-01,5.336465861219275020e-13
1.077999999999999936e+01,4.966865252715179091e-01,-9.932256839900732714e-14
1.079000000000000092e+01,4.967128480167149474e-01,1.645116876926311367e-13
1.080000000000000071e+01,4.967389594264272068e-01,-3.085915312346643180e-13
1.081000000000000050e+01,4.967648612154315635e-01,5.837729388433188227e-14
1.082000000000000028e+01,4.967905550844657903e-01,2.231038704475496459e-14
1.083000000000000007e+01,4.968160427203440754e-01,3.424094775078545538e-14
1.083999999999999986e+01,4.968413257960714313e-01,-4.615888292251735248e-13
1.084999999999999964e+01,4.968664059709572700e-01,3.775576856365758793e-13
1.085999999999999943e+01,4.968912848907278135e-01,2.028074431482951301e-13
1.087000000000000099e+01,4.969159641876380040e-01,-2.384652262980846427e-13
1.088000000000000078e+01,4.969404454805821936e-01,1.968833624778343339e-13
1.089000000000000057e+01,4.969647303752038892e-01,-2.138872304095762455e-13
1.090000000000000036e+01,4.969888204640048879e-01,1.181250735247940664e-13
1.091000000000000014e+01,4.970127173264531906e-01,5.810125601121707284e-14
1.091999999999999993e+01,4.970364225290903049e-01,-2.982579461185963510e-13
1.092999999999999972e+01,4.970599376256375490e-01,4.469547019818331801e-13
1.093999999999999950e+01,4.970832641571013566e-01,-4.911209243105285616e-13
1.095000000000000107e+01,4.971064036518781371e-01,5.375169710372662557e-13
1.096000000000000085e+01,4.971293576258576374e-01,-7.488223366033941453e-13
1.097000000000000064e+01,4.971521275825262487e-01,7.137393432353478229e-13
1.098000000000000043e+01,4.971747150130685355e-01,-2.815369465336559074e-14
1.099000000000000021e+01,4.971971213964689329e-01,-6.725991833801681086e-13
1.100000000000000000e+01,4.972193481996118880e-01,6.380565021647799373e-13
1.100999999999999979e+01,4.972413968773812254e-01,-1.743825895315909147e-13
1.101999999999999957e+01,4.972632688727592898e-01,2.652553740892238388e-13
1.102999999999999936e+01,4.972849656169245347e-01,-4.713951668247617910e-13
1.104000000000000092e+01,4.973064885293488890e-01,-5.799234790299090392e-15
1.105000000000000071e+01,4.973278390178938468e-01,2.973847296888765257e-14
1.106000000000000050e+01,4.973490184789061685e-01,7.154492926916833362e-13
1.107000000000000028e+01,4.973700282973125275e-01,-7.557843240135753149e-13
1.108000000000000007e+01,4.973908698467137679e-01,8.919368065310462335e-14
1.108999999999999986e+01,4.974115444894776639e-01,7.693352248663853921e-14
1.109999999999999964e+01,4.974320535768316787e-01,1.028238908948320152e-13
1.110999999999999943e+01,4.974523984489545581e-01,1.988141639167051444e-13
1.112000000000000099e+01,4.974725804350672576e-01,-4.078403738859426308e-13
1.113000000000000078e+01,4.974926008535232036e-01,9.764427764610839056e-14
1.114000000000000057e+01,4.975124610118975554e-01,6.989715880742486398e-14
1.115000000000000036e+01,4.975321622070760785e-01,1.245021880730279307e-14
1.116000000000000014e+01,4.975517057253430742e-01,-1.379323630139317469e-13
1.116999999999999993e+01,4.975710928424686430e-01,1.571425823666816601e-13
1.117999999999999972e+01,4.975903248237951715e-01,-1.259483511407977208e-13
1.118999999999999950e+01,4.976094029243232630e-01,-1.846737823427146985e-13
1.120000000000000107e+01,4.976283283887967812e-01,4.473901717844119830e-13
1.121000000000000085e+01,4.976471024517872266e-01,-2.661845895611525403e-13
1.122000000000000064e+01,4.976657263377776697e-01,4.099805347643203923e-13
1.123000000000000043e+01,4.976842012612455179e-01,-5.095358813697603573e-13
1.124000000000000021e+01,4.977025284267451721e-01,-1.810579680974755412e-14
1.125000000000000000e+01,4.977207090289894054e-01,3.916743231829888927e-13
1.125999999999999979e+01,4.977387442529305206e-01,-2.250583074937806405e-13
1.126999999999999957e+01,4.977566352738407862e-01,1.184160191777805515e-14
1.127999999999999936e+01,4.977743832573919280e-01,3.099606075279703887e-13
1.129000000000000092e+01,4.977919893597342327e-01,-5.248847146852031464e-13
1.130000000000000071e+01,4.978094547275750403e-01,4.082709105686366247e-13
1.131000000000000050e+01,4.978267804982561828e-01,-3.914961887660495243e-13
1.132000000000000028e+01,4.978439677998314217e-01,-7.451884161818744801e-15
1.133000000000000007e+01,4.978610177511426094e-01,4.010919200936324813e-13
1.133999999999999986e+01,4.978779314618956287e-01,8.760684235345483906e-14
1.134999999999999964e+01,4.978947100327356656e-01,-6.746683832263566938e-13
1.135999999999999943e+01,4.979113545553217612e-01,5.706919312120639631e-13
1.137000000000000099e+01,4.979278661124005301e-01,-3.727013814756874321e-13
1.138000000000000078e+01,4.979442457778799347e-01,6.852015699623792422e-13
1.139000000000000057e+01,4.979604946169016166e-01,-8.389532558245038629e-13
1.140000000000000036e+01,4.979766136859135051e-01,6.220616469848616603e-13
1.141000000000000014e+01,4.979926040327408154e-01,-2.607631992279646482e-13
1.141999999999999993e+01,4.980084666966575480e-01,-2.375479370500532816e-13
1.142999999999999972e+01,4.980242027084565426e-01,3.599443334535712413e-13
1.143999999999999950e+01,4.980398130905193121e-01,-1.183485275925433289e-13
1.145000000000000107e+01,4.980552988568854311e-01,-1.512131891055756849e-13
1.146000000000000085e+01,4.980706610133210366e-01,5.414234598849487767e-15
1.147000000000000064e+01,4.980859005573869402e-01,5.840630713446759437e-13
1.148000000000000043e+01,4.981010184785061301e-01,-4.256370646563145677e-13
1.149000000000000021e+01,4.981160157580309389e-01,-1.254714648152299716e-14
1.150000000000000000e+01,4.981308933693091578e-01,-9.089164967543417184e-14
1.150999999999999979e+01,4.981456522777500950e-01,-2.413313147410500736e-13
1.151999999999999957e+01,4.981602934408898564e-01,6.707821147491910274e-13
1.152999999999999936e+01,4.981748178084560164e-01,-4.596779771062764475e-13
1.154000000000000092e+01,4.981892263224321771e-01,1.708118780967271544e-13
1.155000000000000071e+01,4.982035199171213069e-01,-4.648679444857473086e-15
1.156000000000000050e+01,4.982176995192091895e-01,-4.460999169890456084e-13
1.157000000000000028e+01,4.982317660478270405e-01,8.744908551634733573e-13
1.158000000000000007e+01,4.982457204146134577e-01,-8.157135719926572603e-13
1.158999999999999986e+01,4.982595635237765386e-01,7.190012203239087851e-13
1.159999999999999964e+01,4.982732962721543868e-01,-5.515104974269935401e-13
1.160999999999999943e+01,4.982869195492763414e-01,-1.234526261599533381e-13
1.162000000000000099e+01,4.983004342374226514e-01,4.321591370350097439e-13
1.163000000000000078e+01,4.983138412116842608e-01,1.669160957454979277e-13
1.164000000000000057e+01,4.983271413400220395e-01,-6.477868371920769697e-13
1.165000000000000036e+01,4.983403354833254029e-01,6.325525498361572740e-13
1.166000000000000014e+01,4.983534244954702097e-01,-3.757428125149980813e-13
1.166999999999999993e+01,4.983664092233768828e-01,-5.594588919737020216e-14
1.167999999999999972e+01,4.983792905070672519e-01,-7.243367689500901374e-14
1.168999999999999950e+01,4.983920691797214531e-01,4.374829220676196284e-13
1.170000000000000107e+01,4.984047460677341057e-01,-9.395630974629032295e-14
1.171000000000000085e+01,4.984173219907702679e-01,-7.487475808636012697e-14
1.172000000000000064e+01,4.984297977618206144e-01,-2.664662652855642744e-13
1.173000000000000043e+01,4.984421741872563927e-01,1.398368454450654719e-13
1.174000000000000021e+01,4.984544520668837686e-01,2.287474138058798179e-13
1.175000000000000000e+01,4.984666321939978939e-01,-3.823652278047567910e-13
1.175999999999999979e+01,4.984787153554364747e-01,7.165107266185466450e-13
1.176999999999999957e+01,4.984907023316326180e-01,-6.758185319959836290e-13
1.177999999999999936e+01,4.985025938966679004e-01,2.096726926196362806e-13
1.179000000000000092e+01,4.985143908183241046e-01,-5.997009529593033683e-14
1.180000000000000071e+01,4.985260938581353440e-01,2.361517557024350733e-13
1.181000000000000050e+01,4.985377037714392445e-01,-3.170632159599229283e-13
1.182000000000000028e+01,4.985492213074280143e-01,-1.295120694716489496e-13
1.183000000000000007e+01,4.985606472091987929e-01,4.336267130956861227e-13
1.183999999999999986e+01,4.985719822138037771e-01,-3.614360872226940469e-13
1.184999999999999964e+01,4.985832270523000709e-01,5.262983516877983714e-13
1.185999999999999943e+01,4.985943824497986454e-01,-7.127966294463716768e-13
1.187000000000000099e+01,4.986054491255135779e-01,2.839116203419422835e-13
1.188000000000000078e+01,4.986164277928100685e-01,-1.350457831499063399e-14
1.189000000000000057e+01,4.986273191592528464e-01,3.262433183846835671e-13
1.190000000000000036e+01,4.986381239266536314e-01,-1.516479270716880601e-13
1.191000000000000014e+01,4.986488427911185406e-01,-1.497422249131102889e-13
1.191999999999999993e+01,4.986594764430948290e-01,-2.622752817878215570e-14
1.192999999999999972e+01,4.986700255674174076e-01,-9.883231928166369418e-14
1.193999999999999950e+01,4.986804908433549732e-01,4.981286108422799952e-13
1.195000000000000107e+01,4.986908729446556388e-01,-5.973818987224654986e-13
1.196000000000000085e+01,4.987011725395925077e-01,4.956706432020924202e-13
1.197000000000000064e+01,4.987113902910082497e-01,5.316927453868913744e-14
1.198000000000000043e+01,4.987215268563600645e-01,-4.575723751721466614e-13
1.199000000000000021e+01,4.987315828877637580e-01,1.054276566221645783e-13
1.200000000000000000e+01,4.987415590320374847e-01,3.662579408595517672e-13
1.200999999999999979e+01,4.987514559307453799e-01,-2.095477383192573262e-13
1.201999999999999957e+01,4.987612742202407468e-01,-1.727475313403198376e-13
1.203000000000000114e+01,4.987710145317086896e-01,5.344013534643032859e-14
1.204000000000000092e+01,4.987806774912085794e-01,-1.337943156872606343e-13
1.205000000000000071e+01,4.987902637197161870e-01,1.786968197112909218e-13
1.206000000000000050e+01,4.987997738331653164e-01,1.177917355668633981e-13
1.207000000000000028e+01,4.988092084424892714e-01,-1.722850649036461457e-13
1.208000000000000007e+01,4.988185681536618787e-01,-5.557251707422050657e-14
1.208999999999999986e+01,4.988278535677381220e-01,5.134028239432014695e-13
1.209999999999999964e+01,4.988370652808944983e-01,-6.501344601561598324e-13
1.210999999999999943e+01,4.988462038844692636e-01,3.963614646999152891e-13
1.212000000000000099e+01,4.988552699650017352e-01,-1.290683055224506326e-13
1.213000000000000078e+01,4.988642641042720371e-01,1.709737223760249281e-13
1.214000000000000057e+01,4.988731868793399027e-01,-6.454900904149379892e-13
1.215000000000000036e+01,4.988820388625835878e-01,6.045300978557710536e-13
1.216000000000000014e+01,4.988908206217379515e-01,4.140329572244194622e-14
1.216999999999999993e+01,4.988995327199329255e-01,-4.842325271228048456e-13
1.217999999999999972e+01,4.989081757157310948e-01,5.328070070646090395e-13
1.218999999999999950e+01,4.989167501631650015e-01,-1.671038795617724171e-13
1.220000000000000107e+01,4.989252566117746146e-01,-3.451587431667346717e-14
1.221000000000000085e+01,4.989336956066439122e-01,-1.206444612180529452e-13
1.222000000000000064e+01,4.989420676884375183e-01,-5.792472079248212058e-14
1.223000000000000043e+01,4.989503733934368968e-01,3.007432898636391849e-13
1.224000000000000021e+01,4.989586132535762664e-01,-2.046766890088230761e-13
1.225000000000000000e+01,4.989667877964783504e-01,-1.298224494485772373e-13
1.225999999999999979e+01,4.989748975454895707e-01,1.582483330573453140e-13
1.226999999999999957e+01,4.989829430197151305e-01,1.690073862109509051e-13
1.228000000000000114e+01,4.989909247340538201e-01,-1.321123115419209348e-13
1.229000000000000092e+01,4.989988431992324891e-01,2.565768506945093064e-13
1.230000000000000071e+01,4.990066989218401305e-01,-4.907792651009240670e-13
1.231000000000000050e+01,4.990144924043619645e-01,2.138077312852787459e-13
1.232000000000000028e+01,4.990222241452128005e-01,-4.208393074127403377e-14
1.233000000000000007e+01,4.990298946387706214e-01,2.327514266389774100e-13
1.233999999999999986e+01,4.990375043754095019e-01,-2.043528649249559681e-13
1.234999999999999964e+01,4.990450538415325266e-01,-3.116376378958438109e-13
1.235999999999999943e+01,4.990525435196042081e-01,4.855245166416471969e-13
1.237000000000000099e+01,4.990599738881826841e-01,9.389158287659293833e-14
1.238000000000000078e+01,4.990673454219519134e-01,-1.185013052311736925e-13
1.239000000000000057e+01,4.990746585917532618e-01,-2.949158116067468471e-13
1.240000000000000036e+01,4.990819138646169772e-01,1.517245124026470049e-13
1.241000000000000014e+01,4.990891117037933311e-01,-2.162637067039743788e-13
1.241999999999999993e+01,4.990962525687837048e-01,1.570355174021487166e-13
1.242999999999999972e+01,4.991033369153711208e-01,2.914766003428784225e-13
1.243999999999999950e+01,4.991103651956507736e-01,2.129298527862172330e-14
1.245000000000000107e+01,4.991173378580602282e-01,-5.382351601088478099e-13
1.246000000000000085e+01,4.991242553474093402e-01,1.414758745267932771e-13
1.247000000000000064e+01,4.991311181049097878e-01,5.806887766858850886e-13
1.248000000000000043e+01,4.991379265682046595e-01,-3.597460599812779547e-13
1.249000000000000021e+01,4.991446811713977638e-01,-1.241847472294513310e-13
1.250000000000000000e+01,4.991513823450823284e-01,-2.141342658745770677e-13
1.250999999999999979e+01,4.991580305163698661e-01,4.919229493150975574e-13
1.251999999999999957e+01,4.991646261089185410e-01,-3.487761566101782451e-13
1.253000000000000114e+01,4.991711695429616458e-01,3.598113018470072699e-13
1.254000000000000092e+01,4.991776612353353015e-01,-4.862011401124410881e-13
1.255000000000000071e+01,4.991841015995065467e-01,4.109450139119091849e-14
1.256000000000000050e+01,4.991904910456005928e-01,3.743627993322770631e-13
1.257000000000000028e+01,4.991968299804283027e-01,1.851550325820267018e-14
1.258000000000000007e+01,4.992031188075133352e-01,-4.288915956326272427e-13
1.258999999999999986e+01,4.992093579271189574e-01,1.871615113325370006e-13
1.259999999999999964e+01,4.992155477362745786e-01,2.651774335055492871e-13
1.260999999999999943e+01,4.992216886288023403e-01,-9.455796063685684150e-14
1.262000000000000099e+01,4.992277809953433176e-01,-1.800507713842908197e-13
1.263000000000000078e+01,4.992338252233834428e-01,2.400588273087853053e-13
1.264000000000000057e+01,4.992398216972792624e-01,-1.773950181627875766e-13
1.265000000000000036e+01,4.992457707982836390e-01,1.095663409176120262e-13
1.266000000000000014e+01,4.992516729045709534e-01,-5.610221895336817144e-13
1.266999999999999993e+01,4.992575283912624173e-01,7.351963818551937591e-13
1.267999999999999972e+01,4.992633376304507209e-01,-1.333740789252052528e-13
1.268999999999999950e+01,4.992691009912251787e-01,-4.593211797238386240e-13
1.270000000000000107e+01,4.992748188396959885e-01,4.426573853560239469e-13
1.271000000000000085e+01,4.992804915390184894e-01,1.382631259917027622e-13
1.272000000000000064e+01,4.992861194494175314e-01,-2.479338349209436743e-13
1.273000000000000043e+01,4.992917029282112895e-01,-4.547048772663569993e-13
1.274000000000000021e+01,4.992972423298349671e-01,5.974729174948456567e-13
1.275000000000000000e+01,4.993027380058642217e-01,-1.759366036104687003e-13
1.275999999999999979e+01,4.993081903050388126e-01,-1.395410208823028020e-14
1.276999999999999957e+01,4.993135995732854715e-01,2.707684608211496924e-13
1.278000000000000114e+01,4.993189661537409396e-01,-3.645834583667836859e-13
1.279000000000000092e+01,4.993242903867748383e-01,1.559019840308151217e-13
1.280000000000000071e+01,4.993295726100120402e-01,-1.749503319992129491e-13
1.281000000000000050e+01,4.993348131583552618e-01,3.394719401417223281e-13
1.282000000000000028e+01,4.993400123640071020e-01,-1.014066082624318077e-13
1.283000000000000007e+01,4.993451705564922460e-01,-1.189372629247301139e-13
1.283999999999999986e+01,4.993502880626791707e-01,-1.352072615109708997e-13
1.284999999999999964e+01,4.993553652068018489e-01,4.169444737384120359e-13
1.285999999999999943e+01,4.993604023104811773e-01,-2.229879556827837894e-13
1.287000000000000099e+01,4.993653996927464589e-01,-2.094677241989278960e-14
1.288000000000000078e+01,4.993703576700563307e-01,-3.500340073131144591e-13
1.289000000000000057e+01,4.993752765563198581e-01,6.853491027730002072e-13
1.290000000000000036e+01,4.993801566629171296e-01,-6.198767763193960278e-13
1.291000000000000014e+01,4.993849982987202396e-01,3.229004520363676356e-13
1.291999999999999993e+01,4.993898017701132730e-01,-2.435968093905671594e-13
1.292999999999999972e+01,4.993945673810129549e-01,5.784718949512768216e-13
1.293999999999999950e+01,4.993992954328884681e-01,-4.114118984724357553e-13
1.295000000000000107e+01,4.994039862247817152e-01,-2.856608585745032403e-13
1.296000000000000085e+01,4.994086400533268022e-01,5.902110126587006844e-13
1.297000000000000064e+01,4.994132572127696901e-01,-3.228387609327532104e-13
1.298000000000000043e+01,4.994178379949879010e-01,5.038595137906581867e-14
1.299000000000000021e+01,4.994223826895095031e-01,-1.340805450607968075e-13
1.300000000000000000e+01,4.994268915835324285e-01,1.439233389584348988e-13
1.300999999999999979e+01,4.994313649619433471e-01,3.418207963857763931e-13
1.301999999999999957e+01,4.994358031073365400e-01,-5.239801106025898658e-13
1.303000000000000114e+01,4.994402063000326630e-01,2.294739647867166665e-14
1.304000000000000092e+01,4.994445748180970091e-01,1.595099378103037591e-13
1.305000000000000071e+01,4.994489089373580493e-01,-1.198793668499842369e-13
1.306000000000000050e+01,4.994532089314256407e-01,4.566148213659346200e-13
1.307000000000000028e+01,4.994574750717089562e-01,-5.473217500962315740e-13
1.308000000000000007e+01,4.994617076274346368e-01,1.748936959882277375e-13
1.308999999999999986e+01,4.994659068656642220e-01,2.724614967235944318e-14
1.309999999999999964e+01,4.994700730513120246e-01,-4.140241480817680175e-14
1.310999999999999943e+01,4.994742064471625054e-01,3.577326423368637487e-14
1.312000000000000099e+01,4.994783073138875928e-01,9.719194849974743811e-15
1.313000000000000078e+01,4.994823759100638916e-01,-1.175494570388943560e-13
1.314000000000000057e+01,4.994864124921897242e-01,4.746898268339835858e-13
1.315000000000000036e+01,4.994904173147019510e-01,-4.499957603266470374e-13
1.316000000000000014e+01,4.994943906299929570e-01,1.548455238814180901e-13
1.316999999999999993e+01,4.994983326884269714e-01,8.278308458653169111e-14
1.317999999999999972e+01,4.995022437383567770e-01,-3.445524708644079337e-13
1.318999999999999950e+01,4.995061240261400304e-01,7.100733439820497428e-14
1.320000000000000107e+01,4.995099737961553599e-01,8.345681459277776160e-14
1.321000000000000085e+01,4.995137932908185752e-01,-1.011806673059494066e-13
1.322000000000000064e+01,4.995175827505985988e-01,6.327021426309059615e-13
1.323000000000000043e+01,4.995213424140331759e-01,-6.771351396804049794e-13
1.324000000000000021e+01,4.995250725177448614e-01,4.453215411443639526e-14
1.325000000000000000e+01,4.995287732964561744e-01,4.336049748421277883e-14
1.325999999999999979e+01,4.995324449830053082e-01,2.908812581537030539e-13
1.326999999999999957e+01,4.995360878083613398e-01,-5.457095143606913168e-14
1.328000000000000114e+01,4.995397020016394962e-01,-3.069913775770836961e-13
1.329000000000000092e+01,4.995432877901161417e-01,9.336997321141016215e-14
1.330000000000000071e+01,4.995468453992436553e-01,-7.652295545270901278e-14
1.331000000000000050e+01,4.995503750526653630e-01,6.293362708677426032e-13
1.332000000000000028e+01,4.995538769722300820e-01,-8.818671839863970185e-13
1.333000000000000007e+01,4.995573513780069974e-01,5.388295942787037218e-13
1.333999999999999986e+01,4.995607984882995956e-01,-2.830405316589859610e-14
1.334999999999999964e+01,4.995642185196604856e-01,-3.552554572131688682e-13
1.335999999999999943e+01,4.995676116869053884e-01,6.211837413807458352e-13
1.337000000000000099e+01,4.995709782031271251e-01,-5.258510234239580083e-13
1.338000000000000078e+01,4.995743182797099391e-01,-4.418733038974095861e-14
1.339000000000000057e+01,4.995776321263429853e-01,2.404175220450249784e-13
1.340000000000000036e+01,4.995809199510342635e-01,1.472603167337015184e-13
1.341000000000000014e+01,4.995841819601242739e-01,-5.139960045042954451e-13
1.341999999999999993e+01,4.995874183582995620e-01,8.435798514263605219e-13
1.342999999999999972e+01,4.995906293486058747e-01,-9.575475720495496557e-13
1.343999999999999950e+01,4.995938151324619825e-01,5.817826350339692920e-13
1.345000000000000107e+01,4.995969759096722251e-01,-2.239061393976074510e-13
1.346000000000000085e+01,4.996001118784401673e-01,4.117552720767254926e-13
1.347000000000000064e+01,4.996032232353811997e-01,-3.403327627853579285e-13
1.348000000000000043e+01,4.996063101755356950e-01,-2.596267249582381864e-13
1.349000000000000021e+01,4.996093728923815536e-01,1.629347630665960167e-13
1.350000000000000000e+01,4.996124115778469155e-01,5.071904877963946678e-13
1.350999999999999979e+01,4.996154264223227615e-01,-6.784928860610085766e-13
1.351999999999999957e+01,4.996184176146755140e-01,2.405554325613651345e-13
1.353000000000000114e+01,4.996213853422590279e-01,3.352658049186191258e-13
1.354000000000000092e+01,4.996243297909271353e-01,-4.445556742822473484e-13
1.355000000000000071e+01,4.996272511450458031e-01,1.869237661249016635e-13
1.356000000000000050e+01,4.996301495875049570e-01,-3.586464960192610463e-13
1.357000000000000028e+01,4.996330252997306931e-01,4.566972749411521426e-13
1.358000000000000007e+01,4.996358784616968807e-01,-2.420373268669819000e-13
1.358999999999999986e+01,4.996387092519372075e-01,3.677895797160948832e-13
1.359999999999999964e+01,4.996415178475565599e-01,-2.877387862481803338e-13
1.360999999999999943e+01,4.996443044242428466e-01,-1.795135085502427841e-13
1.362000000000000099e+01,4.996470691562782673e-01,1.172699361663004369e-13
1.363000000000000078e+01,4.996498122165507483e-01,2.047360219727123454e-13
1.364000000000000057e+01,4.996525337765652663e-01,-1.296407507169958229e-13
1.365000000000000036e+01,4.996552340064550624e-01,2.059361524624908624e-13
1.366000000000000014e+01,4.996579130749926323e-01,-2.715760152567983643e-13
1.366999999999999993e+01,4.996605711496008850e-01,-6.104306242340346023e-14
1.367999999999999972e+01,4.996632083963639115e-01,3.349442237779963472e-13
1.368999999999999950e+01,4.996658249800378648e-01,-4.743591180663211948e-13
1.370000000000000107e+01,4.996684210640618407e-01,2.378726827057670024e-13
1.371000000000000085e+01,4.996709968105682576e-01,4.410221645344269970e-13
1.372000000000000064e+01,4.996735523803936263e-01,-5.420046464595096314e-13
1.373000000000000043e+01,4.996760879330890970e-01,1.965433702290700357e-13
1.374000000000000021e+01,4.996786036269305620e-01,-2.823675944755785205e-13
1.375000000000000000e+01,4.996810996189292586e-01,3.444542624763714811e-13
1.375999999999999979e+01,4.996835760648417613e-01,-3.223200108508003647e-13
1.376999999999999957e+01,4.996860331191803617e-01,5.949117812416825080e-13
1.378000000000000114e+01,4.996884709352228393e-01,-4.006967487305522491e-13
1.379000000000000092e+01,4.996908896650227860e-01,-4.059474449842094546e-13
1.380000000000000071e+01,4.996932894594192098e-01,4.546457814716929613e-13
1.381000000000000050e+01,4.996956704680463601e-01,1.421566247421061913e-13
1.382000000000000028e+01,4.996980328393436643e-01,-2.931507304699404459e-13
1.383000000000000007e+01,4.997003767205652758e-01,-3.387956283790530265e-14
1.383999999999999986e+01,4.997027022577895661e-01,3.996198852515217559e-13
1.384999999999999964e+01,4.997050095959286731e-01,-2.906569367242158031e-13
1.385999999999999943e+01,4.997072988787380488e-01,2.691075715131191481e-13
1.387000000000000099e+01,4.997095702488255631e-01,-1.965619371912738500e-13
1.388000000000000078e+01,4.997118238476609964e-01,-2.800973090077117644e-13
1.389000000000000057e+01,4.997140598155850877e-01,1.211108917689197872e-13
1.390000000000000036e+01,4.997162782918186386e-01,3.644913147346495741e-13
1.391000000000000014e+01,4.997184794144716169e-01,-3.770501163895267904e-13
1.391999999999999993e+01,4.997206633205522053e-01,2.238029369033139870e-13
1.392999999999999972e+01,4.997228301459754607e-01,-1.178357338462755755e-13
1.393999999999999950e+01,4.997249800255723629e-01,3.300301248650508446e-14
1.395000000000000107e+01,4.997271130930984184e-01,-2.681522335450971239e-13
1.396000000000000085e+01,4.997292294812424318e-01,6.568724785025598090e-13
1.397000000000000064e+01,4.997313293216349428e-01,-6.586464297683898572e-13
1.398000000000000043e+01,4.997334127448571084e-01,5.044190332624282763e-13
1.399000000000000021e+01,4.997354798804486964e-01,-1.524209056224298114e-13
1.400000000000000000e+01,4.997375308569169117e-01,-3.979832312501780517e-13
1.400999999999999979e+01,4.997395658017445008e-01,2.107770372356074923e-13
1.401999999999999957e+01,4.997415848413979678e-01,3.318764635665532453e-13
1.403000000000000114e+01,4.997435881013359005e-01,-3.810889083954386441e-13
1.404000000000000092e+01,4.997455757060171311e-01,3.945723176630114987e-13
1.405000000000000071e+01,4.997475477789085629e-01,-1.173604975408890777e-13
1.406000000000000050e+01,4.997495044424934418e-01,-3.500105817699251942e-13
1.407000000000000028e+01,4.997514458182791275e-01,6.299157701526725273e-14
1.408000000000000007e+01,4.997533720268049207e-01,2.911294964054889772e-13
1.408999999999999986e+01,4.997552831876499457e-01,-2.288837183477519799e-14
1.409999999999999964e+01,4.997571794194409223e-01,-2.015591232600814214e-13
1.410999999999999943e+01,4.997590608398597700e-01,-1.925787444280197686e-13
1.412000000000000099e+01,4.997609275656512140e-01,5.465157779181283731e-13
1.413000000000000078e+01,4.997627797126302784e-01,-2.789313546032890639e-13
1.414000000000000057e+01,4.997646173956900029e-01,-2.237870872228049646e-14
1.415000000000000036e+01,4.997664407288086030e-01,2.765593065971391762e-14
1.416000000000000014e+01,4.997682498250569649e-01,2.021687125434296073e-13
1.416999999999999993e+01,4.997700447966059167e-01,-3.185810041337125420e-13
1.417999999999999972e+01,4.997718257547335563e-01,3.867091990053007911e-13
1.418999999999999950e+01,4.997735928098322455e-01,-7.879399206939339401e-13
1.420000000000000107e+01,4.997753460714160489e-01,7.986146974574195173e-13
1.421000000000000085e+01,4.997770856481273394e-01,-2.259118896997831111e-13
1.422000000000000064e+01,4.997788116477443476e-01,1.862076709187657220e-13
1.423000000000000043e+01,4.997805241771877127e-01,-5.890214497519721121e-13
1.424000000000000021e+01,4.997822233425276428e-01,3.691299754738069233e-13
1.425000000000000000e+01,4.997839092489904655e-01,-1.271514564102869949e-13
1.425999999999999979e+01,4.997855820009657335e-01,2.874827552932796709e-13
1.426999999999999957e+01,4.997872417020127189e-01,1.002571337310308869e-13
1.428000000000000114e+01,4.997888884548672417e-01,-5.255260101058329553e-13
1.429000000000000092e+01,4.997905223614482750e-01,2.563054613382090285e-13
1.430000000000000071e+01,4.997921435228643294e-01,-1.290093689699806784e-13
1.431000000000000050e+01,4.997937520394202249e-01,2.092079053126871119e-13
1.432000000000000028e+01,4.997953480106233637e-01,-1.394330783916365030e-13
1.433000000000000007e+01,4.997969315351902808e-01,2.239396649616597762e-13
1.433999999999999986e+01,4.997985027110528611e-01,-3.937472974079904431e-14
1.434999999999999964e+01,4.998000616353647785e-01,-5.612290078743469024e-13
1.435999999999999943e+01,4.998016084045077134e-01,7.400611394048958042e-13
1.437000000000000099e+01,4.998031431140973480e-01,-1.108556978580543112e-13
1.438000000000000078e+01,4.998046658589899160e-01,-3.739704807761631833e-13
1.439000000000000057e+01,4.998061767332880323e-01,-2.400320271863341792e-14
1.440000000000000036e+01,4.998076758303467426e-01,4.718216580780996983e-13
1.441000000000000014e+01,4.998091632427795750e-01,-3.982587337984701964e-13
1.441999999999999993e+01,4.998106390624646456e-01,3.670423103093681944e-13
1.442999999999999972e+01,4.998121033805502655e-01,-2.622977281609237959e-13
1.443999999999999950e+01,4.998135562874611026e-01,-2.419307057477133177e-13
1.445000000000000107e+01,4.998149978729037879e-01,3.363275641061341803e-13
1.446000000000000085e+01,4.998164282258726887e-01,-1.991929163931357993e-13
1.447000000000000064e+01,4.998178474346557931e-01,4.567869960590571071e-13
1.448000000000000043e+01,4.998192555868401499e-01,-2.922310153195481486e-13
1.449000000000000021e+01,4.998206527693177526e-01,-5.040213885631420615e-13
1.450000000000000000e+01,4.998220390682909242e-01,7.574214218601833803e-13
1.450999999999999979e+01,4.998234145692777575e-01,-4.643276526618798916e-13
1.451999999999999957e+01,4.998247793571179987e-01,3.108975445522462605e-13
1.453000000000000114e+01,4.998261335159780439e-01,-9.437464915454385483e-14
1.454000000000000092e+01,4.998274771293566565e-01,-3.012107402421745211e-13
1.455000000000000071e+01,4.998288102800901855e-01,6.361675238247127551e-13
1.456000000000000050e+01,4.998301330503577833e-01,-6.551949128098637221e-13
1.457000000000000028e+01,4.998314455216870122e-01,3.517130061855573003e-13
1.458000000000000007e+01,4.998327477749586190e-01,-1.136742948577330881e-14
1.458999999999999986e+01,4.998340398904120851e-01,-2.836546203813499617e-13
1.459999999999999964e+01,4.998353219476506237e-01,5.801173818121944936e-13
1.460999999999999943e+01,4.998365940256461748e-01,-6.758739516676565834e-13
1.462000000000000099e+01,4.998378562027447902e-01,6.098956890465256214e-13
1.463000000000000078e+01,4.998391085566711856e-01,-1.899392271340494959e-13
1.464000000000000057e+01,4.998403511645341801e-01,-3.360172654443688289e-13
1.465000000000000036e+01,4.998415841028313600e-01,2.921465220889936376e-13
1.466000000000000014e+01,4.998428074474539629e-01,-2.486532843775507429e-13
1.466999999999999993e+01,4.998440212736919297e-01,1.456917675694488490e-13
1.467999999999999972e+01,4.998452256562385121e-01,4.137918442137858421e-13
1.468999999999999950e+01,4.998464206691951572e-01,-3.393220762964305193e-13
1.470000000000000107e+01,4.998476063860763374e-01,-6.127345199692484090e-14
1.471000000000000085e+01,4.998487828798140464e-01,1.443574840014841959e-13
1.472000000000000064e+01,4.998499502227625735e-01,-9.473098575105837194e-14
1.473000000000000043e+01,4.998511084867031662e-01,-4.153966701051035187e-13
1.474000000000000021e+01,4.998522577428485825e-01,2.850490466767014591e-13
1.475000000000000000e+01,4.998533980618475314e-01,5.198287648586468607e-13
1.475999999999999979e+01,4.998545295137893363e-01,-4.547652165053876067e-13
1.476999999999999957e+01,4.998556521682084863e-01,1.421893422367268359e-13
1.478000000000000114e+01,4.998567660940888002e-01,-2.640718403630138225e-13
1.479000000000000092e+01,4.998578713598680889e-01,3.907413892364217448e-13
1.480000000000000071e+01,4.998589680334423191e-01,-6.243140380346847221e-13
1.481000000000000050e+01,4.998600561821702204e-01,8.263788992565832686e-13
1.482000000000000028e+01,4.998611358728771714e-01,-9.075816643090272445e-13
1.483000000000000007e+01,4.998622071718600290e-01,9.467054520688727298e-13
1.483999999999999986e+01,4.998632701448906812e-01,-5.031606302940104525e-13
1.484999999999999964e+01,4.998643248572209319e-01,-2.777690170295511393e-13
1.485999999999999943e+01,4.998653713735861648e-01,7.170982828808708520e-13
1.487000000000000099e+01,4.998664097582095622e-01,-4.262914704529019785e-13
1.488000000000000078e+01,4.998674400748064905e-01,-2.851506347261974564e-13
1.489000000000000057e+01,4.998684623865882193e-01,3.507250828600544032e-13
1.490000000000000036e+01,4.998694767562660290e-01,-1.911278735511291391e-13
1.491000000000000014e+01,4.998704832460553749e-01,5.351435000157649807e-13
1.491999999999999993e+01,4.998714819176796054e-01,-3.415549788122031541e-13
1.492999999999999972e+01,4.998724728323741817e-01,-4.592980404777855311e-13
1.493999999999999950e+01,4.998734560508903413e-01,5.649428763476261120e-13
1.495000000000000107e+01,4.998744316334989279e-01,2.432038437012815774e-14
1.496000000000000085e+01,4.998753996399944999e-01,-1.026062762722211238e-13
1.497000000000000064e+01,4.998763601296989378e-01,-3.643883239985929237e-13
1.498000000000000043e+01,4.998773131614652754e-01,6.063037458838059848e-13
1.499000000000000021e+01,4.998782587936813071e-01,-5.681244320474010401e-13
1.500000000000000000e+01,4.998791970842736410e-01,2.067651605486275912e-13
1.500999999999999979e+01,4.998801280907109734e-01,6.708555999395630215e-14
1.501999999999999957e+01,4.998810518700080308e-01,2.936197292247033630e-13
1.503000000000000114e+01,4.998819684787290663e-01,-3.461679337954772298e-13
1.504000000000000092e+01,4.998828779729915794e-01,-4.407880683447284315e-14
1.505000000000000071e+01,4.998837804084697023e-01,-5.527186103552669816e-14
1.506000000000000050e+01,4.998846758403978630e-01,2.994959491455125022e-13
1.507000000000000028e+01,4.998855643235742274e-01,-2.496673420576082242e-13
1.508000000000000007e+01,4.998864459123643078e-01,7.737268027066968729e-14
1.508999999999999986e+01,4.998873206607042374e-01,6.703303548089706299e-15
1.509999999999999964e+01,4.998881886221043236e-01,2.080197671153758213e-13
1.510999999999999943e+01,4.998890498496523782e-01,-5.889627723915840177e-13
1.512000000000000099e+01,4.998899043960172150e-01,5.155288309010306116e-13
1.513000000000000078e+01,4.998907523134517028e-01,4.482532915814005370e-14
1.514000000000000057e+01,4.998915936537964289e-01,-1.952520227612017031e-13
1.515000000000000036e+01,4.998924284684828079e-01,-3.284429934920013103e-13
1.516000000000000014e+01,4.998932568085363570e-01,3.689392321244147274e-13
1.516999999999999993e+01,4.998940787245798600e-01,1.383343648506986379e-13
1.517999999999999972e+01,4.998948942668367534e-01,-2.627725307854412995e-13
1.518999999999999950e+01,4.998957034851342351e-01,2.226224389431869302e-13
1.520000000000000107e+01,4.998965064289063176e-01,1.760660353270068409e-13
1.521000000000000085e+01,4.998973031471971029e-01,-4.090621291268645501e-13
1.522000000000000064e+01,4.998980936886638915e-01,-1.236807406029783937e-13
1.523000000000000043e+01,4.998988781015801242e-01,5.279966679936362942e-13
1.524000000000000021e+01,4.998996564338384907e-01,-3.165206862750088654e-13
1.525000000000000000e+01,4.999004287329541496e-01,-3.229274774695827313e-13
1.525999999999999979e+01,4.999011950460675036e-01,3.815388743198767571e-13
1.526999999999999957e+01,4.999019554199471971e-01,3.178591880670508449e-13
1.528000000000000114e+01,4.999027099009932251e-01,-5.671765394989853812e-13
1.529000000000000092e+01,4.999034585352398752e-01,2.138264778184673781e-13
1.530000000000000071e+01,4.999042013683583918e-01,-8.266708003627342566e-14
1.531000000000000050e+01,4.999049384456601408e-01,7.169640925332350367e-15
1.532000000000000028e+01,4.999056698120993292e-01,5.162058660298368684e-14
1.533000000000000007e+01,4.999063955122758918e-01,5.002781636219769124e-13
1.533999999999999986e+01,4.999071155904382668e-01,-6.459152331918238676e-13
1.534999999999999964e+01,4.999078300904863936e-01,-5.915323535632312918e-14
1.535999999999999943e+01,4.999085390559741549e-01,3.697805950331201075e-13
1.537000000000000099e+01,4.999092425301123188e-01,-3.631680104077472312e-13
1.538000000000000078e+01,4.999099405557713705e-01,4.051241730051915318e-13
1.539000000000000057e+01,4.999106331754839538e-01,1.237085673293615920e-13
1.540000000000000036e+01,4.999113204314478143e-01,-6.451001350807469489e-13
1.541000000000000014e+01,4.999120023655284073e-01,6.690410893480866483e-13
1.541999999999999993e+01,4.999126790192612857e-01,-2.388286999942127245e-13
1.542999999999999972e+01,4.999133504338551526e-01,-1.136402661561100938e-13
1.543999999999999950e+01,4.999140166501941374e-01,-3.493359166393053550e-13
1.545000000000000107e+01,4.999146777088405158e-01,2.280266074024912479e-13
1.546000000000000085e+01,4.999153336500371525e-01,3.659764040485433828e-13
1.547000000000000064e+01,4.999159845137101654e-01,-2.829491927081517408e-13
1.548000000000000043e+01,4.999166303394714794e-01,-4.738604697702725882e-14
1.549000000000000021e+01,4.999172711666211577e-01,3.232345438536213603e-13
1.550000000000000000e+01,4.999179070341499553e-01,-1.208647880401609448e-13
1.550999999999999979e+01,4.999185379807418728e-01,-3.064899154375843107e-13
1.551999999999999957e+01,4.999191640447764873e-01,8.925291705523790559e-14
1.553000000000000114e+01,4.999197852643313400e-01,6.396729053024206857e-13
1.554000000000000092e+01,4.999204016771843784e-01,-9.418774032330387916e-13
1.555000000000000071e+01,4.999210133208165652e-01,6.403124727758380957e-13
1.556000000000000050e+01,4.999216202324137104e-01,-5.515963933441087041e-14
1.557000000000000028e+01,4.999222224488693578e-01,-3.328342918114401972e-13
1.558000000000000007e+01,4.999228200067868388e-01,9.753740411102152646e-14
1.558999999999999986e+01,4.999234129424815487e-01,2.303888323675518275e-13
1.559999999999999964e+01,4.999240012919833331e-01,-1.394290685376642011e-14
1.561000000000000121e+01,4.999245850910387645e-01,-3.419890171291010972e-13
1.562000000000000099e+01,4.999251643751133622e-01,-8.518340739949387466e-14
1.563000000000000078e+01,4.999257391793937577e-01,6.911108504261526640e-13
1.564000000000000057e+01,4.999263095387899147e-01,-4.782977433440225440e-13
1.565000000000000036e+01,4.999268754879375720e-01,-1.279057180739932680e-13
1.566000000000000014e+01,4.999274370612000751e-01,5.934424594461018380e-13
1.566999999999999993e+01,4.999279942926706521e-01,-7.490468570856240009e-13
1.567999999999999972e+01,4.999285472161748012e-01,4.557751567582884848e-13
1.568999999999999950e+01,4.999290958652719552e-01,-2.334000395772385487e-13
1.570000000000000107e+01,4.999296402732580358e-01,3.437394564543812606e-13
1.571000000000000085e+01,4.999301804731672294e-01,-3.711396060339139553e-13
1.572000000000000064e+01,4.999307164977743190e-01,4.484844782129252840e-13
1.573000000000000043e+01,4.999312483795964601e-01,-6.427560332326258223e-13
1.574000000000000021e+01,4.999317761508955682e-01,5.181502555712475325e-13
1.575000000000000000e+01,4.999322998436799281e-01,-3.951979836316985711e-13
1.575999999999999979e+01,4.999328194897066369e-01,4.561224487369922205e-13
1.576999999999999957e+01,4.999333351204832132e-01,9.029629816889638352e-14
1.578000000000000114e+01,4.999338467672698738e-01,-7.485936944588429502e-13
1.579000000000000092e+01,4.999343544610814205e-01,7.489423018797137718e-13
1.580000000000000071e+01,4.999348582326889057e-01,-5.366862019696321852e-13
1.581000000000000050e+01,4.999353581126220747e-01,1.120748992946402588e-13
1.582000000000000028e+01,4.999358541311708093e-01,5.995290298349662157e-13
1.583000000000000007e+01,4.999363463183872369e-01,-7.694941587404764000e-13
1.583999999999999986e+01,4.999368347040877847e-01,2.667393529429237971e-13
1.584999999999999964e+01,4.999373193178546226e-01,4.896236766857098646e-14
1.586000000000000121e+01,4.999378001890378842e-01,-2.362180258661623553e-13
1.587000000000000099e+01,4.999382773467573871e-01,4.519592623194795475e-13
1.588000000000000078e+01,4.999387508199043539e-01,-3.235791490438164053e-13
1.589000000000000057e+01,4.999392206371434666e-01,-1.487643304577028827e-13
1.590000000000000036e+01,4.999396868269144201e-01,4.722585881654795675e-13
1.591000000000000014e+01,4.999401494174337546e-01,-2.189240830313037359e-13
1.591999999999999993e+01,4.999406084366967984e-01,-2.362562956617522518e-13
1.592999999999999972e+01,4.999410639124792222e-01,6.020379846234137633e-13
1.593999999999999950e+01,4.999415158723387598e-01,-4.387123768380320893e-13
1.595000000000000107e+01,4.999419643436172067e-01,-1.245422256263787469e-13
1.596000000000000085e+01,4.999424093534418079e-01,2.017513844925150970e-13
1.597000000000000064e+01,4.999428509287270894e-01,1.706866146293224522e-13
1.598000000000000043e+01,4.999432890961765796e-01,-1.670156161875696772e-13
1.599000000000000021e+01,4.999437238822844742e-01,-3.387978865688904065e-13
1.600000000000000000e+01,4.999441553133372462e-01,5.512534873020058512e-13
1.601000000000000156e+01,4.999445834154152002e-01,-6.196296070231895395e-13
1.601999999999999957e+01,4.999450082143944152e-01,6.678801993536555813e-13
1.603000000000000114e+01,4.999454297359479105e-01,-6.336071617596633967e-13
1.603999999999999915e+01,4.999458480055477549e-01,2.921935341116321458e-13
1.605000000000000071e+01,4.999462630484661774e-01,3.637005891495969506e-13
1.605999999999999872e+01,4.999466748897774537e-01,-2.980567918872494525e-13
1.607000000000000028e+01,4.999470835543594616e-01,-3.082346457607999801e-14
1.608000000000000185e+01,4.999474890668950677e-01,-7.188410921333621487e-14
1.608999999999999986e+01,4.999478914518737938e-01,-1.169453743167362704e-13
1.610000000000000142e+01,4.999482907335933146e-01,5.717990778130246921e-13
1.610999999999999943e+01,4.999486869361609021e-01,-7.210190357633851355e-13
1.612000000000000099e+01,4.999490800834952009e-01,3.865879564032967050e-13
1.612999999999999901e+01,4.999494701993272838e-01,-1.692558921251481607e-13
1.614000000000000057e+01,4.999498573072025387e-01,6.451258188137735938e-13
1.614999999999999858e+01,4.999502414304818343e-01,-9.157764853040474724e-13
1.616000000000000014e+01,4.999506225923433522e-01,7.242472570493231447e-13
1.617000000000000171e+01,4.999510008157834751e-01,-6.318961450418143430e-13
1.617999999999999972e+01,4.999513761236188403e-01,3.610607033962946223e-13
1.619000000000000128e+01,4.999517485384872284e-01,5.398115815973122608e-14
1.619999999999999929e+01,4.999521180828493394e-01,-3.204228721953193346e-13
1.621000000000000085e+01,4.999524847789900694e-01,3.602609425107936372e-13
1.621999999999999886e+01,4.999528486490197876e-01,-2.239106972818966264e-13
1.623000000000000043e+01,4.999532097148759457e-01,-6.208301474769145276e-14
1.624000000000000199e+01,4.999535679983242442e-01,5.280267190285389822e-13
1.625000000000000000e+01,4.999539235209600196e-01,-5.463044542092167395e-13
1.626000000000000156e+01,4.999542763042097993e-01,6.681804920152150176e-14
1.626999999999999957e+01,4.999546263693323001e-01,6.225799989613292965e-14
1.628000000000000114e+01,4.999549737374199831e-01,3.590861916692137008e-13
1.628999999999999915e+01,4.999553184294002750e-01,-4.491010419655611617e-13
1.630000000000000071e+01,4.999556604660370107e-01,1.377459801901520162e-14
1.630999999999999872e+01,4.999559998679314887e-01,1.353614147311076044e-13
1.632000000000000028e+01,4.999563366555239141e-01,-1.346354939427835129e-13
1.633000000000000185e+01,4.999566708490946754e-01,1.629117085238376492e-13
1.633999999999999986e+01,4.999570024687655101e-01,2.211927261022857659e-13
1.635000000000000142e+01,4.999573315345008373e-01,-3.119035782891944018e-13
1.635999999999999943e+01,4.999576580661090341e-01,-2.216282374094789842e-13
1.637000000000000099e+01,4.999579820832435462e-01,4.990689190576859391e-13
1.637999999999999901e+01,4.999583036054041085e-01,-4.620172102090167564e-13
1.639000000000000057e+01,4.999586226519381893e-01,3.797996632633453967e-14
1.639999999999999858e+01,4.999589392420418776e-01,6.062152809157617984e-13
1.641000000000000014e+01,4.999592533947612161e-01,-8.024349181170065560e-13
1.642000000000000171e+01,4.999595651289935883e-01,3.355435266932330768e-13
1.642999999999999972e+01,4.999598744634884406e-01,1.237646540394805091e-13
1.644000000000000128e+01,4.999601814168488367e-01,1.227533216879308185e-13
1.644999999999999929e+01,4.999604860075324564e-01,-4.189026699168629450e-13
1.646000000000000085e+01,4.999607882538528170e-01,4.323733393853926212e-13
1.646999999999999886e+01,4.999610881739802171e-01,-4.772203009179726025e-13
1.648000000000000043e+01,4.999613857859431798e-01,2.702846038379425140e-13
1.649000000000000199e+01,4.999616811076292300e-01,-1.021564234266814693e-13
1.650000000000000000e+01,4.999619741567862818e-01,5.356927022027210394e-13
1.651000000000000156e+01,4.999622649510235273e-01,-7.701845837661128527e-13
1.651999999999999957e+01,4.999625535078128236e-01,1.565467217933425720e-13
1.653000000000000114e+01,4.999628398444893596e-01,1.900323766178084722e-13
1.653999999999999915e+01,4.999631239782530434e-01,3.164554901490587019e-15
1.655000000000000071e+01,4.999634059261695018e-01,1.847215317075337915e-13
1.655999999999999872e+01,4.999636857051710792e-01,-4.263658001351223852e-13
1.657000000000000028e+01,4.999639633320580034e-01,2.565071136249289126e-13
1.658000000000000185e+01,4.999642388234992185e-01,3.514264511278529079e-13
1.658999999999999986e+01,4.999645121960336058e-01,-4.416700248839145002e-13
1.660000000000000142e+01,4.999647834660710388e-01,-2.829573919870811624e-13
1.660999999999999943e+01,4.999650526498932157e-01,3.668631556412438582e-13
1.662000000000000099e+01,4.999653197636547142e-01,-1.446547451321254091e-13
1.662999999999999901e+01,4.999655848233841571e-01,3.366487784814907978e-13
1.664000000000000057e+01,4.999658478449849897e-01,3.330673309040205893e-16
1.664999999999999858e+01,4.999661088442366452e-01,-2.672566876328217808e-13
1.666000000000000014e+01,4.999663678367954334e-01,-2.119002753449836848e-13
1.667000000000000171e+01,4.999666248381954836e-01,3.438360707264109806e-13
1.667999999999999972e+01,4.999668798638496892e-01,-1.652279099537091664e-13
1.669000000000000128e+01,4.999671329290508170e-01,-4.927977463082969592e-14
1.669999999999999929e+01,4.999673840489722854e-01,8.645703959678685720e-14
1.671000000000000085e+01,4.999676332386691624e-01,1.168286493649563652e-13
1.671999999999999886e+01,4.999678805130791104e-01,-1.574676062727185539e-13
1.673000000000000043e+01,4.999681258870233291e-01,1.014524602734490511e-13
1.674000000000000199e+01,4.999683693752073887e-01,-6.740807625895284955e-15
1.675000000000000000e+01,4.999686109922222288e-01,2.106646122465843235e-13
1.676000000000000156e+01,4.999688507525449910e-01,-2.908546511547639019e-13
1.676999999999999957e+01,4.999690886705400183e-01,1.490551371972860181e-13
1.678000000000000114e+01,4.999693247604595769e-01,-2.104735402484085929e-13
1.678999999999999915e+01,4.999695590364449105e-01,1.502963758900606808e-13
1.680000000000000071e+01,4.999697915125269621e-01,-9.372991774476350894e-14
1.680999999999999872e+01,4.999700222026273733e-01,-1.162776828083711758e-13
1.682000000000000028e+01,4.999702511205592614e-01,2.861338464309312515e-13
1.683000000000000185e+01,4.999704782800280523e-01,1.385884463592711949e-13
1.683999999999999986e+01,4.999707036946324235e-01,-4.912941260310995945e-13
1.685000000000000142e+01,4.999709273778651375e-01,6.193005639458179241e-13
1.685999999999999943e+01,4.999711493431136522e-01,-4.802399420347151348e-13
1.687000000000000099e+01,4.999713696036613420e-01,-3.456766868733217313e-14
1.687999999999999901e+01,4.999715881726879418e-01,9.659663807430759162e-14
1.689000000000000057e+01,4.999718050632705468e-01,2.085052991062361950e-13
1.689999999999999858e+01,4.999720202883843889e-01,-2.267466330460056988e-14
1.691000000000000014e+01,4.999722338609036698e-01,-4.292526565554050707e-13
1.692000000000000171e+01,4.999724457936023381e-01,2.045363161677052517e-13
1.692999999999999972e+01,4.999726560991547553e-01,2.561223124862219147e-13
1.694000000000000128e+01,4.999728647901366396e-01,-2.946247469456312728e-13
1.694999999999999929e+01,4.999730718790258432e-01,1.369710225469290051e-13
1.696000000000000085e+01,4.999732773782029627e-01,2.991705415335505023e-13
1.696999999999999886e+01,4.999734812999522271e-01,-5.662699813113627849e-13
1.698000000000000043e+01,4.999736836564623310e-01,6.095305843884576014e-13
1.699000000000000199e+01,4.999738844598268783e-01,-3.812610907118576566e-13
1.700000000000000000e+01,4.999740837220455481e-01,-3.426262544148806106e-14
1.701000000000000156e+01,4.999742814550244829e-01,1.013525197030354635e-13
1.701999999999999957e+01,4.999744776705771776e-01,-4.726007255251827872e-13
1.703000000000000114e+01,4.999746723804252557e-01,4.645991788140011510e-13
1.703999999999999915e+01,4.999748655961989696e-01,8.009451222645413287e-14
1.705000000000000071e+01,4.999750573294381994e-01,-7.551620597292044157e-14
1.705999999999999872e+01,4.999752475915930083e-01,-1.724366223913159895e-13
1.707000000000000028e+01,4.999754363940243640e-01,1.185427789288865785e-13
1.708000000000000185e+01,4.999756237480048049e-01,-3.934606275773216977e-14
1.708999999999999986e+01,4.999758096647192174e-01,1.275946710586190174e-13
1.710000000000000142e+01,4.999759941552654463e-01,2.285088139420007013e-13
1.710999999999999943e+01,4.999761772306550167e-01,-1.819778416430289751e-13
1.712000000000000099e+01,4.999763589018138554e-01,-4.925056986654460962e-13
1.712999999999999901e+01,4.999765391795829017e-01,4.111604677534716305e-13
1.714000000000000057e+01,4.999767180747186623e-01,2.591624568824856846e-13
1.715000000000000213e+01,4.999768955978940999e-01,-4.962239314759860336e-13
1.716000000000000014e+01,4.999770717596992431e-01,2.122400931049608485e-13
1.717000000000000171e+01,4.999772465706416313e-01,-4.092184558335439093e-14
1.717999999999999972e+01,4.999774200411472025e-01,1.529648223237950033e-13
1.719000000000000128e+01,4.999775921815607926e-01,-6.826465230290739046e-14
1.719999999999999929e+01,4.999777630021468577e-01,4.826081390055703309e-14
1.721000000000000085e+01,4.999779325130900287e-01,-4.599970734757484556e-13
1.721999999999999886e+01,4.999781007244958331e-01,7.264582696926398866e-13
1.723000000000000043e+01,4.999782676463910835e-01,-7.845611291372261119e-13
1.724000000000000199e+01,4.999784332887249327e-01,5.588395503765156234e-13
1.725000000000000000e+01,4.999785976613689287e-01,-2.866863346822061832e-13
1.726000000000000156e+01,4.999787607741181250e-01,4.687102390356980312e-13
1.726999999999999957e+01,4.999789226366913031e-01,-6.489297857581357697e-13
1.728000000000000114e+01,4.999790832587319156e-01,6.113463646823219088e-13
1.728999999999999915e+01,4.999792426498082532e-01,-4.284610710201527473e-13
1.730000000000000071e+01,4.999794008194144990e-01,3.888885042407864891e-13
1.730999999999999872e+01,4.999795577769708954e-01,-5.967864207962603326e-13
1.732000000000000028e+01,4.999797135318246877e-01,6.805443109207990303e-13
1.733000000000000185e+01,4.999798680932502903e-01,-6.407268444700084517e-13
1.733999999999999986e+01,4.999800214704503420e-01,5.250996518366677669e-13
1.735000000000000142e+01,4.999801736725557610e-01,-2.174716138032416375e-13
1.735999999999999943e+01,4.999803247086267444e-01,-9.254067035780778883e-14
1.737000000000000099e+01,4.999804745876530454e-01,3.024590912588490414e-13
1.737999999999999901e+01,4.999806233185545845e-01,-2.296043741910341754e-13
1.739000000000000057e+01,4.999807709101821152e-01,-1.531994133924930021e-13
1.740000000000000213e+01,4.999809173713176125e-01,3.597642618722815024e-13
1.741000000000000014e+01,4.999810627106748284e-01,-5.716500250017798792e-13
1.742000000000000171e+01,4.999812069369000134e-01,6.817044220684350970e-13
1.742999999999999972e+01,4.999813500585720827e-01,-6.203014530164026796e-13
1.744000000000000128e+01,4.999814920842036159e-01,7.331569094773220108e-13
1.744999999999999929e+01,4.999816330222408567e-01,-6.356052663189406659e-13
1.746000000000000085e+01,4.999817728810647677e-01,4.020479538992206749e-13
1.746999999999999886e+01,4.999819116689910303e-01,-5.023654884909290819e-13
1.748000000000000043e+01,4.999820493942709887e-01,5.891059633113173571e-13
1.749000000000000199e+01,4.999821860650917604e-01,-1.971011496834082282e-13
1.750000000000000000e+01,4.999823216895771250e-01,-1.133061895854494197e-13
1.751000000000000156e+01,4.999824562757877455e-01,-3.359135180961320436e-13
1.751999999999999957e+01,4.999825898317217798e-01,6.954918630127548051e-13
1.753000000000000114e+01,4.999827223653152131e-01,-4.943847273329983558e-13
1.753999999999999915e+01,4.999828538844426906e-01,3.529851408285995373e-13
1.755000000000000071e+01,4.999829843969175736e-01,-3.131075250859167731e-13
1.755999999999999872e+01,4.999831139104927713e-01,2.465286237785912615e-14
1.757000000000000028e+01,4.999832424328609637e-01,5.164381144171609987e-13
1.758000000000000185e+01,4.999833699716551560e-01,-8.364941906413748832e-13
1.758999999999999986e+01,4.999834965344493454e-01,5.932191445035141621e-13
1.760000000000000142e+01,4.999836221287585203e-01,-4.066444137628799204e-14
1.760999999999999943e+01,4.999837467620396048e-01,1.499410491685775277e-13
1.762000000000000099e+01,4.999838704416916246e-01,-4.230062823896128549e-13
1.762999999999999901e+01,4.999839931750563182e-01,-5.238002173217355239e-14
1.764000000000000057e+01,4.999841149694184139e-01,1.583748249342817717e-13
1.765000000000000213e+01,4.999842358320061853e-01,1.802778890812951939e-13
1.766000000000000014e+01,4.999843557699918950e-01,-5.044052507658270280e-14
1.767000000000000171e+01,4.999844747904922393e-01,-7.670012975780266841e-14
1.767999999999999972e+01,4.999845929005687362e-01,-3.059487050064855964e-14
1.769000000000000128e+01,4.999847101072281697e-01,-7.836870694862072950e-14
1.769999999999999929e+01,4.999848264174230339e-01,1.352784800411760413e-13
1.771000000000000085e+01,4.999849418380519217e-01,-1.782168349392021164e-13
1.771999999999999886e+01,4.999850563759600242e-01,3.801993520648915730e-13
1.773000000000000043e+01,4.999851700379394082e-01,-1.543312385101302218e-13
1.774000000000000199e+01,4.999852828307296271e-01,1.065353806878370979e-13
1.775000000000000000e+01,4.999853947610179428e-01,-3.117596165694790609e-13
1.776000000000000156e+01,4.999855058354398807e-01,-1.403443177068421002e-13
1.776999999999999957e+01,4.999856160605795075e-01,1.928483243101864744e-13
1.778000000000000114e+01,4.999857254429698750e-01,2.277997347097668671e-13
1.778999999999999915e+01,4.999858339890934644e-01,2.806991250697029976e-14
1.780000000000000071e+01,4.999859417053825750e-01,-3.738457731741301167e-13
1.780999999999999872e+01,4.999860485982197122e-01,1.345685836339063435e-13
1.782000000000000028e+01,4.999861546739378659e-01,4.147249166502398662e-13
1.783000000000000185e+01,4.999862599388210094e-01,-7.036016857338257217e-13
1.783999999999999986e+01,4.999863643991045992e-01,5.767731832928107679e-13
1.785000000000000142e+01,4.999864680609755752e-01,-3.040729431332526598e-13
1.785999999999999943e+01,4.999865709305731931e-01,-1.647988233914208719e-13
1.787000000000000099e+01,4.999866730139890802e-01,2.620513474523912013e-13
1.787999999999999901e+01,4.999867743172676793e-01,2.139309423918522510e-13
1.789000000000000057e+01,4.999868748464066925e-01,9.305200297224152858e-15
1.790000000000000213e+01,4.999869746073574150e-01,-6.171210344583594404e-13
1.791000000000000014e+01,4.999870736060251231e-01,2.622798140493640779e-13
1.792000000000000171e+01,4.999871718482692406e-01,1.055351243508639413e-13
1.792999999999999972e+01,4.999872693399039503e-01,2.277981901451875488e-13
1.794000000000000128e+01,4.999873660866984149e-01,-3.038360934512008074e-13
1.794999999999999929e+01,4.999874620943772219e-01,3.262040514195565155e-13
1.796000000000000085e+01,4.999875573686205499e-01,-5.352852533088285928e-13
1.796999999999999886e+01,4.999876519150647791e-01,5.380831113420685586e-13
1.798000000000000043e+01,4.999877457393024915e-01,-2.710626495515329774e-13
1.799000000000000199e+01,4.999878388468831925e-01,-1.458733616924612776e-13
1.800000000000000000e+01,4.999879312433133660e-01,3.744828522765067304e-13
1.801000000000000156e+01,4.999880229340568638e-01,-3.869249526965265647e-13
1.801999999999999957e+01,4.999881139245354045e-01,3.084400412978720177e-13
1.803000000000000114e+01,4.999882042201286292e-01,-3.780422852559195629e-13
1.803999999999999915e+01,4.999882938261747123e-01,2.404559059783045174e-13
1.805000000000000071e+01,4.999883827479704168e-01,3.847904220461492025e-13
1.805999999999999872e+01,4.999884709907715941e-01,-6.405389632449450281e-13
1.807000000000000028e+01,4.999885585597935722e-01,3.310758556481050059e-13
1.808000000000000185e+01,4.999886454602111563e-01,-2.202654234425102013e-13
1.808999999999999986e+01,4.999887316971592943e-01,2.666053300960533013e-13
1.810000000000000142e+01,4.999888172757331328e-01,-1.121485499740743227e-13
1.810999999999999943e+01,4.999889022009885164e-01,4.574407763218129707e-14
1.812000000000000099e+01,4.999889864779421544e-01,-1.017157599357074583e-13
1.812999999999999901e+01,4.999890701115720093e-01,2.449110350065825939e-13
1.814000000000000057e+01,4.999891531068175188e-01,-3.594752817592491208e-13
1.815000000000000213e+01,4.999892354685800400e-01,5.028523893929113370e-13
1.816000000000000014e+01,4.999893172017229048e-01,-3.252984640375705910e-13
1.817000000000000171e+01,4.999893983110720308e-01,-4.735605365683201429e-13
1.817999999999999972e+01,4.999894788014159763e-01,7.418469028628126689e-13
1.819000000000000128e+01,4.999895586775061629e-01,-4.608030405716539730e-13
1.819999999999999929e+01,4.999896379440575411e-01,4.413600132604391497e-13
1.821000000000000085e+01,4.999897166057484243e-01,-3.776004540241486435e-13
1.821999999999999886e+01,4.999897946672211546e-01,4.503871206767393357e-13
1.823000000000000043e+01,4.999898721330820472e-01,-3.900409813981063080e-13
1.824000000000000199e+01,4.999899490079020015e-01,-1.301760841158691316e-13
1.825000000000000000e+01,4.999900252962165004e-01,9.203996017180732844e-14
1.826000000000000156e+01,4.999901010025259995e-01,2.266875078169467437e-13
1.826999999999999957e+01,4.999901761312962045e-01,-3.530376896938560100e-13
1.828000000000000114e+01,4.999902506869584040e-01,4.812794341024754130e-13
1.828999999999999915e+01,4.999903246739095253e-01,-1.594933028243735135e-13
1.830000000000000071e+01,4.999903980965126893e-01,-1.897247536272443787e-13
1.830999999999999872e+01,4.999904709590972662e-01,2.360576461068303843e-13
1.832000000000000028e+01,4.999905432659591531e-01,-1.682251500136121378e-13
1.833000000000000185e+01,4.999906150213611622e-01,6.665060857554121893e-14
1.833999999999999986e+01,4.999906862295331322e-01,-3.858796536885172662e-13
1.835000000000000142e+01,4.999907568946723169e-01,4.586895880185316789e-13
1.835999999999999943e+01,4.999908270209434402e-01,1.236801752084861015e-13
1.837000000000000099e+01,4.999908966124791965e-01,-5.574828915862163007e-13
1.837999999999999901e+01,4.999909656733804164e-01,3.407388625675236357e-13
1.839000000000000057e+01,4.999910342077161229e-01,2.831880024244435396e-13
1.840000000000000213e+01,4.999911022195240307e-01,-5.102530715777388618e-13
1.841000000000000014e+01,4.999911697128107679e-01,3.830643027308506046e-13
1.842000000000000171e+01,4.999912366915518769e-01,-1.847669078977929149e-13
1.842999999999999972e+01,4.999913031596923685e-01,-3.851175723225210598e-13
1.844000000000000128e+01,4.999913691211467781e-01,4.830835358237003333e-13
1.844999999999999929e+01,4.999914345797993320e-01,3.259841583841966285e-13
1.846000000000000085e+01,4.999914995395043915e-01,-7.492134997006888518e-13
1.846999999999999886e+01,4.999915640040866749e-01,6.790711439132751811e-13
1.848000000000000043e+01,4.999916279773411465e-01,-3.132997108265390246e-13
1.849000000000000199e+01,4.999916914630337383e-01,-3.424370258780354607e-13
1.850000000000000000e+01,4.999917544649012391e-01,6.288479497032660394e-13
1.851000000000000156e+01,4.999918169866515161e-01,-7.124262910776016909e-13
1.851999999999999957e+01,4.999918790319640705e-01,6.309329109267788958e-13
1.853000000000000114e+01,4.999919406044897596e-01,-3.534187393236396186e-13
1.853999999999999915e+01,4.999920017078515189e-01,1.861857336124647828e-13
1.855000000000000071e+01,4.999920623456441948e-01,-2.116299049693189539e-14
1.855999999999999872e+01,4.999921225214349896e-01,6.667798489215471473e-14
1.857000000000000028e+01,4.999921822387635717e-01,-1.901095657773796909e-13
1.858000000000000185e+01,4.999922415011423538e-01,2.174551204835718202e-13
1.858999999999999986e+01,4.999923003120566034e-01,-4.941909950160935363e-13
1.860000000000000142e+01,4.999923586749648319e-01,3.162828422821560548e-13
1.860999999999999943e+01,4.999924165932987385e-01,2.779834619489942866e-13
1.862000000000000099e+01,4.999924740704636550e-01,-2.216494829016202534e-13
1.862999999999999901e+01,4.999925311098387115e-01,-2.554076559655468846e-13
1.864000000000000057e+01,4.999925877147769482e-01,5.335244645114824028e-13
1.865000000000000213e+01,4.999926438886054814e-01,-2.905453282749537874e-13
1.866000000000000014e+01,4.999926996346259478e-01,-1.829024308327580105e-13
1.867000000000000171e+01,4.999927549561144491e-01,5.588467719676656767e-14
1.867999999999999972e+01,4.999928098563218293e-01,1.642643016618692696e-13
1.869000000000000128e+01,4.999928643384738969e-01,-1.348402024302562088e-13
1.869999999999999929e+01,4.999929184057716469e-01,5.321474099089670254e-13
1.871000000000000085e+01,4.999929720613913164e-01,-9.180536770550496665e-13
1.871999999999999886e+01,4.999930253084848841e-01,7.442077581755975383e-13
1.873000000000000043e+01,4.999930781501797372e-01,-3.690182613571847377e-13
1.874000000000000199e+01,4.999931305895794487e-01,3.862082301566140629e-13
1.875000000000000000e+01,4.999931826297634996e-01,-6.870615187892781250e-13
1.876000000000000156e+01,4.999932342737878344e-01,4.716117925364067629e-13
1.876999999999999957e+01,4.999932855246846386e-01,1.367315217576313652e-13
1.878000000000000114e+01,4.999933363854628943e-01,-4.366391137747955252e-13
1.878999999999999915e+01,4.999933868591084352e-01,5.490984197025475981e-13
1.880000000000000071e+01,4.999934369485839469e-01,-6.747203268865723533e-13
1.880999999999999872e+01,4.999934866568295222e-01,4.365277264011327429e-13
1.882000000000000028e+01,4.999935359867623830e-01,8.721915325591417766e-14
1.883000000000000185e+01,4.999935849412774358e-01,1.810873696698659220e-14
1.883999999999999986e+01,4.999936335232472717e-01,-2.634265770165426009e-13
1.885000000000000142e+01,4.999936817355223884e-01,-1.532334161537319867e-13
1.885999999999999943e+01,4.999937295809313009e-01,3.846674069218238685e-13
1.887000000000000099e+01,4.999937770622807087e-01,-2.932578000931545994e-13
1.887999999999999901e+01,4.999938241823558283e-01,4.245238806162640469e-14
1.889000000000000057e+01,4.999938709439203377e-01,2.780348154390039467e-13
1.890000000000000213e+01,4.999939173497166545e-01,-1.590149968715861661e-13
1.891000000000000014e+01,4.999939634024661572e-01,-1.884676605952794837e-13
1.892000000000000171e+01,4.999940091048692414e-01,1.474923660682830439e-13
1.892999999999999972e+01,4.999940544596054859e-01,2.384893142210386605e-13
1.894000000000000128e+01,4.999940994693338747e-01,-5.390381177496312919e-13
1.894999999999999929e+01,4.999941441366930195e-01,5.106808775320900262e-13
1.896000000000000085e+01,4.999941884643010481e-01,-3.569062526413252197e-14
1.896999999999999886e+01,4.999942324547561046e-01,-6.322208035590136149e-14
1.898000000000000043e+01,4.999942761106362932e-01,-2.439875517771848766e-13
1.899000000000000199e+01,4.999943194344999009e-01,-1.520611791471208234e-13
1.900000000000000000e+01,4.999943624288855082e-01,6.269056910849924304e-13
1.901000000000000156e+01,4.999944050963121001e-01,-2.812037089491294887e-13
1.901999999999999957e+01,4.999944474392794547e-01,-2.661375034760707066e-13
1.903000000000000114e+01,4.999944894602680323e-01,4.963218194738101873e-13
1.903999999999999915e+01,4.999945311617391419e-01,-4.030141066780341236e-13
1.905000000000000071e+01,4.999945725461353296e-01,1.666484462514180144e-13
1.905999999999999872e+01,4.999946136158802124e-01,-2.260988994867624876e-13
1.907000000000000028e+01,4.999946543733788662e-01,4.166738328945393348e-13
1.908000000000000185e+01,4.999946948210177711e-01,-3.595155561112482539e-13
1.908999999999999986e+01,4.999947349611651992e-01,-2.423027578758938359e-14
1.910000000000000142e+01,4.999947747961711042e-01,6.120897855948527477e-13
1.910999999999999943e+01,4.999948143283673430e-01,-9.390656605298483149e-13
1.912000000000000099e+01,4.999948535600680644e-01,5.959882169690746377e-13
1.912999999999999901e+01,4.999948924935693206e-01,-6.710918771332216484e-14
1.914000000000000057e+01,4.999949311311497335e-01,1.021083688123640095e-13
1.915000000000000213e+01,4.999949694750703277e-01,-3.166213664640040836e-13
1.916000000000000014e+01,4.999950075275748085e-01,2.141898926458056258e-14
1.917000000000000171e+01,4.999950452908895615e-01,2.302174202687796653e-13
1.917999999999999972e+01,4.999950827672238751e-01,-3.212130481618683084e-14
1.919000000000000128e+01,4.999951199587701067e-01,-7.417579962729656078e-15
1.919999999999999929e+01,4.999951568677037383e-01,-5.770615463423410746e-14
1.921000000000000085e+01,4.999951934961835431e-01,-1.725006419885024168e-16
1.921999999999999886e+01,4.999952298463516964e-01,3.380849334314723047e-13
1.923000000000000043e+01,4.999952659203338867e-01,-5.460167621685993358e-13
1.924000000000000199e+01,4.999953017202395933e-01,2.761306718739886827e-13
1.925000000000000000e+01,4.999953372481619196e-01,1.723286016030416287e-13
1.926000000000000156e+01,4.999953725061779819e-01,-7.251234053777107723e-13
1.926999999999999957e+01,4.999954074963490203e-01,1.038971574166882574e-12
1.928000000000000114e+01,4.999954422207201765e-01,-1.083562700091535353e-12
1.928999999999999915e+01,4.999954766813212714e-01,7.833579775456225348e-13
1.930000000000000071e+01,4.999955108801661385e-01,7.396300038699081016e-14
1.930999999999999872e+01,4.999955448192534013e-01,-3.518574105329271408e-13
1.932000000000000028e+01,4.999955785005663067e-01,-4.175205729801521220e-13
1.933000000000000185e+01,4.999956119260728360e-01,4.997276950678251493e-13
1.933999999999999986e+01,4.999956450977257605e-01,2.371101850230772205e-13
1.935000000000000142e+01,4.999956780174629745e-01,-6.024632056449681443e-13
1.935999999999999943e+01,4.999957106872075507e-01,7.971630701271674305e-13
1.937000000000000099e+01,4.999957431088675741e-01,-5.296359705081873849e-13
1.937999999999999901e+01,4.999957752843367520e-01,-1.205402736773813837e-13
1.939000000000000057e+01,4.999958072154940814e-01,3.730377634053327364e-13
1.940000000000000213e+01,4.999958389042041262e-01,-1.553199149538023465e-13
1.941000000000000014e+01,4.999958703523172399e-01,-4.483964719132220358e-14
1.942000000000000171e+01,4.999959015616695091e-01,-4.186680038857491142e-13
1.942999999999999972e+01,4.999959325340829763e-01,3.673852767025685391e-13
1.944000000000000128e+01,4.999959632713655844e-01,6.283017091670100554e-14
1.944999999999999929e+01,4.999959937753115091e-01,2.943535875058366153e-13
1.946000000000000085e+01,4.999960240477011042e-01,-9.508244364955494108e-14
1.946999999999999886e+01,4.999960540903011230e-01,-6.057353657062537864e-13
1.948000000000000043e+01,4.999960839048647743e-01,3.651941571044740973e-13
1.949000000000000199e+01,4.999961134931316664e-01,-2.919150297844540502e-14
1.950000000000000000e+01,4.999961428568281963e-01,3.517958716834849846e-13
1.951000000000000156e+01,4.999961719976674379e-01,-2.447663846490811352e-13
1.951999999999999957e+01,4.999962009173494204e-01,-2.491463319329334264e-13
1.953000000000000114e+01,4.999962296175610721e-01,2.358954543852055587e-13
1.953999999999999915e+01,4.999962580999763317e-01,-1.117370722738473795e-14
1.955000000000000071e+01,4.999962863662563706e-01,7.223548325557100584e-16
1.955999999999999872e+01,4.999963144180495922e-01,1.451431851459123845e-13
1.957000000000000028e+01,4.999963422569917437e-01,-2.675083157634021750e-13
1.958000000000000185e+01,4.999963698847060822e-01,2.864682869610614489e-13
1.958999999999999986e+01,4.999963973028033193e-01,-5.630451297871867493e-13
1.960000000000000142e+01,4.999964245128819540e-01,3.580143551189669251e-13
1.960999999999999943e+01,4.999964515165280510e-01,1.100599582085308567e-13
1.962000000000000099e+01,4.999964783153156289e-01,1.863917758591920491e-13
1.962999999999999901e+01,4.999965049108066051e-01,-7.024826608192687313e-13
1.964000000000000057e+01,4.999965313045510173e-01,5.886325597734704809e-13
1.965000000000000213e+01,4.999965574980868022e-01,-1.932603776751801953e-14
1.966000000000000014e+01,4.999965834929402941e-01,4.816157080883595016e-14
1.967000000000000171e+01,4.999966092906260595e-01,-5.266702244038127493e-13
1.967999999999999972e+01,4.999966348926471182e-01,2.624768063313850832e-13
1.969000000000000128e+01,4.999966603004948329e-01,-2.624137436167312573e-14
1.969999999999999929e+01,4.999966855156492418e-01,5.991432674197432026e-13
1.971000000000000085e+01,4.999967105395789480e-01,-8.728323041957728270e-13
1.971999999999999886e+01,4.999967353737415077e-01,3.121364165290871763e-13
1.973000000000000043e+01,4.999967600195830419e-01,2.001983080791099219e-14
1.974000000000000199e+01,4.999967844785387361e-01,2.152554420940014064e-13
1.975000000000000000e+01,4.999968087520327287e-01,8.069740375559058296e-14
1.976000000000000156e+01,4.999968328414782781e-01,-6.528367027809731278e-13
1.976999999999999957e+01,4.999968567482778736e-01,5.156385280204471479e-13
1.978000000000000114e+01,4.999968804738230688e-01,-2.624726071126095108e-14
1.978999999999999915e+01,4.999969040194949255e-01,-3.469187769136177234e-13
1.980000000000000071e+01,4.999969273866639030e-01,3.699296761405593145e-13
1.980999999999999872e+01,4.999969505766898581e-01,1.581067782611589350e-13
1.982000000000000028e+01,4.999969735909223223e-01,-1.798454590682058499e-13
1.983000000000000185e+01,4.999969964307005021e-01,-4.022245919265796002e-13
1.983999999999999986e+01,4.999970190973533346e-01,2.821399028608128224e-13
1.985000000000000142e+01,4.999970415921994871e-01,-1.179274631998891411e-13
1.985999999999999943e+01,4.999970639165476349e-01,2.860919233293002879e-13
1.987000000000000099e+01,4.999970860716963506e-01,4.617384457368447354e-14
1.987999999999999901e+01,4.999971080589343253e-01,-7.153739927861614090e-14
1.989000000000000057e+01,4.999971298795403696e-01,-4.169058400627619548e-13
1.990000000000000213e+01,4.999971515347835238e-01,3.201734662556760620e-13
1.991000000000000014e+01,4.999971730259230029e-01,1.128385640299126795e-13
1.992000000000000171e+01,4.999971943542084740e-01,-2.965937401736514937e-13
1.992999999999999972e+01,4.999972155208800562e-01,3.845597183557532885e-13
1.994000000000000128e+01,4.999972365271682651e-01,-4.432279657545961976e-13
1.994999999999999929e+01,4.999972573742943460e-01,1.661934305018368286e-13
1.996000000000000085e+01,4.999972780634700520e-01,1.577432239645519660e-13
1.996999999999999886e+01,4.999972985958979210e-01,2.456575253547560456e-13
1.998000000000000043e+01,4.999973189727712763e-01,-5.268153836692968301e-13
1.999000000000000199e+01,4.999973391952743929e-01,2.094659280390934636e-13
2.000000000000000000e+01,4.999973592645823306e-01,-1.780103842108360368e-13
2.001000000000000156e+01,4.999973791818612678e-01,1.133919018287639276e-13
2.001999999999999957e+01,4.999973989482683900e-01,1.057315518207278056e-13
2.003000000000000114e+01,4.999974185649520564e-01,-7.444869871394620099e-14
2.003999999999999915e+01,4.999974380330518553e-01,2.496284117351381469e-13
2.005000000000000071e+01,4.999974573536986044e-01,-4.713983775031483584e-13
2.005999999999999872e+01,4.999974765280145728e-01,9.411452173655203337e-14
2.007000000000000028e+01,4.999974955571133139e-01,3.872139557588578609e-13
2.008000000000000185e+01,4.999975144420998885e-01,-6.023737285519613279e-13
2.008999999999999986e+01,4.999975331840710302e-01,5.521965827852038538e-13
2.010000000000000142e+01,4.999975517841148687e-01,5.595710462827589834e-14
2.010999999999999943e+01,4.999975702433113733e-01,-3.408838077189605184e-13
2.012000000000000099e+01,4.999975885627322425e-01,-2.081861294684142494e-15
2.012999999999999901e+01,4.999976067434409033e-01,3.804094674283643892e-14
2.014000000000000057e+01,4.999976247864926782e-01,-1.499110198124243334e-13
2.015000000000000213e+01,4.999976426929348405e-01,6.106703921298782029e-13
2.016000000000000014e+01,4.999976604638065592e-01,-3.950521567719031559e-13
2.017000000000000171e+01,4.999976781001392312e-01,-3.353725673071014424e-13
2.017999999999999972e+01,4.999976956029562603e-01,2.870407358613757834e-13
2.019000000000000128e+01,4.999977129732731673e-01,4.089850328762197334e-13
2.019999999999999929e+01,4.999977302120977574e-01,-4.831191827288294977e-13
2.021000000000000085e+01,4.999977473204302303e-01,-1.309498512807545564e-13
2.021999999999999886e+01,4.999977642992630145e-01,3.890209673294241753e-13
2.023000000000000043e+01,4.999977811495809332e-01,-5.269367903839344467e-15
2.024000000000000199e+01,4.999977978723613714e-01,-1.798986958300946115e-13
2.025000000000000000e+01,4.999978144685742198e-01,-1.150929488894144594e-13
2.026000000000000156e+01,4.999978309391819309e-01,2.044909569445748531e-13
2.026999999999999957e+01,4.999978472851395739e-01,-3.210177080970202614e-13
2.028000000000000114e+01,4.999978635073950017e-01,5.354392964676217136e-13
2.028999999999999915e+01,4.999978796068886844e-01,-5.552093544647441537e-13
2.030000000000000071e+01,4.999978955845540973e-01,2.905290267023674048e-13
2.030999999999999872e+01,4.999979114413173886e-01,2.909479443694261154e-13
2.032000000000000028e+01,4.999979271780977119e-01,-5.656940357796328458e-13
2.033000000000000185e+01,4.999979427958072820e-01,4.816594805805516765e-13
2.033999999999999986e+01,4.999979582953511525e-01,-4.721809363141609111e-13
2.035000000000000142e+01,4.999979736776276606e-01,4.351305011118768233e-13
2.035999999999999943e+01,4.999979889435280933e-01,-1.544698117238724861e-13
2.037000000000000099e+01,4.999980040939370762e-01,-5.251227504780789509e-14
2.037999999999999901e+01,4.999980191297324073e-01,1.505871809355779217e-13
2.039000000000000057e+01,4.999980340517851674e-01,-1.401658338094026506e-13
2.040000000000000213e+01,4.999980488609598317e-01,-4.135461036504031350e-13
2.041000000000000014e+01,4.999980635581142696e-01,9.489808293958925664e-13
2.042000000000000171e+01,4.999980781440996336e-01,-5.457218363872030415e-13
2.042999999999999972e+01,4.999980926197608588e-01,4.261469217393541904e-14
2.044000000000000128e+01,4.999981069859362193e-01,-1.202816113616905162e-13
2.044999999999999929e+01,4.999981212434576605e-01,1.248074584825205845e-14
2.046000000000000085e+01,4.999981353931507444e-01,-1.812081765263582050e-13
2.046999999999999886e+01,4.999981494358347600e-01,3.383491242518005623e-13
2.048000000000000043e+01,4.999981633723226682e-01,-1.688310949377047621e-13
2.049000000000000199e+01,4.999981772034213234e-01,4.395656470447423947e-13
2.050000000000000000e+01,4.999981909299313076e-01,-1.388320353001491986e-13
2.051000000000000156e+01,4.999982045526472074e-01,-3.246083043714746453e-13
2.051999999999999957e+01,4.999982180723575032e-01,-2.065491756438769968e-13
2.053000000000000114e+01,4.999982314898446245e-01,6.781791667625648571e-13
2.053999999999999915e+01,4.999982448058849505e-01,-5.430172431930215562e-13
2.055000000000000071e+01,4.999982580212491423e-01,4.710064117627267897e-13
2.055999999999999872e+01,4.999982711367017552e-01,-2.687787303472263345e-13
2.057000000000000028e+01,4.999982841530016819e-01,-9.405379572110188604e-14
2.058000000000000185e+01,4.999982970709019314e-01,-2.251274563519187254e-13
2.058999999999999986e+01,4.999983098911497947e-01,3.346064656315699915e-13
2.060000000000000142e+01,4.999983226144867898e-01,3.577785317232097897e-13
2.060999999999999943e+01,4.999983352416488280e-01,-8.321773913048667354e-13
2.062000000000000099e+01,4.999983477733663251e-01,5.273078288519051179e-13
2.062999999999999901e+01,4.999983602103638680e-01,-1.317896080561732646e-13
2.064000000000000057e+01,4.999983725533607148e-01,3.902693198813459124e-13
2.065000000000000213e+01,4.999983848030705169e-01,-2.608475716769148367e-13
2.066000000000000014e+01,4.999983969602015965e-01,-1.920871234878784980e-15
2.067000000000000171e+01,4.999984090254567803e-01,-8.324365761340069404e-14
2.067999999999999972e+01,4.999984209995335660e-01,-9.339512292986823261e-14
2.069000000000000128e+01,4.999984328831241220e-01,-1.790922681070844654e-13
2.069999999999999929e+01,4.999984446769153434e-01,6.203998667437543924e-13
2.071000000000000085e+01,4.999984563815887961e-01,-6.241030748574061534e-13
2.071999999999999886e+01,4.999984679978210500e-01,3.723585146882677285e-13
2.073000000000000043e+01,4.999984795262832904e-01,1.203177960268620686e-13
2.074000000000000199e+01,4.999984909676417066e-01,-4.329655673917629603e-13
2.075000000000000000e+01,4.999985023225574365e-01,2.130009689445497650e-13
2.076000000000000156e+01,4.999985135916864554e-01,2.248236118959229946e-13
2.076999999999999957e+01,4.999985247756797979e-01,-5.694633699025921779e-13
2.078000000000000114e+01,4.999985358751836140e-01,4.319520893204694173e-13
2.078999999999999915e+01,4.999985468908389463e-01,2.766088291063193379e-13
2.080000000000000071e+01,4.999985578232820638e-01,-6.614260421428457039e-13
2.080999999999999872e+01,4.999985686731444612e-01,7.663252407458047264e-13
2.082000000000000028e+01,4.999985794410525819e-01,-6.222871108368016306e-13
2.083000000000000185e+01,4.999985901276283728e-01,-2.032165841228486151e-14
2.083999999999999986e+01,4.999986007334888405e-01,1.609781033132671983e-13
2.085000000000000142e+01,4.999986112592463283e-01,2.821148923469256773e-13
2.085999999999999943e+01,4.999986217055085169e-01,-4.095717719238034074e-13
2.087000000000000099e+01,4.999986320728785349e-01,1.066883764109815999e-13
2.087999999999999901e+01,4.999986423619547926e-01,-3.684329342738194672e-14
2.089000000000000057e+01,4.999986525733312037e-01,6.450428325607113667e-14
2.090000000000000213e+01,4.999986627075971302e-01,2.028163655286637109e-13
2.091000000000000014e+01,4.999986727653374374e-01,-3.880783918847511175e-13
2.092000000000000171e+01,4.999986827471326056e-01,2.991385554518798118e-13
2.092999999999999972e+01,4.999986926535585630e-01,-1.719423297769101809e-13
2.094000000000000128e+01,4.999987024851869633e-01,2.003409112241523159e-13
2.094999999999999929e+01,4.999987122425850194e-01,8.469199882639434857e-14
2.096000000000000085e+01,4.999987219263156701e-01,-1.879065181554428956e-13
2.096999999999999886e+01,4.999987315369375795e-01,-2.886621358316608421e-13
2.098000000000000043e+01,4.999987410750051375e-01,6.643206665831736504e-13
2.099000000000000199e+01,4.999987505410684041e-01,-3.363833548576473709e-13
2.100000000000000000e+01,4.999987599356734425e-01,-1.943689918004267117e-13
2.101000000000000156e+01,4.999987692593620414e-01,-2.557952197419160217e-13
2.101999999999999957e+01,4.999987785126718820e-01,9.063127930721725416e-13
2.103000000000000114e+01,4.999987876961364264e-01,-8.359557168546147393e-13
2.103999999999999915e+01,4.999987968102853619e-01,3.800480737010476291e-13
2.105000000000000071e+01,4.999988058556440462e-01,-1.321634475032818282e-13
2.105999999999999872e+01,4.999988148327340065e-01,1.540774472029863280e-13
2.107000000000000028e+01,4.999988237420727177e-01,-1.221910960385384800e-13
2.108000000000000185e+01,4.999988325841737691e-01,-1.040549156275773221e-13
2.108999999999999986e+01,4.999988413595468084e-01,5.085096902868405929e-13
2.110000000000000142e+01,4.999988500686975423e-01,-2.080421800968510927e-13
2.110999999999999943e+01,4.999988587121279582e-01,-2.936670394691137537e-13
2.112000000000000099e+01,4.999988672903361575e-01,-1.029521584704632732e-14
2.112999999999999901e+01,4.999988758038164116e-01,3.776604430150555611e-13
2.114000000000000057e+01,4.999988842530592170e-01,-5.074699464385367434e-13
2.115000000000000213e+01,4.999988926385514620e-01,3.961486707403305690e-13
2.116000000000000014e+01,4.999989009607761492e-01,4.186621644670805226e-14
2.117000000000000171e+01,4.999989092202127283e-01,-1.789808460447755151e-13
2.117999999999999972e+01,4.999989174173369855e-01,1.333507325795965561e-14
2.119000000000000128e+01,4.999989255526210430e-01,-2.141439914539378824e-13
2.119999999999999929e+01,4.999989336265334705e-01,5.242575241763250244e-13
2.121000000000000085e+01,4.999989416395391739e-01,-2.743016799043202376e-13
2.121999999999999886e+01,4.999989495920996729e-01,-1.186344195028593600e-13
2.123000000000000043e+01,4.999989574846728790e-01,1.503515870460448228e-13
2.124000000000000199e+01,4.999989653177132065e-01,-3.110520838473533457e-13
2.125000000000000000e+01,4.999989730916716835e-01,4.274285174095450129e-13
2.126000000000000156e+01,4.999989808069957853e-01,-1.471281939140806121e-13
2.126999999999999957e+01,4.999989884641297122e-01,-1.090398601512380478e-13
2.128000000000000114e+01,4.999989960635142228e-01,2.457003898673334333e-13
2.128999999999999915e+01,4.999990036055866893e-01,-4.919740310531149367e-13
2.130000000000000071e+01,4.999990110907812646e-01,7.086448016877421247e-13
2.130999999999999872e+01,4.999990185195286041e-01,-8.961861312097412139e-13
2.132000000000000028e+01,4.999990258922563657e-01,1.050986898095219513e-12
2.133000000000000185e+01,4.999990332093885992e-01,-9.728390606918328469e-13
2.133999999999999986e+01,4.999990404713465231e-01,4.956135861098533049e-13
2.135000000000000142e+01,4.999990476785478033e-01,1.509795736335444659e-13
2.135999999999999943e+01,4.999990548314071082e-01,-9.901609286015407746e-14
2.137000000000000099e+01,4.999990619303359418e-01,-5.682503485110336263e-13
2.137999999999999901e+01,4.999990689757426998e-01,6.487583570892815768e-13
2.139000000000000057e+01,4.999990759680325025e-01,-9.638030854626147289e-14
2.140000000000000213e+01,4.999990829076075838e-01,-3.481027771167536603e-13
2.141000000000000014e+01,4.999990897948670687e-01,6.834985312758068093e-13
2.142000000000000171e+01,4.999990966302069184e-01,-6.557775771657499598e-13
2.142999999999999972e+01,4.999991034140203183e-01,3.053627825516026347e-13
2.144000000000000128e+01,4.999991101466972343e-01,-8.987317523471746158e-14
2.144999999999999929e+01,4.999991168286248011e-01,5.030888940678558609e-14
2.146000000000000085e+01,4.999991234601871559e-01,-1.591279531223208308e-13
2.146999999999999886e+01,4.999991300417655493e-01,6.032263261880417337e-14
2.148000000000000043e+01,4.999991365737382898e-01,3.754118627929319761e-13
2.149000000000000199e+01,4.999991430564807993e-01,-6.598556365867751185e-13
2.150000000000000000e+01,4.999991494903657796e-01,5.038979569500695845e-13
2.151000000000000156e+01,4.999991558757628796e-01,-3.576551860111895651e-13
2.151999999999999957e+01,4.999991622130391389e-01,3.008804481948698446e-13
2.153000000000000114e+01,4.999991685025586552e-01,-8.261130592763415967e-14
2.153999999999999915e+01,4.999991747446828616e-01,-1.866574830273145695e-13
2.155000000000000071e+01,4.999991809397704157e-01,1.991041709049848391e-13
2.155999999999999872e+01,4.999991870881771994e-01,1.728248548141702002e-13
2.157000000000000028e+01,4.999991931902564302e-01,-5.899688865834272584e-14
2.158000000000000185e+01,4.999991992463586610e-01,-2.912779172375109098e-13
2.158999999999999986e+01,4.999992052568317802e-01,2.350460223296247239e-13
2.160000000000000142e+01,4.999992112220209561e-01,5.669127719833725140e-14
2.160999999999999943e+01,4.999992171422688036e-01,-6.264209291132555597e-13
2.162000000000000099e+01,4.999992230179153840e-01,6.058017434365479247e-13
2.162999999999999901e+01,4.999992288492979831e-01,6.497092636588562524e-14
2.164000000000000057e+01,4.999992346367514995e-01,-3.884177586261536479e-13
2.165000000000000213e+01,4.999992403806082786e-01,5.509461247542207038e-13
2.166000000000000014e+01,4.999992460811980011e-01,-8.102699541318874312e-13
2.167000000000000171e+01,4.999992517388480717e-01,7.156674563438452810e-13
2.167999999999999972e+01,4.999992573538831198e-01,-2.322808816983611741e-13
2.169000000000000128e+01,4.999992629266255539e-01,-1.355689995439458289e-13
2.169999999999999929e+01,4.999992684573952295e-01,8.314041978856890673e-14
2.171000000000000085e+01,4.999992739465095593e-01,5.427081835419346909e-14
2.171999999999999886e+01,4.999992793942835689e-01,-3.814132353521786252e-14
2.173000000000000043e+01,4.999992848010298974e-01,-1.130183919833509644e-14
2.174000000000000199e+01,4.999992901670587964e-01,3.163412366673653173e-13
2.175000000000000000e+01,4.999992954926781308e-01,-5.410163058246964237e-13
2.176000000000000156e+01,4.999993007781935450e-01,3.710802090462452745e-13
2.176999999999999957e+01,4.999993060239081855e-01,-1.006930783816034095e-13
2.178000000000000114e+01,4.999993112301230336e-01,-1.155508323418304687e-13
2.178999999999999915e+01,4.999993163971367394e-01,-5.386968726067891067e-14
2.180000000000000071e+01,4.999993215252456769e-01,2.576737243541542820e-13
2.180999999999999872e+01,4.999993266147439441e-01,-1.195272293200440595e-13
2.182000000000000028e+01,4.999993316659234743e-01,9.521160975508966847e-14
2.183000000000000185e+01,4.999993366790739246e-01,-3.901292812079606696e-14
2.183999999999999986e+01,4.999993416544827873e-01,-3.545166297272237648e-13
2.185000000000000142e+01,4.999993465924353897e-01,4.259479560360022051e-13
2.185999999999999943e+01,4.999993514932147831e-01,2.472964777932370141e-13
2.187000000000000099e+01,4.999993563571019650e-01,-7.271813340013157059e-13
2.187999999999999901e+01,4.999993611843758790e-01,4.415201192626930350e-13
2.189000000000000057e+01,4.999993659753131370e-01,2.940701969235184955e-14
2.190000000000000213e+01,4.999993707301884083e-01,-1.384691448192925258e-13
2.191000000000000014e+01,4.999993754492742526e-01,9.728693458916407813e-14
2.192000000000000171e+01,4.999993801328411203e-01,-2.157697175788265935e-13
2.192999999999999972e+01,4.999993847811574632e-01,1.893354880558050893e-13
2.194000000000000128e+01,4.999993893944896239e-01,-1.973153358475208792e-13
2.194999999999999929e+01,4.999993939731020021e-01,4.439892834542160052e-13
2.196000000000000085e+01,4.999993985172568878e-01,-5.095181006460374971e-13
2.196999999999999886e+01,4.999994030272147394e-01,4.249051484893804715e-13
2.198000000000000043e+01,4.999994075032338503e-01,-4.877811581027995808e-13
2.199000000000000199e+01,4.999994119455707375e-01,2.325970942846072509e-13
2.200000000000000000e+01,4.999994163544798087e-01,-4.081205071104178556e-14
2.201000000000000156e+01,4.999994207302136395e-01,5.045443907769599034e-13
2.201999999999999957e+01,4.999994250730228074e-01,-7.612002535981441524e-13
2.203000000000000114e+01,4.999994293831561687e-01,7.483954760767784596e-13
2.203999999999999915e+01,4.999994336608604151e-01,-3.738448349064700203e-13
2.205000000000000071e+01,4.999994379063806282e-01,-9.984102232383109922e-14
2.205999999999999872e+01,4.999994421199598915e-01,4.738505850281270285e-14
2.207000000000000028e+01,4.999994463018394564e-01,-3.469528256793336557e-13
2.208000000000000185e+01,4.999994504522587979e-01,5.224118239523763962e-13
2.208999999999999986e+01,4.999994545714554484e-01,1.832895161016863980e-14
2.210000000000000142e+01,4.999994586596652746e-01,-5.684385841796808065e-14
2.210999999999999943e+01,4.999994627171223116e-01,-1.216295519992057750e-13
2.212000000000000099e+01,4.999994667440588181e-01,-4.061408633298235285e-14
2.212999999999999901e+01,4.999994707407052763e-01,-2.346688077076842582e-13
2.214000000000000057e+01,4.999994747072904477e-01,5.400254543459995379e-13
2.215000000000000213e+01,4.999994786440412620e-01,-3.602090722446593683e-13
2.216000000000000014e+01,4.999994825511830943e-01,-2.871770209611948280e-14
2.217000000000000171e+01,4.999994864289394880e-01,-2.000730004071732849e-16
2.217999999999999972e+01,4.999994902775323213e-01,4.097229894336240470e-13
2.219000000000000128e+01,4.999994940971817514e-01,-3.364369333377733455e-13
2.219999999999999929e+01,4.999994978881063812e-01,1.091086680455276383e-13
2.221000000000000085e+01,4.999995016505230372e-01,2.076554009575412437e-13
2.221999999999999886e+01,4.999995053846469362e-01,-4.710873780274982725e-13
2.223000000000000043e+01,4.999995090906917405e-01,4.180466514257284893e-13
2.224000000000000199e+01,4.999995127688693364e-01,-3.322692840293930427e-13
2.225000000000000000e+01,4.999995164193901664e-01,1.758484119826035709e-13
2.226000000000000156e+01,4.999995200424629527e-01,-1.563620576655872692e-13
2.226999999999999957e+01,4.999995236382949182e-01,-9.828633815586525172e-14
2.228000000000000114e+01,4.999995272070916763e-01,4.701578992540544280e-13
2.228999999999999915e+01,4.999995307490572305e-01,-5.532528724626028056e-13
2.230000000000000071e+01,4.999995342643941965e-01,2.801755464433471043e-13
2.230999999999999872e+01,4.999995377533034691e-01,3.122414113252446956e-13
2.232000000000000028e+01,4.999995412159844999e-01,-3.416810840649213046e-13
2.233000000000000185e+01,4.999995446526352971e-01,9.912677610459223008e-14
2.233999999999999986e+01,4.999995480634522593e-01,8.383878491428781109e-14
2.235000000000000142e+01,4.999995514486303416e-01,-2.744772157432914380e-13
2.235999999999999943e+01,4.999995548083630559e-01,2.471611665033746262e-13
2.237000000000000099e+01,4.999995581428423597e-01,-4.601793602202488320e-13
2.237999999999999901e+01,4.999995614522588783e-01,4.900702026703828349e-13
2.239000000000000057e+01,4.999995647368016272e-01,-1.228009617424863239e-13
2.240000000000000213e+01,4.999995679966583451e-01,3.047760457274804473e-14
2.241000000000000014e+01,4.999995712320152719e-01,-5.182885579859095816e-14
2.242000000000000171e+01,4.999995744430572597e-01,-2.624208710383316552e-13
2.242999999999999972e+01,4.999995776299677730e-01,6.160124919206318568e-13
2.244000000000000128e+01,4.999995807929287772e-01,-6.418900616014353162e-13
2.244999999999999929e+01,4.999995839321210722e-01,5.099297314540871014e-13
2.246000000000000085e+01,4.999995870477238480e-01,-2.650298107009863987e-13
2.246999999999999886e+01,4.999995901399151288e-01,-8.821263578438135787e-14
2.248000000000000043e+01,4.999995932088714956e-01,3.316485085642456205e-14
2.249000000000000199e+01,4.999995962547681971e-01,2.009233091683243075e-13
2.250000000000000000e+01,4.999995992777791498e-01,-3.916620114796912127e-14
2.251000000000000156e+01,4.999996022780769933e-01,-3.177271738330833096e-14
2.251999999999999957e+01,4.999996052558330351e-01,-2.324791237741871307e-13
2.253000000000000114e+01,4.999996082112173057e-01,5.680496081909390820e-13
2.253999999999999915e+01,4.999996111443984481e-01,-8.634476107597300870e-13
2.255000000000000071e+01,4.999996140555440505e-01,5.666148752471486150e-13
2.255999999999999872e+01,4.999996169448201466e-01,-4.095837144729373173e-14
2.257000000000000028e+01,4.999996198123917157e-01,1.846350510597523362e-13
2.258000000000000185e+01,4.999996226584224046e-01,-3.268638681188592685e-13
2.258999999999999986e+01,4.999996254830746945e-01,1.843347482933545369e-13
2.260000000000000142e+01,4.999996282865097341e-01,1.466344253516800803e-13
2.260999999999999943e+01,4.999996310688875067e-01,-3.475001381523280023e-13
2.262000000000000099e+01,4.999996338303668297e-01,-9.557852102855506348e-14
2.262999999999999901e+01,4.999996365711052437e-01,4.392086684535021405e-13
2.264000000000000057e+01,4.999996392912590681e-01,-3.182084062251464164e-13
2.265000000000000213e+01,4.999996419909835677e-01,-5.740879319305437120e-14
2.266000000000000014e+01,4.999996446704327302e-01,2.012030460839506132e-13
2.267000000000000171e+01,4.999996473297593780e-01,-9.047540196872177015e-15
2.267999999999999972e+01,4.999996499691152230e-01,-4.513303800674300769e-14
2.269000000000000128e+01,4.999996525886508114e-01,1.804476148863618830e-13
2.269999999999999929e+01,4.999996551885155238e-01,-3.560655808354041828e-13
2.271000000000000085e+01,4.999996577688576860e-01,9.676581787730426925e-14
2.271999999999999886e+01,4.999996603298244024e-01,5.144908364735478627e-13
2.273000000000000043e+01,4.999996628715616676e-01,-6.843061887285289686e-13
2.274000000000000199e+01,4.999996653942145319e-01,4.705873016603703748e-13
2.275000000000000000e+01,4.999996678979267140e-01,-3.781921357240465056e-13
2.276000000000000156e+01,4.999996703828410438e-01,1.825453721009512897e-13
2.276999999999999957e+01,4.999996728490991305e-01,1.477360907197210654e-14
2.278000000000000114e+01,4.999996752968415836e-01,-2.452409799953720228e-13
2.278999999999999915e+01,4.999996777262079584e-01,5.940500151654710664e-13
2.280000000000000071e+01,4.999996801373366440e-01,-7.182463688109425903e-13
2.280999999999999872e+01,4.999996825303651971e-01,3.385621828198457932e-13
2.282000000000000028e+01,4.999996849054298975e-01,-4.190528778692895759e-14
2.283000000000000185e+01,4.999996872626661371e-01,4.390175075565716176e-13
2.283999999999999986e+01,4.999996896022081971e-01,-3.614826379465572689e-13
2.285000000000000142e+01,4.999996919241894711e-01,-1.458031665236402070e-13
2.285999999999999943e+01,4.999996942287422419e-01,5.291550710728644430e-14
2.287000000000000099e+01,4.999996965159977935e-01,3.107518068823732132e-13
2.287999999999999901e+01,4.999996987860864106e-01,-4.074280734090127158e-13
2.289000000000000057e+01,4.999997010391374896e-01,1.939069566524156825e-13
2.290000000000000213e+01,4.999997032752793169e-01,-3.116351184558992071e-14
2.291000000000000014e+01,4.999997054946392905e-01,1.011623674370566633e-13
2.292000000000000171e+01,4.999997076973438093e-01,-4.462764509306136949e-13
2.292999999999999972e+01,4.999997098835183840e-01,6.200509469133098217e-13
2.294000000000000128e+01,4.999997120532874151e-01,-5.138363579413148288e-13
2.294999999999999929e+01,4.999997142067745814e-01,1.092227252736576110e-13
2.296000000000000085e+01,4.999997163441024517e-01,3.403717010156746618e-13
2.296999999999999886e+01,4.999997184653927063e-01,-3.056372271822134384e-13
2.298000000000000043e+01,4.999997205707661929e-01,-9.351313602354628707e-14
2.299000000000000199e+01,4.999997226603427602e-01,4.915556024681739267e-13
2.300000000000000000e+01,4.999997247342413131e-01,-1.473386630097618580e-13
2.301000000000000156e+01,4.999997267925799793e-01,-2.767971037517169815e-13
2.301999999999999957e+01,4.999997288354759428e-01,1.714666636287727312e-13
2.303000000000000114e+01,4.999997308630454440e-01,-4.008211900565286899e-13
2.303999999999999915e+01,4.999997328754039461e-01,2.937245354336073876e-13
2.305000000000000071e+01,4.999997348726659130e-01,1.010259001060399508e-13
2.305999999999999872e+01,4.999997368549450316e-01,1.968158699529199353e-13
2.307000000000000028e+01,4.999997388223541006e-01,-4.640499983984388148e-13
2.308000000000000185e+01,4.999997407750051415e-01,4.039748749312676033e-13
2.308999999999999986e+01,4.999997427130091765e-01,-4.656326392759493171e-13
2.310000000000000142e+01,4.999997446364765619e-01,3.215667270700880845e-13
2.310999999999999943e+01,4.999997465455166545e-01,5.353907014462839056e-14
2.312000000000000099e+01,4.999997484402380898e-01,-9.707920741854243322e-14
2.312999999999999901e+01,4.999997503207486704e-01,-6.783894673880251056e-14
2.314000000000000057e+01,4.999997521871553663e-01,2.033056331565058803e-13
2.315000000000000213e+01,4.999997540395643147e-01,-3.327611464500248970e-13
2.316000000000000014e+01,4.999997558780809315e-01,6.056326281006994670e-13
2.317000000000000171e+01,4.999997577028096885e-01,-8.072453054622398499e-13
2.317999999999999972e+01,4.999997595138545026e-01,4.847755669233852250e-13
2.319000000000000128e+01,4.999997613113182360e-01,1.007372279589670677e-13
2.319999999999999929e+01,4.999997630953031402e-01,-2.356496224216738869e-13
2.321000000000000085e+01,4.999997648659106897e-01,8.968602584942918814e-14
2.321999999999999886e+01,4.999997666232415261e-01,2.478335031801271327e-14
2.323000000000000043e+01,4.999997683673955695e-01,-3.729340161398140124e-13
2.324000000000000199e+01,4.999997700984720184e-01,6.196488866097628743e-13
2.325000000000000000e+01,4.999997718165691829e-01,-2.715587611394145125e-13
2.326000000000000156e+01,4.999997735217848183e-01,-2.149362659760465420e-13
2.326999999999999957e+01,4.999997752142158469e-01,2.909935161084907687e-13
2.328000000000000114e+01,4.999997768939584142e-01,-3.638577602637522998e-13
2.328999999999999915e+01,4.999997785611080547e-01,6.514449897422555615e-13
2.330000000000000071e+01,4.999997802157594151e-01,-4.944210872843591532e-13
2.330999999999999872e+01,4.999997818580066422e-01,1.385202846667479370e-13
2.332000000000000028e+01,4.999997834879429948e-01,-1.710591121760648567e-13
2.333000000000000185e+01,4.999997851056611209e-01,2.955687737729876448e-13
2.333999999999999986e+01,4.999997867112528915e-01,-6.292316591604334531e-13
2.335000000000000142e+01,4.999997883048096226e-01,4.381636619100876611e-13
2.335999999999999943e+01,4.999997898864217416e-01,2.195979319232561649e-13
2.337000000000000099e+01,4.999997914561791212e-01,-1.234337300725099563e-13
2.337999999999999901e+01,4.999997930141709679e-01,1.582066623086669057e-14
2.339000000000000057e+01,4.999997945604857663e-01,-4.218316114917303994e-13
2.340000000000000213e+01,4.999997960952113907e-01,2.798945785489660604e-13
2.341000000000000014e+01,4.999997976184349380e-01,5.062147423909602601e-13
2.342000000000000171e+01,4.999997991302428946e-01,-8.040464939642500654e-13
2.342999999999999972e+01,4.999998006307212473e-01,2.848640136313560414e-13
2.344000000000000128e+01,4.999998021199550946e-01,4.920305725239735783e-13
2.344999999999999929e+01,4.999998035980289801e-01,-6.898518418440668044e-13
2.346000000000000085e+01,4.999998050650269477e-01,1.186161971904208496e-13
2.346999999999999886e+01,4.999998065210322085e-01,1.904162336489602490e-13
2.348000000000000043e+01,4.999998079661274186e-01,1.279638424360177298e-13
2.349000000000000199e+01,4.999998094003946236e-01,-2.151608322361058576e-14
2.350000000000000000e+01,4.999998108239152583e-01,-2.111283960891518755e-13
2.351000000000000156e+01,4.999998122367701470e-01,1.610954682215998113e-13
2.351999999999999957e+01,4.999998136390394476e-01,-5.241935003985677813e-13
2.353000000000000114e+01,4.999998150308028189e-01,5.548013646923384098e-13
2.353999999999999915e+01,4.999998164121391420e-01,1.130009542930824912e-13
2.355000000000000071e+01,4.999998177831268542e-01,-6.949570961167958094e-13
2.355999999999999872e+01,4.999998191438438377e-01,3.969013148705469681e-13
2.357000000000000028e+01,4.999998204943671976e-01,1.026059864546042649e-13
2.358000000000000185e+01,4.999998218347735945e-01,1.311961447961787818e-13
2.358999999999999986e+01,4.999998231651390790e-01,-2.853723804244450580e-14
2.360000000000000142e+01,4.999998244855391460e-01,-3.332282660704661365e-13
2.360999999999999943e+01,4.999998257960487358e-01,3.708812634863955661e-13
2.362000000000000099e+01,4.999998270967421221e-01,-9.390516165846164957e-14
2.362999999999999901e+01,4.999998283876931349e-01,-5.753302158305424233e-13
2.364000000000000057e+01,4.999998296689750488e-01,6.348628146966516166e-13
2.365000000000000213e+01,4.999998309406604169e-01,-3.075086872943989869e-13
2.366000000000000014e+01,4.999998322028214592e-01,5.247860355155928654e-13
2.367000000000000171e+01,4.999998334555296742e-01,-7.129671331072709924e-13
2.367999999999999972e+01,4.999998346988562270e-01,4.612354042250058555e-13
2.369000000000000128e+01,4.999998359328715059e-01,2.025887021124850947e-13
2.369999999999999929e+01,4.999998371576455103e-01,-3.390975966967752585e-13
2.371000000000000085e+01,4.999998383732477403e-01,-1.333488593960122053e-14
2.371999999999999886e+01,4.999998395797470851e-01,-4.457546379973759124e-13
2.373000000000000043e+01,4.999998407772119902e-01,6.238091351712529734e-13
2.374000000000000199e+01,4.999998419657102344e-01,-9.638881240467296512e-14
2.375000000000000000e+01,4.999998431453092640e-01,2.077103109403730776e-13
2.376000000000000156e+01,4.999998443160759143e-01,-6.459180366028727609e-13
2.376999999999999957e+01,4.999998454780766322e-01,7.120672081239938507e-13
2.378000000000000114e+01,4.999998466313771428e-01,-6.767220182978546382e-13
2.378999999999999915e+01,4.999998477760429494e-01,7.765870346033919488e-13
2.380000000000000071e+01,4.999998489121387779e-01,-4.418294628369077143e-13
2.380999999999999872e+01,4.999998500397291323e-01,-4.096351623674159268e-13
2.382000000000000028e+01,4.999998511588779060e-01,3.556305940086957986e-13
2.383000000000000185e+01,4.999998522696484371e-01,2.250143641623221938e-13
2.383999999999999986e+01,4.999998533721036753e-01,-2.106452596249259839e-13
2.385000000000000142e+01,4.999998544663061262e-01,1.950431721568854806e-13
2.385999999999999943e+01,4.999998555523177401e-01,-1.875771704307603993e-13
2.387000000000000099e+01,4.999998566302000791e-01,3.422899328412958819e-13
2.387999999999999901e+01,4.999998577000141498e-01,-4.008716167518733497e-13
2.389000000000000057e+01,4.999998587618206258e-01,-1.618459099122977553e-13
2.390000000000000213e+01,4.999998598156796259e-01,5.394510965312071127e-13
2.391000000000000014e+01,4.999998608616507689e-01,-4.836780518364604124e-13
2.392000000000000171e+01,4.999998618997933963e-01,1.335308211098170463e-13
2.392999999999999972e+01,4.999998629301662390e-01,2.048641529890962770e-13
2.394000000000000128e+01,4.999998639528276390e-01,-2.365893728940082046e-13
2.394999999999999929e+01,4.999998649678355500e-01,-4.724146729218297549e-14
2.396000000000000085e+01,4.999998659752474262e-01,2.511500560479268317e-13
2.396999999999999886e+01,4.999998669751202773e-01,1.361067136711924612e-13
2.398000000000000043e+01,4.999998679675107249e-01,-3.601572751459590021e-13
2.399000000000000199e+01,4.999998689524750017e-01,-9.492880058809794486e-14
2.400000000000000000e+01,4.999998699300688410e-01,4.091310623621779996e-13
2.401000000000000156e+01,4.999998709003475317e-01,7.329868929778270133e-14
2.401999999999999957e+01,4.999998718633660300e-01,-5.161497212615651174e-13
2.403000000000000114e+01,4.999998728191789032e-01,3.379254614151814658e-13
2.403999999999999915e+01,4.999998737678401639e-01,-1.089058128198214204e-13
2.405000000000000071e+01,4.999998747094035467e-01,-1.608164687110198170e-13
2.406000000000000227e+01,4.999998756439223424e-01,2.131223640356454140e-13
2.407000000000000028e+01,4.999998765714493976e-01,-6.700453675794731031e-14
2.408000000000000185e+01,4.999998774920372258e-01,1.390774723147168784e-13
2.408999999999999986e+01,4.999998784057378964e-01,-2.489620405046379992e-13
2.410000000000000142e+01,4.999998793126031460e-01,4.641198674810818884e-13
2.410999999999999943e+01,4.999998802126842112e-01,-4.680152125110202450e-13
2.412000000000000099e+01,4.999998811060321069e-01,3.146063656513185522e-13
2.412999999999999901e+01,4.999998819926972926e-01,-4.896498952025830536e-13
2.414000000000000057e+01,4.999998828727300060e-01,4.788162065125896613e-13
2.415000000000000213e+01,4.999998837461799295e-01,-8.204487813620996398e-14
2.416000000000000014e+01,4.999998846130965235e-01,7.626947271040338078e-14
2.417000000000000171e+01,4.999998854735288045e-01,-1.281615254303938291e-13
2.417999999999999972e+01,4.999998863275254557e-01,-1.123542372089447516e-13
2.419000000000000128e+01,4.999998871751347718e-01,1.516066680596041755e-13
2.419999999999999929e+01,4.999998880164046589e-01,1.360951067166776896e-13
2.421000000000000085e+01,4.999998888513826900e-01,-6.871320771085860799e-13
2.421999999999999886e+01,4.999998896801161608e-01,4.850962163393465525e-13
2.423000000000000043e+01,4.999998905026518115e-01,3.492389804691130794e-13
2.424000000000000199e+01,4.999998913190361605e-01,-5.137541932026779587e-13
2.425000000000000000e+01,4.999998921293154486e-01,1.434162067448178267e-13
2.426000000000000156e+01,4.999998929335354170e-01,1.269016379573266033e-13
2.426999999999999957e+01,4.999998937317415293e-01,1.759390714872826400e-14
2.428000000000000114e+01,4.999998945239789161e-01,-1.587112283069300952e-13
2.428999999999999915e+01,4.999998953102923749e-01,1.790195262054944798e-13
2.430000000000000071e+01,4.999998960907263146e-01,-5.402679903786019901e-14
2.431000000000000227e+01,4.999998968653248665e-01,-2.776317157780542428e-13
2.432000000000000028e+01,4.999998976341318291e-01,8.866664712411348695e-14
2.433000000000000185e+01,4.999998983971906119e-01,-4.041864345041134615e-14
2.433999999999999986e+01,4.999998991545443472e-01,4.701274405837186932e-13
2.435000000000000142e+01,4.999998999062357785e-01,-5.759908007994816839e-13
2.435999999999999943e+01,4.999999006523074829e-01,1.763862500686552586e-13
2.437000000000000099e+01,4.999999013928015379e-01,5.315174564563699374e-13
2.437999999999999901e+01,4.999999021277597433e-01,-5.976262348001697204e-13
2.439000000000000057e+01,4.999999028572237325e-01,1.436554624520804958e-13
2.440000000000000213e+01,4.999999035812346393e-01,3.780900911237919382e-15
2.441000000000000014e+01,4.999999042998333754e-01,1.161640313735430257e-13
2.442000000000000171e+01,4.999999050130605194e-01,-5.105942741108533333e-14
2.442999999999999972e+01,4.999999057209563724e-01,-4.749992128830955390e-13
2.444000000000000128e+01,4.999999064235609580e-01,5.330659990523058594e-13
2.444999999999999929e+01,4.999999071209138557e-01,-3.349992971050109225e-13
2.446000000000000085e+01,4.999999078130545338e-01,2.739198324869599624e-13
2.446999999999999886e+01,4.999999085000220167e-01,1.620226735776383794e-13
2.448000000000000043e+01,4.999999091818551067e-01,-9.368876408074807794e-14
2.449000000000000199e+01,4.999999098585923285e-01,-4.712401355209719980e-13
2.450000000000000000e+01,4.999999105302719293e-01,7.171862310380488438e-13
2.451000000000000156e+01,4.999999111969317123e-01,-3.928267226895558888e-13
2.451999999999999957e+01,4.999999118586094249e-01,1.058472233191201358e-13
2.453000000000000114e+01,4.999999125153423707e-01,-5.408189466756660420e-13
2.453999999999999915e+01,4.999999131671676866e-01,4.642303814752677259e-13
2.455000000000000071e+01,4.999999138141220656e-01,3.666672928172738318e-13
2.456000000000000227e+01,4.999999144562420339e-01,-8.134827863793102978e-13
2.457000000000000028e+01,4.999999150935639514e-01,8.310815349342729540e-13
2.458000000000000185e+01,4.999999157261236227e-01,-7.855180433425731089e-13
2.458999999999999986e+01,4.999999163539569080e-01,4.632756155109110882e-13
2.460000000000000142e+01,4.999999169770991125e-01,1.573518867151326344e-13
2.460999999999999943e+01,4.999999175955854303e-01,-5.737402967728018016e-13
2.462000000000000099e+01,4.999999182094508332e-01,5.110238773351153120e-13
2.462999999999999901e+01,4.999999188187298493e-01,1.008762703900846220e-13
2.464000000000000057e+01,4.999999194234568956e-01,-6.750062269595066691e-13
2.465000000000000213e+01,4.999999200236661667e-01,4.239720193141266906e-13
2.466000000000000014e+01,4.999999206193914136e-01,8.666977877054524667e-14
2.467000000000000171e+01,4.999999212106662760e-01,-2.827012820430494456e-15
2.467999999999999972e+01,4.999999217975241161e-01,-3.805566747731928166e-13
2.469000000000000128e+01,4.999999223799980741e-01,6.382232902023323781e-13
2.469999999999999929e+01,4.999999229581209015e-01,-2.586074629290817624e-13
2.471000000000000085e+01,4.999999235319252944e-01,-2.772401782938512111e-13
2.471999999999999886e+01,4.999999241014436158e-01,4.624891803603217252e-14
2.473000000000000043e+01,4.999999246667079511e-01,1.751358022086849205e-13
2.474000000000000199e+01,4.999999252277501638e-01,1.275242374657397264e-13
2.475000000000000000e+01,4.999999257846018952e-01,-7.863813416385204070e-14
2.476000000000000156e+01,4.999999263372945646e-01,-4.255042737105051931e-13
2.476999999999999957e+01,4.999999268858593693e-01,2.153434990990490235e-13
2.478000000000000114e+01,4.999999274303271735e-01,1.963289521094515545e-13
2.478999999999999915e+01,4.999999279707286748e-01,8.984249743265693290e-14
2.480000000000000071e+01,4.999999285070943489e-01,-8.678273153884953245e-14
2.481000000000000227e+01,4.999999290394544493e-01,-3.162725355017086226e-13
2.482000000000000028e+01,4.999999295678390077e-01,5.291615476001028933e-13
2.483000000000000185e+01,4.999999300922777223e-01,-3.093000863255573692e-13
2.483999999999999986e+01,4.999999306128002363e-01,-3.939271524879897361e-14
2.485000000000000142e+01,4.999999311294358595e-01,-3.094526367765509533e-13
2.485999999999999943e+01,4.999999316422137352e-01,5.627242772049136308e-13
2.487000000000000099e+01,4.999999321511626738e-01,-1.821111170536338710e-13
2.487999999999999901e+01,4.999999326563114299e-01,2.478208777876072960e-13
2.489000000000000057e+01,4.999999331576884254e-01,-3.515946573657383902e-13
2.490000000000000213e+01,4.999999336553219709e-01,-2.990154977699391425e-13
2.491000000000000014e+01,4.999999341492400995e-01,4.221066881106630701e-13
2.492000000000000171e+01,4.999999346394705668e-01,1.621745808808164525e-13
2.492999999999999972e+01,4.999999351260410174e-01,-5.084669203491313609e-13
2.494000000000000128e+01,4.999999356089789293e-01,6.468889845071653295e-13
2.494999999999999929e+01,4.999999360883113919e-01,-2.421433405594025438e-13
2.496000000000000085e+01,4.999999365640654947e-01,-3.850452720195728918e-13
2.496999999999999886e+01,4.999999370362680495e-01,2.340731511079852388e-13
2.498000000000000043e+01,4.999999375049455907e-01,-3.498660306426643787e-14
2.499000000000000199e+01,4.999999379701245417e-01,4.881459160237120211e-13
2.500000000000000000e+01,4.999999384318310480e-01,-4.022893129729254724e-13
2.501000000000000156e+01,4.999999388900912001e-01,8.414291965318949544e-14
2.501999999999999957e+01,4.999999393449307550e-01,-2.580733832518805436e-13
2.503000000000000114e+01,4.999999397963753589e-01,2.510457993222824266e-13
2.503999999999999915e+01,4.999999402444503804e-01,-3.932628096044404226e-14
2.505000000000000071e+01,4.999999406891810771e-01,-4.738835183308607658e-15
2.506000000000000227e+01,4.999999411305924846e-01,-1.859537951477958900e-13
2.507000000000000028e+01,4.999999415687094717e-01,-1.363786870004615892e-14
2.508000000000000185e+01,4.999999420035566855e-01,5.265936543814854010e-13
2.508999999999999986e+01,4.999999424351585509e-01,-7.723753327273222764e-13
2.510000000000000142e+01,4.999999428635394927e-01,5.446155368204303378e-13
2.510999999999999943e+01,4.999999432887234918e-01,5.067552422201460516e-14
2.512000000000000099e+01,4.999999437107345290e-01,-2.063512135339468037e-14
2.512999999999999901e+01,4.999999441295963631e-01,-2.107222242570732731e-13
2.514000000000000057e+01,4.999999445453325864e-01,4.910365405209321750e-14
2.515000000000000213e+01,4.999999449579665689e-01,-3.381233055861135114e-13
2.516000000000000014e+01,4.999999453675215699e-01,3.063651390517609976e-13
2.517000000000000171e+01,4.999999457740205711e-01,3.304849000303916403e-13
2.517999999999999972e+01,4.999999461774864429e-01,-2.531916627639507940e-13
2.519000000000000128e+01,4.999999465779419450e-01,-3.214995977080682794e-13
2.519999999999999929e+01,4.999999469754096149e-01,1.388439627817746605e-13
2.521000000000000085e+01,4.999999473699117680e-01,5.856343496441215828e-13
2.521999999999999886e+01,4.999999477614705534e-01,-6.344671351874221063e-13
2.523000000000000043e+01,4.999999481501081200e-01,3.771529649125566276e-13
2.524000000000000199e+01,4.999999485358462281e-01,-2.526501635124014491e-13
2.525000000000000000e+01,4.999999489187066382e-01,-2.914154066572943208e-13
2.526000000000000156e+01,4.999999492987108884e-01,2.735969276422901397e-13
2.526999999999999957e+01,4.999999496758802953e-01,3.443638769909867518e-13
2.528000000000000114e+01,4.999999500502360639e-01,-6.741161777856516521e-14
2.528999999999999915e+01,4.999999504217992885e-01,-3.947528565616426607e-13
2.530000000000000071e+01,4.999999507905908969e-01,4.850012574252945767e-13
2.531000000000000227e+01,4.999999511566315391e-01,-7.473994753785025062e-13
2.532000000000000028e+01,4.999999515199419209e-01,9.161511728288324039e-13
2.533000000000000185e+01,4.999999518805423038e-01,-6.191339277902064766e-13
2.533999999999999986e+01,4.999999522384531159e-01,2.091758648256931725e-13
2.535000000000000142e+01,4.999999525936943967e-01,8.236527283141423282e-14
2.535999999999999943e+01,4.999999529462861303e-01,-4.335840747074048371e-13
2.537000000000000099e+01,4.999999532962481896e-01,3.383508272318069421e-13
2.537999999999999901e+01,4.999999536436001701e-01,1.890105268686701908e-13
2.539000000000000057e+01,4.999999539883616118e-01,-3.158374015253595296e-13
2.540000000000000213e+01,4.999999543305519434e-01,-5.477060187705064654e-14
2.541000000000000014e+01,4.999999546701903719e-01,4.284593144661396343e-13
2.542000000000000171e+01,4.999999550072959376e-01,-5.211234123652233348e-13
2.542999999999999972e+01,4.999999553418876808e-01,4.381764754857832633e-13
2.544000000000000128e+01,4.999999556739843087e-01,-5.687964075977776213e-13
2.544999999999999929e+01,4.999999560036045843e-01,3.544310937300416026e-13
2.546000000000000085e+01,4.999999563307669370e-01,4.432198694642025322e-13
2.546999999999999886e+01,4.999999566554897412e-01,-8.479473993791233519e-13
2.548000000000000043e+01,4.999999569777913710e-01,3.776105975964845450e-13
2.549000000000000199e+01,4.999999572976898121e-01,2.448170202807359488e-13
2.550000000000000000e+01,4.999999576152030500e-01,-1.264924983927024724e-13
2.551000000000000156e+01,4.999999579303489594e-01,-1.709975044526697671e-13
2.551999999999999957e+01,4.999999582431452483e-01,1.216432040432205691e-13
2.553000000000000114e+01,4.999999585536094582e-01,2.063701627222496083e-13
2.553999999999999915e+01,4.999999588617590196e-01,-4.624099219774289321e-13
2.555000000000000071e+01,4.999999591676113075e-01,3.459315895273970922e-13
2.556000000000000227e+01,4.999999594711834194e-01,-1.343385496736021055e-13
2.557000000000000028e+01,4.999999597724924527e-01,-2.285392847896758238e-13
2.558000000000000185e+01,4.999999600715553383e-01,6.286125299385606054e-13
2.558999999999999986e+01,4.999999603683887850e-01,-3.292504018545848405e-13
2.560000000000000142e+01,4.999999606630095572e-01,-3.173954155055724868e-13
2.560999999999999943e+01,4.999999609554341973e-01,1.190513098751409756e-13
2.562000000000000099e+01,4.999999612456790810e-01,4.343888420105054804e-13
2.562999999999999901e+01,4.999999615337604730e-01,-4.728469750834020809e-13
2.564000000000000057e+01,4.999999618196946383e-01,1.822672278318453584e-13
2.565000000000000213e+01,4.999999621034975639e-01,1.887269039337995467e-13
2.566000000000000014e+01,4.999999623851851815e-01,-4.448801788549307696e-13
2.567000000000000171e+01,4.999999626647733675e-01,5.112744783662824471e-13
2.567999999999999972e+01,4.999999629422777203e-01,-2.646691277356420100e-13
2.569000000000000128e+01,4.999999632177138942e-01,1.150734928834144405e-14
2.569999999999999929e+01,4.999999634910973212e-01,-3.165917592933909109e-13
2.571000000000000085e+01,4.999999637624433779e-01,4.252911498055313281e-13
2.571999999999999886e+01,4.999999640317672189e-01,2.530432231462435600e-14
2.573000000000000043e+01,4.999999642990839988e-01,-3.981679929405778826e-13
2.574000000000000199e+01,4.999999645644087609e-01,2.740646784023659378e-13
2.575000000000000000e+01,4.999999648277563269e-01,3.853064038271478450e-13
2.576000000000000156e+01,4.999999650891414626e-01,-6.118073611565949577e-13
2.576999999999999957e+01,4.999999653485789342e-01,6.688898777327550537e-14
2.578000000000000114e+01,4.999999656060832298e-01,2.096320918770566851e-13
2.578999999999999915e+01,4.999999658616687825e-01,3.795404385417657901e-13
2.580000000000000071e+01,4.999999661153499142e-01,-5.258739180545059959e-13
2.581000000000000227e+01,4.999999663671409467e-01,-2.780005873781679308e-13
2.582000000000000028e+01,4.999999666170559798e-01,5.767456612989380535e-13
2.583000000000000185e+01,4.999999668651089468e-01,-1.745309654530822596e-13
2.583999999999999986e+01,4.999999671113138366e-01,-3.038489222871379403e-13
2.585000000000000142e+01,4.999999673556844715e-01,1.971437466315951862e-13
2.585999999999999943e+01,4.999999675982345071e-01,2.260473002389112962e-13
2.587000000000000099e+01,4.999999678389775437e-01,-2.097595494195294883e-13
2.587999999999999901e+01,4.999999680779271261e-01,7.683661366386449519e-15
2.589000000000000057e+01,4.999999683150966323e-01,3.311879814212919910e-13
2.590000000000000213e+01,4.999999685504993296e-01,-3.423029234578376034e-13
2.591000000000000014e+01,4.999999687841484852e-01,2.152929459993398274e-13
2.592000000000000171e+01,4.999999690160571442e-01,-2.089470571869100288e-13
2.592999999999999972e+01,4.999999692462383516e-01,5.757776952202806998e-14
2.594000000000000128e+01,4.999999694747049861e-01,-8.790437965468037016e-14
2.594999999999999929e+01,4.999999697014698707e-01,-8.312947311898398668e-14
2.596000000000000085e+01,4.999999699265457176e-01,7.926765732412551377e-14
2.596999999999999886e+01,4.999999701499451277e-01,4.065396459982288400e-13
2.598000000000000043e+01,4.999999703716805910e-01,-2.047127436343780952e-13
2.599000000000000199e+01,4.999999705917645976e-01,-8.217395918503704923e-14
2.600000000000000000e+01,4.999999708102094709e-01,-3.289014360008449632e-13
2.601000000000000156e+01,4.999999710270274789e-01,1.724225497737293925e-13
2.601999999999999957e+01,4.999999712422307230e-01,3.185849077927902382e-13
2.603000000000000114e+01,4.999999714558312491e-01,-4.391433326167465168e-13
2.603999999999999915e+01,4.999999716678411033e-01,6.819884945222019238e-13
2.605000000000000071e+01,4.999999718782720537e-01,-7.524984847225704569e-13
2.606000000000000227e+01,4.999999720871360354e-01,2.601496446423851575e-13
2.607000000000000028e+01,4.999999722944446501e-01,3.964435809850002128e-13
2.608000000000000185e+01,4.999999725002094997e-01,-3.377022587948287829e-13
2.608999999999999986e+01,4.999999727044421860e-01,-2.704007911068146233e-13
2.610000000000000142e+01,4.999999729071541443e-01,6.054402934723232444e-13
2.610999999999999943e+01,4.999999731083566434e-01,-4.797510425012115757e-13
2.612000000000000099e+01,4.999999733080610631e-01,-1.890942949271456742e-13
2.612999999999999901e+01,4.999999735062785611e-01,3.741507465287959372e-13
2.614000000000000057e+01,4.999999737030201841e-01,1.058172188828168704e-13
2.615000000000000213e+01,4.999999738982969788e-01,1.221834934058120735e-13
2.616000000000000014e+01,4.999999740921198810e-01,-6.809744324667725924e-13
2.617000000000000171e+01,4.999999742844998263e-01,4.785216877356944016e-13
2.617999999999999972e+01,4.999999744754474729e-01,-2.790110473534039645e-13
2.619000000000000128e+01,4.999999746649735899e-01,3.829949117176561464e-13
2.619999999999999929e+01,4.999999748530887245e-01,-3.050055966908211610e-13
2.621000000000000085e+01,4.999999750398034792e-01,4.385840169145096798e-13
2.621999999999999886e+01,4.999999752251282348e-01,-1.558669288222469820e-13
2.623000000000000043e+01,4.999999754090734272e-01,-4.174936490471680654e-13
2.624000000000000199e+01,4.999999755916493815e-01,2.151358359753678474e-13
2.625000000000000000e+01,4.999999757728662564e-01,8.249948343525568344e-14
2.626000000000000156e+01,4.999999759527342102e-01,-2.549025981405807220e-13
2.626999999999999957e+01,4.999999761312633462e-01,3.191607934668359208e-13
2.628000000000000114e+01,4.999999763084636006e-01,1.450257341919777070e-13
2.628999999999999915e+01,4.999999764843449102e-01,-2.169074268914529380e-13
2.630000000000000071e+01,4.999999766589171557e-01,-2.058583025208542439e-13
2.631000000000000227e+01,4.999999768321901072e-01,1.839963525093763207e-13
2.632000000000000028e+01,4.999999770041734237e-01,-1.522219955624836568e-13
2.633000000000000185e+01,4.999999771748767641e-01,4.563757271826437545e-13
2.633999999999999986e+01,4.999999773443096207e-01,-2.053971078259822865e-13
2.635000000000000142e+01,4.999999775124815415e-01,-4.671163571905619619e-13
2.635999999999999943e+01,4.999999776794019635e-01,7.874859506687714807e-13
2.637000000000000099e+01,4.999999778450801013e-01,-8.777718313295828648e-13
2.637999999999999901e+01,4.999999780095253921e-01,6.487756797966886166e-13
2.639000000000000057e+01,4.999999781727468839e-01,-1.785329231509848801e-13
2.640000000000000213e+01,4.999999783347537918e-01,-2.432019232463931707e-14
2.641000000000000014e+01,4.999999784955551640e-01,6.614949237993120576e-15
2.642000000000000171e+01,4.999999786551599934e-01,-8.071114430317463175e-14
2.642999999999999972e+01,4.999999788135772172e-01,2.740109028816141984e-13
2.644000000000000128e+01,4.999999789708156617e-01,-3.455224843825854302e-14
2.644999999999999929e+01,4.999999791268841531e-01,-4.465684018750169746e-13
2.646000000000000085e+01,4.999999792817914623e-01,1.534934520967149980e-13
2.646999999999999886e+01,4.999999794355461935e-01,1.053262648570444708e-13
2.648000000000000043e+01,4.999999795881569509e-01,5.239282069621994222e-13
2.649000000000000199e+01,4.999999797396322276e-01,-8.068053691263035899e-13
2.650000000000000000e+01,4.999999798899806280e-01,5.592523299804445669e-13
2.651000000000000156e+01,4.999999800392104232e-01,-3.690865616822835274e-13
2.651999999999999957e+01,4.999999801873300509e-01,2.984794831272404164e-13
2.653000000000000114e+01,4.999999803343477267e-01,-2.087791346177943221e-13
2.653999999999999915e+01,4.999999804802717218e-01,-2.211331783348942580e-13
2.655000000000000071e+01,4.999999806251101964e-01,2.664388640664716425e-13
2.656000000000000227e+01,4.999999807688711995e-01,1.482050760563736760e-13
2.657000000000000028e+01,4.999999809115627802e-01,-1.639995691635576526e-14
2.658000000000000185e+01,4.999999810531929323e-01,-2.228725000721206859e-13
2.658999999999999986e+01,4.999999811937695937e-01,8.854133004920123671e-14
2.660000000000000142e+01,4.999999813333005916e-01,-1.879488628224352164e-13
2.660999999999999943e+01,4.999999814717937530e-01,6.225632456836083721e-14
2.662000000000000099e+01,4.999999816092567939e-01,2.886295530988240528e-13
2.662999999999999901e+01,4.999999817456973750e-01,-5.985773899329689747e-14
2.664000000000000057e+01,4.999999818811231567e-01,-4.239698765567234069e-13
2.665000000000000213e+01,4.999999820155417440e-01,3.112370430174050515e-13
2.666000000000000014e+01,4.999999821489605756e-01,-7.050484643894073737e-14
2.667000000000000171e+01,4.999999822813871453e-01,1.001915710753542417e-13
2.667999999999999972e+01,4.999999824128288362e-01,2.725720490561540951e-13
2.669000000000000128e+01,4.999999825432929756e-01,-6.598264096127733032e-13
2.669999999999999929e+01,4.999999826727869467e-01,6.382290659347112479e-13
2.671000000000000085e+01,4.999999828013178549e-01,-2.700900986284955385e-13
2.671999999999999886e+01,4.999999829288929720e-01,-5.043977544353219116e-14
2.673000000000000043e+01,4.999999830555194036e-01,1.914349036362077425e-13
2.674000000000000199e+01,4.999999831812041995e-01,-9.579320009863459164e-14
2.675000000000000000e+01,4.999999833059544097e-01,-3.532286093943290919e-13
2.676000000000000156e+01,4.999999834297770285e-01,5.337714575270217548e-13
2.676999999999999957e+01,4.999999835526788838e-01,-2.066930084938159856e-13
2.678000000000000114e+01,4.999999836746669146e-01,-3.506150746880539128e-13
2.678999999999999915e+01,4.999999837957479487e-01,6.616025797800499721e-13
2.680000000000000071e+01,4.999999839159286474e-01,-4.972883630586535300e-13
2.681000000000000227e+01,4.999999840352158387e-01,6.216203315690654537e-14
2.682000000000000028e+01,4.999999841536161282e-01,1.236865755230252239e-13
2.683000000000000185e+01,4.999999842711361220e-01,2.459952407841280030e-13
2.683999999999999986e+01,4.999999843877823702e-01,-6.778270195500620195e-13
2.685000000000000142e+01,4.999999845035614787e-01,6.871070027866068678e-13
2.685999999999999943e+01,4.999999846184797758e-01,-6.517899068984487521e-13
2.687000000000000099e+01,4.999999847325438118e-01,8.603309883136969173e-13
2.687999999999999901e+01,4.999999848457598040e-01,-8.793554508895574220e-13
2.689000000000000057e+01,4.999999849581342470e-01,7.941797296239844541e-13
2.690000000000000213e+01,4.999999850696732473e-01,-7.768502900029055855e-13
2.691000000000000014e+01,4.999999851803831885e-01,5.172226142982639793e-13
2.692000000000000171e+01,4.999999852902701214e-01,-3.159181889177002218e-13
2.692999999999999972e+01,4.999999853993402632e-01,5.758885652869757151e-14
2.694000000000000128e+01,4.999999855075996646e-01,5.314124439512060815e-13
2.694999999999999929e+01,4.999999856150543209e-01,-5.569491991901181931e-13
2.696000000000000085e+01,4.999999857217103383e-01,1.267208395585922009e-13
2.696999999999999886e+01,4.999999858275736009e-01,-1.895346854786062375e-13
2.698000000000000043e+01,4.999999859326500484e-01,1.628343391266774364e-13
2.699000000000000199e+01,4.999999860369455096e-01,7.701187573707221350e-14
2.700000000000000000e+01,4.999999861404658130e-01,1.112685046981456939e-13
2.701000000000000156e+01,4.999999862432167319e-01,-2.863763568297235086e-13
2.701999999999999957e+01,4.999999863452040394e-01,5.529948980020817987e-13
2.703000000000000114e+01,4.999999864464333421e-01,-6.984457304864128120e-13
2.703999999999999915e+01,4.999999865469104132e-01,4.035425839641373022e-13
2.705000000000000071e+01,4.999999866466407483e-01,-2.342013931313869896e-14
2.706000000000000227e+01,4.999999867456299540e-01,-3.113231627818982840e-13
2.707000000000000028e+01,4.999999868438835815e-01,9.837232719500922308e-14
2.708000000000000185e+01,4.999999869414070708e-01,9.860912349278889527e-14
2.708999999999999986e+01,4.999999870382058620e-01,2.475005967779350674e-13
2.710000000000000142e+01,4.999999871342853397e-01,-5.624490213466955678e-13
2.710999999999999943e+01,4.999999872296509440e-01,4.477009361211516512e-13
2.712000000000000099e+01,4.999999873243078929e-01,-4.966606444369337090e-14
2.712999999999999901e+01,4.999999874182615156e-01,1.686358132219703294e-13
2.714000000000000057e+01,4.999999875115170300e-01,-5.598808590249249112e-13
2.715000000000000213e+01,4.999999876040797098e-01,5.436387732452041786e-13
2.716000000000000014e+01,4.999999876959546063e-01,-4.038232275163472730e-13
2.717000000000000171e+01,4.999999877871469378e-01,4.864009044225887391e-13
2.717999999999999972e+01,4.999999878776617002e-01,-6.687352617537658843e-13
2.719000000000000128e+01,4.999999879675040559e-01,5.746954646875859311e-13
2.719999999999999929e+01,4.999999880566788901e-01,-2.213172455757369874e-13
2.721000000000000085e+01,4.999999881451912542e-01,2.764936642171747077e-13
2.721999999999999886e+01,4.999999882330460332e-01,-7.047524148881120098e-13
2.723000000000000043e+01,4.999999883202482232e-01,7.238788005787954556e-13
2.724000000000000199e+01,4.999999884068025424e-01,-4.310099144939460772e-13
2.725000000000000000e+01,4.999999884927139315e-01,2.739729951571438844e-13
2.726000000000000156e+01,4.999999885779871089e-01,-4.890042679090500179e-13
2.726999999999999957e+01,4.999999886626269041e-01,6.135778639031425500e-13
2.728000000000000114e+01,4.999999887466379245e-01,-3.015119923037907531e-13
2.728999999999999915e+01,4.999999888300249440e-01,9.881005768892297584e-14
2.730000000000000071e+01,4.999999889127925701e-01,1.521926154495365099e-13
2.731000000000000227e+01,4.999999889949454102e-01,-1.390335576437224882e-13
2.732000000000000028e+01,4.999999890764880717e-01,-2.172091813392496501e-13
2.733000000000000185e+01,4.999999891574251065e-01,-7.961148612311460443e-14
2.733999999999999986e+01,4.999999892377610111e-01,2.764538882300175068e-13
2.735000000000000142e+01,4.999999893175002263e-01,2.983245379350203418e-13
2.735999999999999943e+01,4.999999893966471931e-01,-5.670264452904070236e-13
2.737000000000000099e+01,4.999999894752064078e-01,4.588407354712209165e-13
2.737999999999999901e+01,4.999999895531821448e-01,-5.074758485360924681e-13
2.739000000000000057e+01,4.999999896305788449e-01,4.222659603832053001e-13
2.740000000000000213e+01,4.999999897074007271e-01,-8.006399679488136710e-14
2.741000000000000014e+01,4.999999897836521212e-01,-3.471033353724618925e-13
2.742000000000000171e+01,4.999999898593373016e-01,1.790279469367005063e-13
2.742999999999999972e+01,4.999999899344604315e-01,3.906303674014196728e-13
2.744000000000000128e+01,4.999999900090256744e-01,-2.654915888687965261e-13
2.744999999999999929e+01,4.999999900830372490e-01,-1.216549376921300794e-13
2.746000000000000085e+01,4.999999901564992633e-01,2.697118242915136582e-13
2.746999999999999886e+01,4.999999902294157694e-01,-1.995246078941725000e-13
2.748000000000000043e+01,4.999999903017908753e-01,1.382480980736698829e-13
2.749000000000000199e+01,4.999999903736285778e-01,-3.800687786802894316e-13
2.750000000000000000e+01,4.999999904449329291e-01,4.684358961333099229e-13
2.751000000000000156e+01,4.999999905157078151e-01,-8.961604429979451423e-14
2.751999999999999957e+01,4.999999905859572324e-01,-3.870589249626467713e-13
2.753000000000000114e+01,4.999999906556851226e-01,1.338150692486809684e-13
2.753999999999999915e+01,4.999999907248953157e-01,3.651628442857834790e-13
2.755000000000000071e+01,4.999999907935916421e-01,-2.463939266369362769e-13
2.756000000000000227e+01,4.999999908617779876e-01,-3.334280521413575596e-14
2.757000000000000028e+01,4.999999909294581268e-01,-1.035834206060244691e-13
2.758000000000000185e+01,4.999999909966358347e-01,1.001172293888819906e-13
2.758999999999999986e+01,4.999999910633148303e-01,5.800537399281130322e-13
2.760000000000000142e+01,4.999999911294987776e-01,-8.827582384879613796e-13
2.760999999999999943e+01,4.999999911951915066e-01,7.102218024926655650e-13
2.762000000000000099e+01,4.999999912603965146e-01,-7.452236591116380131e-13
2.762999999999999901e+01,4.999999913251175765e-01,3.039255118536752117e-13
2.764000000000000057e+01,4.999999913893581893e-01,5.295836530200823980e-13
2.765000000000000213e+01,4.999999914531219058e-01,-6.221561341258087472e-13
2.766000000000000014e+01,4.999999915164123898e-01,1.816396314309207282e-13
2.767000000000000171e+01,4.999999915792330829e-01,1.677667662263201700e-13
2.767999999999999972e+01,4.999999916415874823e-01,-1.070851820832915166e-13
2.769000000000000128e+01,4.999999917034790853e-01,-8.583934995326469339e-14
2.769999999999999929e+01,4.999999917649113335e-01,-3.216283537132751322e-13
2.771000000000000085e+01,4.999999918258876686e-01,2.979080903934143674e-13
2.771999999999999886e+01,4.999999918864114212e-01,1.093301936076980860e-13
2.773000000000000043e+01,4.999999919464859777e-01,2.245829689225040492e-13
2.774000000000000199e+01,4.999999920061146685e-01,-4.648624171651672667e-13
2.775000000000000000e+01,4.999999920653008800e-01,2.635620700665749967e-13
2.776000000000000156e+01,4.999999921240478318e-01,1.914484821075735313e-13
2.776999999999999957e+01,4.999999921823587989e-01,-6.799375260799422628e-13
2.778000000000000114e+01,4.999999922402371122e-01,4.272546739249799349e-13
2.778999999999999915e+01,4.999999922976858802e-01,1.843235192242050937e-13
2.780000000000000071e+01,4.999999923547083225e-01,-2.972426461641675780e-13
2.781000000000000227e+01,4.999999924113076588e-01,9.480185824105929870e-14
2.782000000000000028e+01,4.999999924674869978e-01,2.522144167770947914e-13
2.783000000000000185e+01,4.999999925232494480e-01,-3.787350817839186783e-13
2.783999999999999986e+01,4.999999925785981736e-01,-1.309039084026545543e-13
2.785000000000000142e+01,4.999999926335362277e-01,4.427474245994757895e-13
2.785999999999999943e+01,4.999999926880666079e-01,-3.217902732982169933e-13
2.787000000000000099e+01,4.999999927421924228e-01,3.528200237250942690e-13
2.787999999999999901e+01,4.999999927959166146e-01,-3.072833713926554620e-13
2.789000000000000057e+01,4.999999928492422363e-01,-8.010238223885119862e-14
2.790000000000000213e+01,4.999999929021722300e-01,4.813309746793880330e-13
2.791000000000000014e+01,4.999999929547094824e-01,-2.870209295364247349e-13
2.792000000000000171e+01,4.999999930068569909e-01,-1.632021881533482856e-13
2.792999999999999972e+01,4.999999930586176422e-01,2.997401278925853370e-13
2.794000000000000128e+01,4.999999931099942674e-01,-6.977249049698788156e-15
2.794999999999999929e+01,4.999999931609897530e-01,-5.269739375537784289e-13
2.796000000000000085e+01,4.999999932116069856e-01,4.071478689085554565e-13
2.796999999999999886e+01,4.999999932618486853e-01,2.141279149384812141e-14
2.798000000000000043e+01,4.999999933117176831e-01,-1.760404823264638900e-14
2.799000000000000199e+01,4.999999933612167546e-01,-2.634044336304446570e-13
2.800000000000000000e+01,4.999999934103486754e-01,3.960423259183083359e-13
2.801000000000000156e+01,4.999999934591161099e-01,-2.583546302831155820e-13
2.801999999999999957e+01,4.999999935075218338e-01,-4.738586000732545193e-15
2.803000000000000114e+01,4.999999935555685115e-01,6.037143176066347767e-13
2.803999999999999915e+01,4.999999936032587522e-01,-6.524834563914335853e-13
2.805000000000000071e+01,4.999999936505953313e-01,1.140430590129788673e-13
2.806000000000000227e+01,4.999999936975808024e-01,1.296288846439148684e-13
2.807000000000000028e+01,4.999999937442177744e-01,-4.948604562975417155e-14
2.808000000000000185e+01,4.999999937905088565e-01,-4.219753701257840590e-13
2.808999999999999986e+01,4.999999938364566576e-01,6.794146353858908223e-13
2.810000000000000142e+01,4.999999938820636203e-01,-6.300517640233426963e-13
2.810999999999999943e+01,4.999999939273324090e-01,6.471801236347502598e-13
2.812000000000000099e+01,4.999999939722654108e-01,-4.834813204129283097e-13
2.812999999999999901e+01,4.999999940168652346e-01,4.201813680735085471e-13
2.814000000000000057e+01,4.999999940611342675e-01,-5.262008155272152617e-13
2.815000000000000213e+01,4.999999941050750629e-01,9.338543358815268054e-15
2.816000000000000014e+01,4.999999941486900079e-01,3.632703355299180300e-13
2.817000000000000171e+01,4.999999941919814894e-01,-1.850062327134108233e-14
2.817999999999999972e+01,4.999999942349519499e-01,-2.450998555602686471e-14
2.819000000000000128e+01,4.999999942776037765e-01,-2.084588069541532685e-13
2.819999999999999929e+01,4.999999943199393559e-01,5.414690563533016253e-13
2.821000000000000085e+01,4.999999943619609644e-01,-5.492956369405754879e-13
2.821999999999999886e+01,4.999999944036710442e-01,-1.488568993243647539e-13
2.823000000000000043e+01,4.999999944450718714e-01,6.345062970332995414e-13
2.824000000000000199e+01,4.999999944861656664e-01,-4.189163573789938099e-13
2.825000000000000000e+01,4.999999945269548163e-01,2.275674732235207492e-14
2.826000000000000156e+01,4.999999945674415414e-01,2.959096068751947323e-13
2.826999999999999957e+01,4.999999946076280621e-01,-7.089449345541889365e-13
2.828000000000000114e+01,4.999999946475167101e-01,8.957470746595372489e-13
2.828999999999999915e+01,4.999999946871095391e-01,-4.400844256391456659e-13
2.830000000000000071e+01,4.999999947264088807e-01,-2.747558266493310397e-13
2.831000000000000227e+01,4.999999947654168997e-01,2.833951184715470885e-13
2.832000000000000028e+01,4.999999948041357056e-01,1.252177112782902203e-13
2.833000000000000185e+01,4.999999948425674634e-01,-1.932724237936857478e-13
2.833999999999999986e+01,4.999999948807143380e-01,4.396397286055043684e-13
2.835000000000000142e+01,4.999999949185783832e-01,-7.507549109136047236e-13
2.835999999999999943e+01,4.999999949561618195e-01,6.779549692363064642e-13
2.837000000000000099e+01,4.999999949934665899e-01,-2.690500516929951421e-13
2.837999999999999901e+01,4.999999950304948593e-01,-2.603927859490980041e-13
2.839000000000000057e+01,4.999999950672486815e-01,1.504460375698258423e-13
2.840000000000000213e+01,4.999999951037300550e-01,4.095661603292353779e-13
2.841000000000000014e+01,4.999999951399409781e-01,-5.926306660786329875e-13
2.842000000000000171e+01,4.999999951758835603e-01,4.759867435691227144e-13
2.842999999999999972e+01,4.999999952115596891e-01,-2.692208143993068553e-13
2.844000000000000128e+01,4.999999952469714182e-01,-5.182016716028323441e-14
2.844999999999999929e+01,4.999999952821206906e-01,1.932973406410007487e-14
2.846000000000000085e+01,4.999999953170094491e-01,5.005227317175357031e-13
2.846999999999999886e+01,4.999999953516395812e-01,-2.728113952984382057e-13
2.848000000000000043e+01,4.999999953860130852e-01,-6.345180311260948478e-13
2.849000000000000199e+01,4.999999954201319041e-01,5.273926453698203245e-13
2.850000000000000000e+01,4.999999954539978142e-01,4.384611582190854675e-13
2.851000000000000156e+01,4.999999954876127028e-01,-9.011327285911514929e-13
2.851999999999999957e+01,4.999999955209785685e-01,3.959903933511016786e-13
2.853000000000000114e+01,4.999999955540971319e-01,4.455091415146226470e-13
2.853999999999999915e+01,4.999999955869702251e-01,-7.524241293869718638e-13
2.855000000000000071e+01,4.999999956195997908e-01,6.895411465008593668e-13
2.856000000000000227e+01,4.999999956519874944e-01,-2.235570116825611766e-13
2.857000000000000028e+01,4.999999956841352233e-01,-1.604800666018123310e-13
2.858000000000000185e+01,4.999999957160447539e-01,-2.301596437735551565e-13
2.858999999999999986e+01,4.999999957477178625e-01,1.236124412575974914e-13
2.860000000000000142e+01,4.999999957791562699e-01,3.467933011465606473e-13
2.860999999999999943e+01,4.999999958103616970e-01,-1.150482967272694259e-13
2.862000000000000099e+01,4.999999958413359202e-01,-1.507870814001196881e-13
2.862999999999999901e+01,4.999999958720806603e-01,2.408392013393964088e-13
2.864000000000000057e+01,4.999999959025975826e-01,-4.954618341920880108e-14
2.865000000000000213e+01,4.999999959328884080e-01,-4.661514532919066285e-13
2.866000000000000014e+01,4.999999959629548574e-01,6.578132045434367656e-13
2.867000000000000171e+01,4.999999959927984849e-01,-5.628361010214531713e-13
2.867999999999999972e+01,4.999999960224210671e-01,3.136942511112477624e-13
2.869000000000000128e+01,4.999999960518241582e-01,-4.208735911963915232e-14
2.869999999999999929e+01,4.999999960810094235e-01,3.580575634668986049e-14
2.871000000000000085e+01,4.999999961099784729e-01,-6.726565200588338814e-15
2.871999999999999886e+01,4.999999961387329162e-01,-1.688665456306812440e-13
2.873000000000000043e+01,4.999999961672743631e-01,1.055083042630128640e-13
2.874000000000000199e+01,4.999999961956043681e-01,2.622694066871662793e-13
2.875000000000000000e+01,4.999999962237244855e-01,-2.530982669822530451e-13
2.876000000000000156e+01,4.999999962516363250e-01,-3.295541864435646836e-13
2.876999999999999957e+01,4.999999962793414410e-01,5.893678595404329096e-13
2.878000000000000114e+01,4.999999963068412767e-01,-2.713212154369120272e-13
2.878999999999999915e+01,4.999999963341374420e-01,-1.354534899204049784e-13
2.880000000000000071e+01,4.999999963612314358e-01,4.431994894539537612e-13
2.881000000000000227e+01,4.999999963881247012e-01,-7.554603371582446420e-13
2.882000000000000028e+01,4.999999964148188480e-01,7.106613566569933576e-13
2.883000000000000185e+01,4.999999964413152087e-01,-1.535686876157129657e-13
2.883999999999999986e+01,4.999999964676153374e-01,-1.707774390389706811e-14
2.885000000000000142e+01,4.999999964937206776e-01,1.102947407969927181e-14
2.885999999999999943e+01,4.999999965196326723e-01,-6.851396519501980966e-14
2.887000000000000099e+01,4.999999965453527651e-01,-2.549750090853981675e-13
2.887999999999999901e+01,4.999999965708823990e-01,7.683104691101596619e-15
2.889000000000000057e+01,4.999999965962229620e-01,7.205497352197631912e-13
2.890000000000000213e+01,4.999999966213757863e-01,-8.918320234556697556e-13
2.891000000000000014e+01,4.999999966463424261e-01,7.228254804342489367e-13
2.892000000000000171e+01,4.999999966711241028e-01,-5.408908874811895553e-13
2.892999999999999972e+01,4.999999966957223152e-01,3.135907201999881305e-13
2.894000000000000128e+01,4.999999967201383400e-01,-4.336586184979855751e-14
2.894999999999999929e+01,4.999999967443735649e-01,5.408653279611450584e-14
2.896000000000000085e+01,4.999999967684293223e-01,-5.035983140628695464e-13
2.896999999999999886e+01,4.999999967923069999e-01,5.051134260599729997e-13
2.898000000000000043e+01,4.999999968160078190e-01,-2.498264516048280579e-13
2.899000000000000199e+01,4.999999968395331673e-01,5.629552485131823710e-13
2.900000000000000000e+01,4.999999968628842661e-01,-3.865897066070442554e-13
2.901000000000000156e+01,4.999999968860625033e-01,-3.223910136897833740e-13
2.901999999999999957e+01,4.999999969090691554e-01,2.016624385667919396e-13
2.903000000000000114e+01,4.999999969319054438e-01,7.596802870620474623e-14
2.903999999999999915e+01,4.999999969545726453e-01,4.113969266260814689e-13
2.905000000000000071e+01,4.999999969770719810e-01,-4.569561166633481331e-13
2.906000000000000227e+01,4.999999969994047833e-01,-3.079689806683049918e-13
2.907000000000000028e+01,4.999999970215722733e-01,3.044402392148354779e-13
2.908000000000000185e+01,4.999999970435756169e-01,2.706407045590715249e-13
2.908999999999999986e+01,4.999999970654160353e-01,-4.091293067671774093e-13
2.910000000000000142e+01,4.999999970870948052e-01,4.866058396239822175e-13
2.910999999999999943e+01,4.999999971086130368e-01,-3.722585381671888521e-13
2.912000000000000099e+01,4.999999971299720070e-01,3.455942796894431891e-13
2.912999999999999901e+01,4.999999971511728258e-01,-6.899404141796633617e-13
2.914000000000000057e+01,4.999999971722167702e-01,4.077560850548452584e-13
2.915000000000000213e+01,4.999999971931048948e-01,3.089319585358406141e-13
2.916000000000000014e+01,4.999999972138383653e-01,-4.312808873937592561e-13
2.917000000000000171e+01,4.999999972344184029e-01,4.085640284171436233e-13
2.917999999999999972e+01,4.999999972548460625e-01,-5.016662110474725172e-13
2.919000000000000128e+01,4.999999972751225652e-01,1.693168796139667491e-13
2.919999999999999929e+01,4.999999972952489657e-01,2.019835972754265730e-13
2.921000000000000085e+01,4.999999973152263744e-01,1.518188984699814536e-13
2.921999999999999886e+01,4.999999973350559013e-01,-5.359150362056497145e-13
2.923000000000000043e+01,4.999999973547387122e-01,3.601992739504875423e-13
2.924000000000000199e+01,4.999999973742758064e-01,6.530205392999982118e-14
2.925000000000000000e+01,4.999999973936682940e-01,-3.101999901009834302e-13
2.926000000000000156e+01,4.999999974129172853e-01,-2.104420059644391246e-13
2.926999999999999957e+01,4.999999974320238350e-01,3.654909717699890035e-13
2.928000000000000114e+01,4.999999974509889422e-01,3.078834242805261942e-13
2.928999999999999915e+01,4.999999974698136618e-01,-3.831084429248583398e-13
2.930000000000000071e+01,4.999999974884991039e-01,-4.139725157284943505e-14
2.931000000000000227e+01,4.999999975070462677e-01,2.236804272643046956e-13
2.932000000000000028e+01,4.999999975254561524e-01,-1.426689787985289388e-13
2.933000000000000185e+01,4.999999975437298128e-01,-2.968723781786966494e-14
2.933999999999999986e+01,4.999999975618682480e-01,8.210778493507314191e-15
2.935000000000000142e+01,4.999999975798724572e-01,-2.846769290107425144e-14
2.935999999999999943e+01,4.999999975977434397e-01,-1.392154254425166578e-13
2.937000000000000099e+01,4.999999976154821946e-01,2.317753156577367126e-13
2.937999999999999901e+01,4.999999976330896656e-01,-2.523923699186953885e-14
2.939000000000000057e+01,4.999999976505668520e-01,2.004709439546397505e-13
2.940000000000000213e+01,4.999999976679146974e-01,-2.008379290538714182e-13
2.941000000000000014e+01,4.999999976851342010e-01,-1.184358487968097338e-13
2.942000000000000171e+01,4.999999977022263065e-01,4.485337718734124480e-13
2.942999999999999972e+01,4.999999977191919021e-01,-7.203012915236876181e-13
2.944000000000000128e+01,4.999999977360320425e-01,8.168628816840743983e-13
2.944999999999999929e+01,4.999999977527475048e-01,-4.906932952776639390e-13
2.946000000000000085e+01,4.999999977693393438e-01,-2.019202769082291035e-13
2.946999999999999886e+01,4.999999977858084477e-01,5.741637842319574425e-13
2.948000000000000043e+01,4.999999978021556490e-01,-3.828408832225134642e-13
2.949000000000000199e+01,4.999999978183819471e-01,-2.970584339530853339e-13
2.950000000000000000e+01,4.999999978344882301e-01,8.327150174675815291e-13
2.951000000000000156e+01,4.999999978504752751e-01,-8.794844159392929172e-13
2.951999999999999957e+01,4.999999978663441369e-01,6.733199514352308361e-13
2.953000000000000114e+01,4.999999978820955371e-01,-5.925740201045157917e-14
2.953999999999999915e+01,4.999999978977304194e-01,-3.017445241989334063e-13
2.955000000000000071e+01,4.999999979132496719e-01,-5.331475062144348480e-14
2.956000000000000227e+01,4.999999979286541274e-01,1.315310062039601300e-13
2.957000000000000028e+01,4.999999979439446185e-01,2.532153553457796612e-13
2.958000000000000185e+01,4.999999979591219779e-01,-2.431382793994896638e-13
2.958999999999999986e+01,4.999999979741870937e-01,-2.468563354555689196e-13
2.960000000000000142e+01,4.999999979891407986e-01,2.428590361846861805e-13
2.960999999999999943e+01,4.999999980039838698e-01,1.161794402660989297e-13
2.962000000000000099e+01,4.999999980187171400e-01,-7.154864516894862948e-14
2.962999999999999901e+01,4.999999980333414418e-01,2.353961983524652507e-13
2.964000000000000057e+01,4.999999980478575523e-01,-6.281132459255701230e-13
2.965000000000000213e+01,4.999999980622663598e-01,6.694168359974223593e-13
2.966000000000000014e+01,4.999999980765685303e-01,-3.125667665054717648e-13
2.967000000000000171e+01,4.999999980907649522e-01,-2.433192676665476853e-13
2.967999999999999972e+01,4.999999981048564024e-01,3.230036783115091744e-13
2.969000000000000128e+01,4.999999981188436027e-01,-2.787530039884018899e-13
2.969999999999999929e+01,4.999999981327273857e-01,7.275772763918784574e-13
2.971000000000000085e+01,4.999999981465084176e-01,-5.436342501486031249e-13
2.971999999999999886e+01,4.999999981601875865e-01,-2.063439145884201561e-13
2.973000000000000043e+01,4.999999981737656141e-01,7.504067629270440874e-14
2.974000000000000199e+01,4.999999981872432220e-01,3.008857267053377442e-13
2.975000000000000000e+01,4.999999982006211319e-01,-8.374067079353757323e-14
2.976000000000000156e+01,4.999999982139001209e-01,3.177864184466126833e-14
2.976999999999999957e+01,4.999999982270809107e-01,-4.624129896219541001e-13
2.978000000000000114e+01,4.999999982401642784e-01,6.548974108328821868e-13
2.978999999999999915e+01,4.999999982531508347e-01,-5.019466156359535414e-13
2.980000000000000071e+01,4.999999982660414122e-01,5.083687013484581221e-13
2.981000000000000227e+01,4.999999982788366215e-01,-1.994403654488952624e-13
2.982000000000000028e+01,4.999999982915372398e-01,-4.049063603222996745e-13
2.983000000000000185e+01,4.999999983041439888e-01,4.480068307244691094e-13
2.983999999999999986e+01,4.999999983166574791e-01,1.391634052558029502e-13
2.985000000000000142e+01,4.999999983290784322e-01,-7.765172740809276683e-13
2.985999999999999943e+01,4.999999983414076254e-01,4.774741292975808675e-13
2.987000000000000099e+01,4.999999983536456138e-01,1.582534274737014087e-14
2.987999999999999901e+01,4.999999983657931191e-01,5.897639954861925173e-14
2.989000000000000057e+01,4.999999983778508073e-01,5.233966117283269574e-14
2.990000000000000213e+01,4.999999983898193445e-01,-3.746909880092105033e-15
2.991000000000000014e+01,4.999999984016993970e-01,-1.089453576574310510e-13
2.992000000000000171e+01,4.999999984134916309e-01,2.923793114925824866e-13
2.992999999999999972e+01,4.999999984251966567e-01,-4.649829079518632888e-13
2.994000000000000128e+01,4.999999984368151962e-01,3.950766456357882761e-13
2.994999999999999929e+01,4.999999984483478044e-01,-4.578288684910761430e-13
2.996000000000000085e+01,4.999999984597952030e-01,3.073351171539032997e-13
2.996999999999999886e+01,4.999999984711579470e-01,-8.452151594937727557e-14
2.998000000000000043e+01,4.999999984824367028e-01,3.208814875659634052e-14
2.999000000000000199e+01,4.999999984936320807e-01,1.025476617408275944e-13
3.000000000000000000e+01,4.999999985047446915e-01,-4.281297538710759909e-13
3.001000000000000156e+01,4.999999985157752014e-01,6.612096094093744874e-13
3.001999999999999957e+01,4.999999985267241098e-01,-5.151456839014248760e-13
3.003000000000000114e+01,4.999999985375921385e-01,-7.123463398312706208e-14
3.003999999999999915e+01,4.999999985483798426e-01,3.284447724890141796e-13
3.005000000000000071e+01,4.999999985590877771e-01,1.288779122245716345e-13
3.006000000000000227e+01,4.999999985697165528e-01,-1.146988174579554252e-13
3.007000000000000028e+01,4.999999985802667801e-01,-4.019756851218187866e-13
3.008000000000000185e+01,4.999999985907390698e-01,3.779491495184289518e-13
3.008999999999999986e+01,4.999999986011339215e-01,4.883477766036091327e-15
3.010000000000000142e+01,4.999999986114519457e-01,1.442867604649593248e-13
3.010999999999999943e+01,4.999999986216936976e-01,-3.137822578617256704e-13
3.012000000000000099e+01,4.999999986318597878e-01,-2.587910334604260617e-13
3.012999999999999901e+01,4.999999986419507714e-01,3.099106692406817032e-13
3.014000000000000057e+01,4.999999986519671480e-01,2.823534556644789911e-13
3.015000000000000213e+01,4.999999986619094727e-01,-3.415495268221213921e-13
3.016000000000000014e+01,4.999999986717783562e-01,1.040298115850116257e-13
3.017000000000000171e+01,4.999999986815742981e-01,-4.580527391111879074e-14
3.017999999999999972e+01,4.999999986912978533e-01,3.194496063006581400e-13
3.019000000000000128e+01,4.999999987009495217e-01,-4.654703529980420503e-13
3.019999999999999929e+01,4.999999987105299137e-01,3.754855146456312660e-13
3.021000000000000085e+01,4.999999987200394735e-01,-4.881260260459210016e-13
3.021999999999999886e+01,4.999999987294788117e-01,2.746731991056617621e-13
3.023000000000000043e+01,4.999999987388483724e-01,4.440302281041921542e-13
3.024000000000000199e+01,4.999999987481486552e-01,-5.354639424393552174e-13
3.025000000000000000e+01,4.999999987573802707e-01,1.122410245554588008e-13
3.026000000000000156e+01,4.999999987665436629e-01,1.672917881186281136e-13
3.026999999999999957e+01,4.999999987756393316e-01,-3.704252244660841345e-13
3.028000000000000114e+01,4.999999987846678318e-01,1.648891649962053491e-13
3.028999999999999915e+01,4.999999987936296075e-01,1.083093026146306440e-13
3.030000000000000071e+01,4.999999988025251585e-01,1.501668243365584772e-14
3.031000000000000227e+01,4.999999988113549843e-01,-1.147353318332543241e-13
3.032000000000000028e+01,4.999999988201195844e-01,-2.806933811738967801e-13
3.033000000000000185e+01,4.999999988288194586e-01,6.279849611712134623e-13
3.033999999999999986e+01,4.999999988374549953e-01,-7.195378293043562318e-13
3.035000000000000142e+01,4.999999988460268052e-01,6.732336178562590341e-13
3.035999999999999943e+01,4.999999988545352214e-01,-1.893515720445283993e-13
3.037000000000000099e+01,4.999999988629807990e-01,2.329083949449126253e-14
3.037999999999999901e+01,4.999999988713639820e-01,-3.537653857953441127e-13
3.039000000000000057e+01,4.999999988796852701e-01,3.452500981167088918e-13
3.040000000000000213e+01,4.999999988879450519e-01,-9.991130729763502193e-14
3.041000000000000014e+01,4.999999988961438269e-01,-2.384464981049636063e-14
3.042000000000000171e+01,4.999999989042820392e-01,1.874641869161010462e-14
3.042999999999999972e+01,4.999999989123601329e-01,2.808709193220019761e-14
3.044000000000000128e+01,4.999999989203785522e-01,4.402559496702405601e-15
3.044999999999999929e+01,4.999999989283377411e-01,-5.208199316082127825e-14
3.046000000000000085e+01,4.999999989362381436e-01,-1.411413847108252654e-13
3.046999999999999886e+01,4.999999989440802040e-01,2.927432573418532501e-13
3.048000000000000043e+01,4.999999989518643106e-01,1.395461465832500489e-13
3.049000000000000199e+01,4.999999989595909078e-01,-6.008718540039103018e-13
3.050000000000000000e+01,4.999999989672604950e-01,2.925524121680204514e-13
3.051000000000000156e+01,4.999999989748734053e-01,4.461279846948418098e-14
3.051999999999999957e+01,4.999999989824300828e-01,3.206867566021445448e-13
3.053000000000000114e+01,4.999999989899309161e-01,-5.445448564898688434e-13
3.053999999999999915e+01,4.999999989973764047e-01,2.249101908860894901e-13
3.055000000000000071e+01,4.999999990047668819e-01,4.091387167230511401e-13
3.056000000000000227e+01,4.999999990121027360e-01,-5.473188801534756624e-13
3.057000000000000028e+01,4.999999990193844668e-01,1.315294418649626468e-13
3.058000000000000185e+01,4.999999990266124072e-01,-3.295229070352935424e-13
3.058999999999999986e+01,4.999999990337870015e-01,2.901948958275903223e-13
3.060000000000000142e+01,4.999999990409085826e-01,3.256989812200394750e-13
3.060999999999999943e+01,4.999999990479775391e-01,-2.231765173769275138e-13
3.062000000000000099e+01,4.999999990549943152e-01,-2.459836347965809051e-13
3.062999999999999901e+01,4.999999990619592993e-01,2.578372727715629918e-13
3.064000000000000057e+01,4.999999990688728246e-01,1.782322476435936912e-13
3.065000000000000213e+01,4.999999990757352797e-01,-4.849641170791478108e-13
3.066000000000000014e+01,4.999999990825471086e-01,4.892812617337444233e-13
3.067000000000000171e+01,4.999999990893085888e-01,-2.295593885615329698e-13
3.067999999999999972e+01,4.999999990960201646e-01,-4.211773259576720896e-13
3.069000000000000128e+01,4.999999991026822244e-01,4.702787524016288162e-13
3.069999999999999929e+01,4.999999991092950458e-01,2.245039116608482295e-13
3.071000000000000085e+01,4.999999991158590174e-01,-6.037359909736643205e-13
3.071999999999999886e+01,4.999999991223745832e-01,2.065913990804484269e-13
3.073000000000000043e+01,4.999999991288420209e-01,4.355425970346151264e-13
3.074000000000000199e+01,4.999999991352616635e-01,-4.723669767344489149e-13
3.075000000000000000e+01,4.999999991416339551e-01,2.588254813725499939e-13
3.076000000000000156e+01,4.999999991479591732e-01,-1.461158531258438582e-13
3.076999999999999957e+01,4.999999991542377065e-01,-2.184024636294296681e-14
3.078000000000000114e+01,4.999999991604698879e-01,7.689015838008052785e-14
3.078999999999999915e+01,4.999999991666560506e-01,1.502442030626616384e-13
3.080000000000000071e+01,4.999999991727965276e-01,-3.569010166769115138e-13
3.081000000000000227e+01,4.999999991788917075e-01,2.211659756485213684e-13
3.082000000000000028e+01,4.999999991849418679e-01,-3.358597919210336166e-13
3.083000000000000185e+01,4.999999991909473973e-01,7.479558832671669847e-13
3.083999999999999986e+01,4.999999991969085178e-01,-4.132344416212674429e-13
3.085000000000000142e+01,4.999999992028256734e-01,-4.888972353194485962e-13
3.085999999999999943e+01,4.999999992086991973e-01,5.218561954713999968e-13
3.087000000000000099e+01,4.999999992145293115e-01,-1.565985760242833985e-13
3.087999999999999901e+01,4.999999992203164045e-01,2.513126436948020296e-13
3.089000000000000057e+01,4.999999992260607540e-01,8.057608032112222202e-14
3.090000000000000213e+01,4.999999992317626929e-01,-6.689989267343447661e-13
3.091000000000000014e+01,4.999999992374226099e-01,7.788806894103752425e-13
3.092000000000000171e+01,4.999999992430406714e-01,-5.718830253395850177e-13
3.092999999999999972e+01,4.999999992486173217e-01,2.747582041182185466e-13
3.094000000000000128e+01,4.999999992541527827e-01,-1.139257832652812586e-14
3.094999999999999929e+01,4.999999992596473875e-01,-3.203026158790296235e-13
3.096000000000000085e+01,4.999999992651014691e-01,4.587785075754300434e-13
3.097000000000000242e+01,4.999999992705152496e-01,1.055176736715592550e-13
3.098000000000000043e+01,4.999999992758890621e-01,-2.700520210579766861e-13
3.099000000000000199e+01,4.999999992812232397e-01,-1.124711542572078898e-13
3.100000000000000000e+01,4.999999992865180598e-01,2.346868219473633248e-14
3.101000000000000156e+01,4.999999992917738001e-01,1.379081645899230262e-13
3.101999999999999957e+01,4.999999992969907381e-01,-3.243024983165751406e-13
3.103000000000000114e+01,4.999999993021692068e-01,3.025187255068039066e-13
3.103999999999999915e+01,4.999999993073094284e-01,-2.019612999174641194e-13
3.105000000000000071e+01,4.999999993124117359e-01,3.828718966489651708e-13
3.106000000000000227e+01,4.999999993174763513e-01,-1.633148256395519736e-13
3.107000000000000028e+01,4.999999993225036077e-01,-1.751971775107357856e-13
3.108000000000000185e+01,4.999999993274937826e-01,3.477228872349856574e-13
3.108999999999999986e+01,4.999999993324470982e-01,-2.599549895239263472e-13
3.110000000000000142e+01,4.999999993373638874e-01,-3.329063534308474640e-13
3.110999999999999943e+01,4.999999993422444278e-01,6.846564370481699540e-13
3.112000000000000099e+01,4.999999993470888859e-01,-5.382076532517146834e-13
3.112999999999999901e+01,4.999999993518976504e-01,4.395896324966009035e-13
3.114000000000000057e+01,4.999999993566708878e-01,-2.674688951017454353e-13
3.115000000000000213e+01,4.999999993614089311e-01,1.161643458435849065e-13
3.116000000000000014e+01,4.999999993661120024e-01,-7.455414833486593178e-14
3.117000000000000171e+01,4.999999993707803791e-01,-2.845504906808777212e-13
3.117999999999999972e+01,4.999999993754143390e-01,4.160550102714515293e-14
3.119000000000000128e+01,4.999999993800141040e-01,3.490929981053014024e-13
3.119999999999999929e+01,4.999999993845798962e-01,8.273510082162956374e-14
3.121000000000000085e+01,4.999999993891119932e-01,-2.023940842612044480e-13
3.122000000000000242e+01,4.999999993936106724e-01,4.913538790731828773e-14
3.123000000000000043e+01,4.999999993980761559e-01,-2.727868096847104444e-13
3.124000000000000199e+01,4.999999994025087213e-01,4.974920034898052080e-13
3.125000000000000000e+01,4.999999994069085352e-01,-4.156786026499055065e-13
3.126000000000000156e+01,4.999999994112759305e-01,3.185386482202982959e-13
3.126999999999999957e+01,4.999999994156110739e-01,-7.515134980579886320e-14
3.128000000000000114e+01,4.999999994199142428e-01,-4.867402303886593487e-13
3.128999999999999915e+01,4.999999994241857149e-01,7.497793799484110187e-13
3.130000000000000071e+01,4.999999994284256011e-01,-8.067824895905028493e-13
3.131000000000000227e+01,4.999999994326342900e-01,9.501740393107933651e-13
3.132000000000000028e+01,4.999999994368118372e-01,-6.406599388928273371e-13
3.133000000000000185e+01,4.999999994409586312e-01,-2.832789150963375419e-14
3.133999999999999986e+01,4.999999994450748386e-01,1.222908536118045396e-14
3.135000000000000142e+01,4.999999994491606814e-01,5.913463498778824263e-13
3.135999999999999943e+01,4.999999994532163261e-01,-5.116915961240004062e-13
3.137000000000000099e+01,4.999999994572421058e-01,3.395250113715291657e-14
3.137999999999999901e+01,4.999999994612381871e-01,8.271303053284257866e-15
3.139000000000000057e+01,4.999999994652047919e-01,-3.368819506035708215e-14
3.140000000000000213e+01,4.999999994691421423e-01,-9.181349947833639645e-14
3.141000000000000014e+01,4.999999994730504604e-01,3.892961247856614200e-13
3.142000000000000171e+01,4.999999994769299128e-01,-2.557859681188256082e-13
3.142999999999999972e+01,4.999999994807807768e-01,1.935265148543913846e-13
3.144000000000000128e+01,4.999999994846032192e-01,-4.831277447653770179e-13
3.144999999999999929e+01,4.999999994883975174e-01,4.901255606987890895e-13
3.146000000000000085e+01,4.999999994921637825e-01,-2.173258394604809225e-13
3.147000000000000242e+01,4.999999994959022920e-01,1.700392907013343160e-13
3.148000000000000043e+01,4.999999994996132124e-01,-5.681403745033081879e-13
3.149000000000000199e+01,4.999999995032968214e-01,8.992970353433494244e-13
3.150000000000000000e+01,4.999999995069531744e-01,-4.237994435103427480e-13
3.151000000000000156e+01,4.999999995105826045e-01,-9.672223528465208799e-14
3.151999999999999957e+01,4.999999995141852782e-01,-3.394802769409666256e-13
3.153000000000000114e+01,4.999999995177614176e-01,5.135493292203849231e-13
3.153999999999999915e+01,4.999999995213111337e-01,2.419771562718382135e-13
3.155000000000000071e+01,4.999999995248346485e-01,-5.995009911986587279e-13
3.156000000000000227e+01,4.999999995283322396e-01,2.100531057358319977e-13
3.157000000000000028e+01,4.999999995318040180e-01,-1.046854944264815275e-13
3.158000000000000185e+01,4.999999995352502058e-01,1.215540932281606730e-13
3.158999999999999986e+01,4.999999995386709695e-01,3.339206175821328632e-13
3.160000000000000142e+01,4.999999995420664756e-01,-5.780759134387093985e-13
3.160999999999999943e+01,4.999999995454370016e-01,1.614378865043760101e-13
3.162000000000000099e+01,4.999999995487826587e-01,3.324238593298498100e-13
3.162999999999999901e+01,4.999999995521036134e-01,-6.538480018418441973e-14
3.164000000000000057e+01,4.999999995554000876e-01,-4.769397406861567757e-13
3.165000000000000213e+01,4.999999995586723034e-01,2.084452936744586745e-13
3.166000000000000014e+01,4.999999995619203719e-01,3.256677057599272469e-13
3.167000000000000171e+01,4.999999995651444595e-01,-1.255388716533092782e-13
3.167999999999999972e+01,4.999999995683447884e-01,-3.483913494395474359e-14
3.169000000000000128e+01,4.999999995715215251e-01,4.291509470988915843e-14
3.169999999999999929e+01,4.999999995746748360e-01,-4.474784545708990317e-13
3.171000000000000085e+01,4.999999995778049433e-01,7.148886584497626691e-13
3.172000000000000242e+01,4.999999995809119024e-01,-9.111969970763845295e-13
3.173000000000000043e+01,4.999999995839960465e-01,7.808339453185627144e-13
3.174000000000000199e+01,4.999999995870573755e-01,-3.150691742790407254e-13
3.175000000000000000e+01,4.999999995900961669e-01,2.417757595179922663e-13
3.176000000000000156e+01,4.999999995931125318e-01,-3.239572757826544324e-13
3.176999999999999957e+01,4.999999995961066923e-01,2.082898694567016745e-13
3.178000000000000114e+01,4.999999995990787593e-01,1.734139194035770968e-13
3.178999999999999915e+01,4.999999996020288995e-01,-4.288501852400353748e-13
3.180000000000000071e+01,4.999999996049573348e-01,6.711891699312714856e-14
3.181000000000000227e+01,4.999999996078641762e-01,-3.782218521745890019e-15
3.182000000000000028e+01,4.999999996107495903e-01,4.687536063616785295e-13
3.183000000000000185e+01,4.999999996136136882e-01,-1.807261273297553696e-13
3.183999999999999986e+01,4.999999996164566918e-01,-2.869491355862433470e-13
3.185000000000000142e+01,4.999999996192787677e-01,1.505176586892422414e-13
3.185999999999999943e+01,4.999999996220800269e-01,2.150764396042783026e-14
3.187000000000000099e+01,4.999999996248606360e-01,-1.189576798813046749e-13
3.187999999999999901e+01,4.999999996276207614e-01,2.844916551047329791e-13
3.189000000000000057e+01,4.999999996303605143e-01,-4.335965491395242751e-13
3.190000000000000213e+01,4.999999996330801166e-01,5.026213684197234174e-13
3.191000000000000014e+01,4.999999996357796239e-01,-7.927804883544768248e-13
3.192000000000000171e+01,4.999999996384593137e-01,6.765152348094945948e-13
3.192999999999999972e+01,4.999999996411191860e-01,-8.532032650767123444e-14
3.194000000000000128e+01,4.999999996437594629e-01,-3.031392537670865628e-13
3.194999999999999929e+01,4.999999996463803109e-01,5.787756815283044875e-13
3.196000000000000085e+01,4.999999996489817855e-01,-2.152782888680053612e-13
3.197000000000000242e+01,4.999999996515641087e-01,-4.650904743872949024e-13
3.198000000000000043e+01,4.999999996541274472e-01,3.850558604509088446e-13
3.199000000000000199e+01,4.999999996566718563e-01,1.147431460394977736e-13
3.200000000000000000e+01,4.999999996591975027e-01,-1.660685478022116968e-13
3.200999999999999801e+01,4.999999996617045528e-01,9.799002353750639141e-14
3.202000000000000313e+01,4.999999996641931177e-01,-2.032477697838264165e-13
3.203000000000000114e+01,4.999999996666633639e-01,4.052524611373596110e-14
3.203999999999999915e+01,4.999999996691154025e-01,2.744272072728846346e-13
3.204999999999999716e+01,4.999999996715493444e-01,-6.120550850679251288e-13
3.206000000000000227e+01,4.999999996739654118e-01,7.122058020622293746e-13
3.207000000000000028e+01,4.999999996763636045e-01,-1.936815136778681382e-13
3.207999999999999829e+01,4.999999996787441447e-01,-5.545668524010584645e-13
3.209000000000000341e+01,4.999999996811071989e-01,7.405492202287560552e-13
3.210000000000000142e+01,4.999999996834527671e-01,-1.942862623984379691e-13
3.210999999999999943e+01,4.999999996857810713e-01,-2.863824786850698909e-14
3.211999999999999744e+01,4.999999996880922226e-01,-4.276119032684942485e-13
3.213000000000000256e+01,4.999999996903863875e-01,2.743842173215726781e-13
3.214000000000000057e+01,4.999999996926636214e-01,4.122167586876148111e-13
3.214999999999999858e+01,4.999999996949240355e-01,-5.696877219142666096e-13
3.216000000000000369e+01,4.999999996971678518e-01,1.045129985871699007e-13
3.217000000000000171e+01,4.999999996993951257e-01,2.147466054667980205e-13
3.217999999999999972e+01,4.999999997016059683e-01,-2.392758493240522713e-13
3.218999999999999773e+01,4.999999997038005461e-01,4.080367520168917968e-13
3.220000000000000284e+01,4.999999997059789147e-01,-6.373318022403006508e-14
3.221000000000000085e+01,4.999999997081412406e-01,-5.446233343228841499e-13
3.221999999999999886e+01,4.999999997102876903e-01,6.313019801379999370e-13
3.223000000000000398e+01,4.999999997124182638e-01,-4.219095166661116017e-13
3.224000000000000199e+01,4.999999997145331831e-01,1.814623031379908684e-13
3.225000000000000000e+01,4.999999997166325039e-01,2.213442607496151225e-13
3.225999999999999801e+01,4.999999997187163370e-01,-3.025517427002324306e-13
3.227000000000000313e+01,4.999999997207848490e-01,-2.799185581187739295e-13
3.228000000000000114e+01,4.999999997228381510e-01,2.896441175847607285e-13
3.228999999999999915e+01,4.999999997248762984e-01,2.959415514340530339e-13
3.229999999999999716e+01,4.999999997268994023e-01,-2.613139323089671536e-13
3.231000000000000227e+01,4.999999997289076292e-01,-2.718151883978698154e-13
3.232000000000000028e+01,4.999999997309010902e-01,2.648376567553855140e-13
3.232999999999999829e+01,4.999999997328798407e-01,2.384498671306075361e-13
3.234000000000000341e+01,4.999999997348439917e-01,-3.512658109137462564e-13
3.235000000000000142e+01,4.999999997367937099e-01,1.612808718793185592e-13
3.235999999999999943e+01,4.999999997387290507e-01,1.109553665811478992e-13
3.236999999999999744e+01,4.999999997406501251e-01,-5.025292645540080640e-13
3.238000000000000256e+01,4.999999997425570997e-01,5.417000147463761780e-13
3.239000000000000057e+01,4.999999997444499744e-01,-8.702534079456386685e-14
3.239999999999999858e+01,4.999999997463289159e-01,-1.685181486810042860e-13
3.241000000000000369e+01,4.999999997481940350e-01,2.976205024142085925e-13
3.242000000000000171e+01,4.999999997500453874e-01,-3.540868674420866619e-13
3.242999999999999972e+01,4.999999997518831396e-01,9.688974192114290183e-14
3.243999999999999773e+01,4.999999997537073471e-01,-1.458464805290123517e-14
3.245000000000000284e+01,4.999999997555181208e-01,-1.335135563141518719e-13
3.246000000000000085e+01,4.999999997573155719e-01,2.954417363865543055e-13
3.246999999999999886e+01,4.999999997590997558e-01,-3.931959897461250305e-13
3.248000000000000398e+01,4.999999997608708391e-01,5.763856824775508335e-13
3.249000000000000199e+01,4.999999997626288217e-01,-1.264817992825826917e-13
3.250000000000000000e+01,4.999999997643738703e-01,-2.816102052404478390e-13
3.250999999999999801e+01,4.999999997661060958e-01,1.113983132472792721e-13
3.252000000000000313e+01,4.999999997678255537e-01,-5.765099345021309521e-14
3.253000000000000114e+01,4.999999997695323550e-01,-2.337612291119304819e-13
3.253999999999999915e+01,4.999999997712266109e-01,6.936880046684483452e-13
3.254999999999999716e+01,4.999999997729083212e-01,-6.063130881471733416e-13
3.256000000000000227e+01,4.999999997745777081e-01,3.072392872466854332e-13
3.257000000000000028e+01,4.999999997762347714e-01,-4.512643457150448116e-13
3.257999999999999829e+01,4.999999997778796779e-01,4.489288689784631451e-13
3.259000000000000341e+01,4.999999997795124274e-01,2.324322163942565801e-13
3.260000000000000142e+01,4.999999997811331309e-01,-5.460977614216987700e-13
3.260999999999999943e+01,4.999999997827419551e-01,3.342095331954807155e-13
3.261999999999999744e+01,4.999999997843388999e-01,-4.573144608418255332e-13
3.263000000000000256e+01,4.999999997859241319e-01,4.100831092279440923e-13
3.264000000000000057e+01,4.999999997874976509e-01,1.610152643025058660e-13
3.264999999999999858e+01,4.999999997890595682e-01,-6.498606740364688876e-13
3.266000000000000369e+01,4.999999997906100502e-01,7.536068455669939530e-13
3.267000000000000171e+01,4.999999997921490413e-01,-6.247831045505259935e-13
3.267999999999999972e+01,4.999999997936767637e-01,2.109147549933741898e-13
3.268999999999999773e+01,4.999999997951932174e-01,4.856529593351526010e-13
3.270000000000000284e+01,4.999999997966984577e-01,-3.561613287679085902e-13
3.271000000000000085e+01,4.999999997981926514e-01,-9.399813038401190909e-14
3.271999999999999886e+01,4.999999997996758538e-01,-3.929939096234121320e-13
3.273000000000000398e+01,4.999999998011481761e-01,4.124114907065283922e-13
3.274000000000000199e+01,4.999999998026096182e-01,1.017723711590139244e-13
3.275000000000000000e+01,4.999999998040602911e-01,-2.149713825101293196e-13
3.275999999999999801e+01,4.999999998055003059e-01,5.727983207813433182e-13
3.277000000000000313e+01,4.999999998069296625e-01,-8.659260370084045642e-13
3.278000000000000114e+01,4.999999998083485830e-01,4.651401797793828103e-13
3.278999999999999915e+01,4.999999998097570120e-01,1.254162051565800344e-13
3.279999999999999716e+01,4.999999998111550603e-01,-2.202154447954363772e-13
3.281000000000000227e+01,4.999999998125428391e-01,-1.641790093763875337e-14
3.282000000000000028e+01,4.999999998139204038e-01,1.818947186655708736e-13
3.282999999999999829e+01,4.999999998152878100e-01,-1.805300840621815246e-13
3.284000000000000341e+01,4.999999998166451687e-01,6.586726021828168947e-15
3.285000000000000142e+01,4.999999998179925353e-01,1.883308746565099856e-13
3.285999999999999943e+01,4.999999998193299655e-01,-1.905499833122570110e-13
3.286999999999999744e+01,4.999999998206575702e-01,-1.977681446927663938e-14
3.288000000000000256e+01,4.999999998219754049e-01,1.457359510172720363e-13
3.289000000000000057e+01,4.999999998232835252e-01,-2.492638793591609533e-13
3.289999999999999858e+01,4.999999998245820421e-01,4.607829653128148242e-13
3.291000000000000369e+01,4.999999998258709555e-01,-4.998494106552868655e-13
3.292000000000000171e+01,4.999999998271504320e-01,1.995918281466752278e-13
3.292999999999999972e+01,4.999999998284204716e-01,3.389982730537408360e-13
3.293999999999999773e+01,4.999999998296811299e-01,-6.372192121597435512e-13
3.295000000000000284e+01,4.999999998309325733e-01,6.020293014740213217e-13
3.296000000000000085e+01,4.999999998321747463e-01,-3.841757009602367606e-13
3.296999999999999886e+01,4.999999998334078155e-01,2.898616035296465727e-13
3.298000000000000398e+01,4.999999998346317809e-01,-1.512475375048620882e-13
3.299000000000000199e+01,4.999999998358467534e-01,-4.228100473891355835e-14
3.300000000000000000e+01,4.999999998370527887e-01,-4.934335768263569268e-13
3.300999999999999801e+01,4.999999998382499977e-01,7.161331257374225148e-13
3.302000000000000313e+01,4.999999998394383249e-01,-2.995571688945301920e-13
3.303000000000000114e+01,4.999999998406179369e-01,3.451916654761282082e-13
3.303999999999999915e+01,4.999999998417888336e-01,-6.802889567247141527e-13
3.304999999999999716e+01,4.999999998429511816e-01,5.100332662514549837e-13
3.306000000000000227e+01,4.999999998441049254e-01,3.051823766474580999e-14
3.307000000000000028e+01,4.999999998452501759e-01,1.013319808065088777e-13
3.307999999999999829e+01,4.999999998463869888e-01,-3.877202871537700364e-13
3.309000000000000341e+01,4.999999998475154750e-01,2.289197255918869474e-13
3.310000000000000142e+01,4.999999998486356345e-01,-2.691936972090321320e-13
3.310999999999999943e+01,4.999999998497475784e-01,3.384413374405281014e-13
3.311999999999999744e+01,4.999999998508513066e-01,-1.686208875159194401e-13
3.313000000000000256e+01,4.999999998519469302e-01,-1.251575477391619487e-13
3.314000000000000057e+01,4.999999998530345047e-01,4.691946053835997743e-13
3.314999999999999858e+01,4.999999998541140300e-01,-6.063452069916449630e-13
3.316000000000000369e+01,4.999999998551856728e-01,5.342547540942087837e-13
3.317000000000000171e+01,4.999999998562493775e-01,-5.499250353319303555e-13
3.317999999999999972e+01,4.999999998573053106e-01,5.820911196626080500e-13
3.318999999999999773e+01,4.999999998583534166e-01,-5.106163056905724481e-13
3.320000000000000284e+01,4.999999998593938622e-01,6.129283827470866136e-13
3.321000000000000085e+01,4.999999998604265916e-01,-4.881943405857308771e-13
3.321999999999999886e+01,4.999999998614517716e-01,7.171260374610570087e-14
3.323000000000000398e+01,4.999999998624694020e-01,7.253774770130862341e-14
3.324000000000000199e+01,4.999999998634795384e-01,6.925353458233965988e-14
3.325000000000000000e+01,4.999999998644822363e-01,-4.933904162422652745e-13
3.325999999999999801e+01,4.999999998654776068e-01,6.054417340293416841e-13
3.327000000000000313e+01,4.999999998664655942e-01,3.505333150952270849e-14
3.328000000000000114e+01,4.999999998674463098e-01,-5.396658013630149863e-13
3.328999999999999915e+01,4.999999998684198643e-01,5.471752602765382999e-13
3.329999999999999716e+01,4.999999998693862024e-01,-5.903983508288126032e-13
3.331000000000000227e+01,4.999999998703454906e-01,4.885890551344137607e-13
3.332000000000000028e+01,4.999999998712976734e-01,-1.015039393073680024e-13
3.332999999999999829e+01,4.999999998722428618e-01,-1.405087001178250028e-13
3.334000000000000341e+01,4.999999998731811113e-01,3.719360019598459740e-13
3.335000000000000142e+01,4.999999998741124219e-01,-7.849486095262293637e-13
3.335999999999999943e+01,4.999999998750369601e-01,8.301461037370475394e-13
3.336999999999999744e+01,4.999999998759546149e-01,-3.339503198663333369e-13
3.338000000000000256e+01,4.999999998768655529e-01,1.634050560795823974e-13
3.339000000000000057e+01,4.999999998777697741e-01,-4.531786080801800161e-13
3.339999999999999858e+01,4.999999998786673894e-01,5.920782826094612947e-13
3.341000000000000369e+01,4.999999998795583434e-01,-5.867985933537207904e-13
3.342000000000000171e+01,4.999999998804428025e-01,4.511664497679148049e-13
3.342999999999999972e+01,4.999999998813207114e-01,-1.796685577594498804e-13
3.343999999999999773e+01,4.999999998821921809e-01,-2.591338892535467135e-13
3.345000000000000284e+01,4.999999998830572667e-01,2.131305844316872727e-13
3.346000000000000085e+01,4.999999998839159687e-01,1.269020088587260484e-13
3.346999999999999886e+01,4.999999998847683425e-01,3.715396844547330315e-14
3.348000000000000398e+01,4.999999998856144434e-01,-5.608546283709571106e-14
3.349000000000000199e+01,4.999999998864543271e-01,-1.527882113982971822e-13
3.350000000000000000e+01,4.999999998872880491e-01,3.023510132144663468e-13
3.350999999999999801e+01,4.999999998881156094e-01,-3.561678125081846002e-13
3.352000000000000313e+01,4.999999998889371189e-01,9.215718880141993382e-14
3.353000000000000114e+01,4.999999998897525777e-01,5.374344224448085864e-13
3.353999999999999915e+01,4.999999998905619858e-01,-6.861671503962450236e-13
3.354999999999999716e+01,4.999999998913655097e-01,3.073822451745945753e-13
3.356000000000000227e+01,4.999999998921630939e-01,-3.675600083864963542e-13
3.357000000000000028e+01,4.999999998929548495e-01,6.197308412980340174e-13
3.357999999999999829e+01,4.999999998937407208e-01,-6.167186905424937553e-13
3.359000000000000341e+01,4.999999998945208746e-01,3.640670759141496980e-13
3.360000000000000142e+01,4.999999998952952551e-01,-3.235546751158469299e-13
3.360999999999999943e+01,4.999999998960639735e-01,6.511408077738814111e-13
3.361999999999999744e+01,4.999999998968269743e-01,-5.978197644764012930e-13
3.363000000000000256e+01,4.999999998975844240e-01,3.705392866360713909e-13
3.364000000000000057e+01,4.999999998983362670e-01,-3.294250524367623172e-13
3.364999999999999858e+01,4.999999998990826144e-01,7.773549015978860705e-14
3.366000000000000369e+01,4.999999998998234663e-01,-7.314839300065153761e-14
3.367000000000000171e+01,4.999999999005588780e-01,3.281742432171608146e-13
3.367999999999999972e+01,4.999999999012888496e-01,-3.837957927185520584e-13
3.368999999999999773e+01,4.999999999020134922e-01,5.667196536266256022e-13
3.370000000000000284e+01,4.999999999027327502e-01,-7.062523167673846598e-13
3.371000000000000085e+01,4.999999999034467901e-01,2.382639719854356873e-13
3.371999999999999886e+01,4.999999999041555565e-01,6.990124835885735701e-14
3.373000000000000398e+01,4.999999999048591048e-01,4.538572469391347428e-13
3.374000000000000199e+01,4.999999999055574351e-01,-8.306429705953665182e-13
3.375000000000000000e+01,4.999999999062507139e-01,6.577053716464815468e-13
3.375999999999999801e+01,4.999999999069388301e-01,-7.699225669859356461e-14
3.377000000000000313e+01,4.999999999076218948e-01,-2.596159065701620313e-13
3.378000000000000114e+01,4.999999999082999635e-01,1.101912949413162797e-13
3.378999999999999915e+01,4.999999999089730363e-01,-7.779351461785401176e-14
3.379999999999999716e+01,4.999999999096411685e-01,-2.685951395551729507e-13
3.381000000000000227e+01,4.999999999103044157e-01,6.483658790441417876e-13
3.382000000000000028e+01,4.999999999109627224e-01,-6.579355465067514250e-13
3.382999999999999829e+01,4.999999999116162552e-01,8.087518568268274363e-13
3.384000000000000341e+01,4.999999999122649030e-01,-5.027423841034341407e-13
3.385000000000000142e+01,4.999999999129088324e-01,-1.517707263000454810e-13
3.385999999999999943e+01,4.999999999135480433e-01,1.968245740965933399e-13
3.386999999999999744e+01,4.999999999141825358e-01,-1.223187479854447474e-14
3.388000000000000256e+01,4.999999999148123653e-01,-2.239644911873312080e-13
3.389000000000000057e+01,4.999999999154375874e-01,1.169300959785706205e-13
3.389999999999999858e+01,4.999999999160582020e-01,4.555042839146832557e-13
3.391000000000000369e+01,4.999999999166742093e-01,-3.187923400800137254e-13
3.392000000000000171e+01,4.999999999172857201e-01,1.454208870721845578e-14
3.392999999999999972e+01,4.999999999178927346e-01,-2.096630577833760484e-13
3.393999999999999773e+01,4.999999999184953081e-01,1.188431596307113276e-13
3.395000000000000284e+01,4.999999999190934408e-01,-1.101621248812491172e-13
3.396000000000000085e+01,4.999999999196871880e-01,2.135720274889026803e-13
3.396999999999999886e+01,4.999999999202765499e-01,-2.017724946336137610e-14
3.398000000000000398e+01,4.999999999208615820e-01,-2.564338938041455697e-13
3.399000000000000199e+01,4.999999999214423396e-01,6.153798091545516615e-13
3.400000000000000000e+01,4.999999999220187674e-01,-7.357594925473581469e-13
3.400999999999999801e+01,4.999999999225910319e-01,1.311238680116693717e-13
3.402000000000000313e+01,4.999999999231590775e-01,4.409343913572630816e-13
3.403000000000000114e+01,4.999999999237229042e-01,-3.619289378597331403e-13
3.403999999999999915e+01,4.999999999242826232e-01,4.983103301972722291e-13
3.404999999999999716e+01,4.999999999248381788e-01,-8.643190177276331726e-13
3.406000000000000227e+01,4.999999999253897376e-01,5.464331766478200564e-13
3.407000000000000028e+01,4.999999999259371886e-01,2.899453253559769734e-13
3.407999999999999829e+01,4.999999999264805872e-01,-5.241834613732962713e-13
3.409000000000000341e+01,4.999999999270200446e-01,3.248744938527270848e-13
3.410000000000000142e+01,4.999999999275555052e-01,-4.935774825673783885e-13
3.410999999999999943e+01,4.999999999280870799e-01,3.511853500599867327e-13
3.411999999999999744e+01,4.999999999286147134e-01,8.374052395889031121e-14
3.413000000000000256e+01,4.999999999291384611e-01,-1.859864607929303212e-13
3.414000000000000057e+01,4.999999999296583786e-01,9.730656038790916516e-14
3.414999999999999858e+01,4.999999999301744658e-01,3.786707810826226361e-13
3.416000000000000369e+01,4.999999999306867227e-01,-4.524418180726207447e-13
3.417000000000000171e+01,4.999999999311952603e-01,-1.755293793448427089e-13
3.417999999999999972e+01,4.999999999317000787e-01,9.951018619087677453e-14
3.418999999999999773e+01,4.999999999322011779e-01,3.726768901604146004e-13
3.420000000000000284e+01,4.999999999326985578e-01,-4.665769070644908303e-13
3.421000000000000085e+01,4.999999999331923295e-01,3.575244293674692107e-13
3.421999999999999886e+01,4.999999999336824374e-01,6.955795443494580422e-14
3.423000000000000398e+01,4.999999999341689372e-01,-2.205498824437541388e-13
3.424000000000000199e+01,4.999999999346518842e-01,4.250260579622838637e-14
3.425000000000000000e+01,4.999999999351312785e-01,-2.515074523341850922e-13
3.425999999999999801e+01,4.999999999356071756e-01,5.629444176818488600e-13
3.427000000000000313e+01,4.999999999360795200e-01,-2.898890721219162998e-13
3.428000000000000114e+01,4.999999999365484227e-01,-3.455663086163636007e-14
3.428999999999999915e+01,4.999999999370138837e-01,-3.362306140064142597e-13
3.430000000000000426e+01,4.999999999374759585e-01,4.706132632928223413e-13
3.431000000000000227e+01,4.999999999379345916e-01,1.655012067674751250e-13
3.432000000000000028e+01,4.999999999383898386e-01,-6.969127424851712466e-13
3.432999999999999829e+01,4.999999999388418104e-01,6.594700188076554851e-13
3.434000000000000341e+01,4.999999999392903960e-01,-2.062981087323928045e-13
3.435000000000000142e+01,4.999999999397357064e-01,3.618426115101542944e-14
3.435999999999999943e+01,4.999999999401777417e-01,-2.782555585505651071e-13
3.436999999999999744e+01,4.999999999406165574e-01,-3.936663654676980558e-14
3.438000000000000256e+01,4.999999999410521534e-01,1.979011292634294716e-13
3.439000000000000057e+01,4.999999999414845298e-01,4.335477487661694609e-13
3.439999999999999858e+01,4.999999999419136865e-01,-4.429725320404107852e-13
3.441000000000000369e+01,4.999999999423397345e-01,-2.111578615147491901e-13
3.442000000000000171e+01,4.999999999427626740e-01,5.743643665140474863e-13
3.442999999999999972e+01,4.999999999431824493e-01,-3.072022418292963378e-13
3.443999999999999773e+01,4.999999999435991715e-01,-8.040564600761395572e-14
3.445000000000000284e+01,4.999999999440128406e-01,-4.104189573262118434e-13
3.446000000000000085e+01,4.999999999444235121e-01,9.235539559529481526e-13
3.446999999999999886e+01,4.999999999448310750e-01,-5.197567306438225489e-13
3.448000000000000398e+01,4.999999999452356958e-01,-2.996974929117857275e-13
3.449000000000000199e+01,4.999999999456373745e-01,4.741528679946328355e-13
3.450000000000000000e+01,4.999999999460360556e-01,1.362710266689188465e-13
3.450999999999999801e+01,4.999999999464317946e-01,-2.034139381935336808e-13
3.452000000000000313e+01,4.999999999468246470e-01,1.039833855688507970e-14
3.453000000000000114e+01,4.999999999472146128e-01,-3.325150191552292723e-13
3.453999999999999915e+01,4.999999999476017476e-01,4.333691451119544040e-13
3.455000000000000426e+01,4.999999999479859958e-01,-4.676951461584917932e-13
3.456000000000000227e+01,4.999999999483674684e-01,8.502889750319460332e-13
3.457000000000000028e+01,4.999999999487460545e-01,-6.088981808074304234e-13
3.457999999999999829e+01,4.999999999491219205e-01,1.506698820717283445e-13
3.459000000000000341e+01,4.999999999494950109e-01,-2.013824124001630517e-13
3.460000000000000142e+01,4.999999999498653813e-01,1.467997207420530449e-16
3.460999999999999943e+01,4.999999999502330317e-01,2.003065439605992608e-13
3.461999999999999744e+01,4.999999999505979620e-01,-1.561750279776533083e-13
3.463000000000000256e+01,4.999999999509602278e-01,4.095301118789430997e-14
3.464000000000000057e+01,4.999999999513198290e-01,2.367395476472755906e-13
3.464999999999999858e+01,4.999999999516767657e-01,-1.240871282590084973e-13
3.466000000000000369e+01,4.999999999520310934e-01,-4.865477611110386471e-13
3.467000000000000171e+01,4.999999999523828675e-01,8.152005654498225164e-13
3.467999999999999972e+01,4.999999999527319772e-01,-6.601100225193674508e-13
3.468999999999999773e+01,4.999999999530785888e-01,8.344747813219428130e-14
3.470000000000000284e+01,4.999999999534226469e-01,2.707679581669004937e-13
3.471000000000000085e+01,4.999999999537641515e-01,-9.846856996037997317e-14
3.471999999999999886e+01,4.999999999541031581e-01,8.598881975127309618e-14
3.473000000000000398e+01,4.999999999544396667e-01,2.691885969337173884e-13
3.474000000000000199e+01,4.999999999547736773e-01,-6.594118362073878838e-13
3.475000000000000000e+01,4.999999999551053009e-01,7.596062068717274697e-14
3.475999999999999801e+01,4.999999999554344821e-01,2.551517046488006326e-13
3.477000000000000313e+01,4.999999999557612207e-01,4.331131449396197707e-13
3.478000000000000114e+01,4.999999999560855168e-01,-5.006972888819733619e-13
3.478999999999999915e+01,4.999999999564074815e-01,-3.257777539158752058e-13
3.480000000000000426e+01,4.999999999567271147e-01,4.032390641063476622e-13
3.481000000000000227e+01,4.999999999570443610e-01,2.083127312320610348e-14
3.482000000000000028e+01,4.999999999573592757e-01,1.922017494422988462e-13
3.482999999999999829e+01,4.999999999576718590e-01,-1.928723872800191618e-13
3.484000000000000341e+01,4.999999999579821663e-01,-2.414021272711485460e-14
3.485000000000000142e+01,4.999999999582901977e-01,-4.118246075736971783e-13
3.485999999999999943e+01,4.999999999585960087e-01,3.095961047290902985e-13
3.486999999999999744e+01,4.999999999588995436e-01,4.749188328711272767e-13
3.488000000000000256e+01,4.999999999592008026e-01,-4.714455125981196655e-13
3.489000000000000057e+01,4.999999999594998967e-01,2.462755247337987773e-13
3.489999999999999858e+01,4.999999999597967704e-01,-1.473441712480192507e-13
3.491000000000000369e+01,4.999999999600914791e-01,-5.423718382653556177e-13
3.492000000000000171e+01,4.999999999603840783e-01,7.270319957620636497e-13
3.492999999999999972e+01,4.999999999606744572e-01,-2.251278179050556272e-13
3.493999999999999773e+01,4.999999999609627266e-01,-6.844443920233890838e-14
3.495000000000000284e+01,4.999999999612488866e-01,8.717704669735311829e-14
3.496000000000000085e+01,4.999999999615329371e-01,2.417366459561444313e-13
3.496999999999999886e+01,4.999999999618148783e-01,-1.600358869349995348e-13
3.498000000000000398e+01,4.999999999620947655e-01,-7.889629487173171049e-15
3.499000000000000199e+01,4.999999999623725988e-01,-4.120474642000605260e-13
3.500000000000000000e+01,4.999999999626484337e-01,2.930116466919638954e-13
3.500999999999999801e+01,4.999999999629222147e-01,-1.131860957430288923e-13
3.502000000000000313e+01,4.999999999631939973e-01,5.898331192081590087e-13
3.503000000000000114e+01,4.999999999634637260e-01,-3.736744871724160076e-13
3.503999999999999915e+01,4.999999999637315118e-01,-2.282541228578519429e-13
3.505000000000000426e+01,4.999999999639973547e-01,-8.381178141739264060e-14
3.506000000000000227e+01,4.999999999642612547e-01,6.149223869531244963e-13
3.507000000000000028e+01,4.999999999645231563e-01,-3.528421258239871561e-13
3.507999999999999829e+01,4.999999999647831705e-01,-2.116503475710507863e-13
3.509000000000000341e+01,4.999999999650412974e-01,-7.140863373206005051e-14
3.510000000000000142e+01,4.999999999652975369e-01,6.231526848821554801e-13
3.510999999999999943e+01,4.999999999655518335e-01,-3.487565390125282659e-13
3.511999999999999744e+01,4.999999999658042982e-01,-2.116811534967039096e-13
3.513000000000000256e+01,4.999999999660549310e-01,4.797416536204940900e-13
3.514000000000000057e+01,4.999999999663036765e-01,-4.952779949269541557e-13
3.514999999999999858e+01,4.999999999665506456e-01,1.939846260547841155e-13
3.516000000000000369e+01,4.999999999667957828e-01,3.273716148375031261e-13
3.517000000000000171e+01,4.999999999670390882e-01,-6.507021803509337280e-13
3.517999999999999972e+01,4.999999999672806728e-01,5.908036835322853891e-13
3.518999999999999773e+01,4.999999999675204254e-01,-3.890583980774553956e-13
3.520000000000000284e+01,4.999999999677584572e-01,2.953899751064041864e-13
3.521000000000000085e+01,4.999999999679947127e-01,-1.312787172667378227e-13
3.521999999999999886e+01,4.999999999682292473e-01,-3.859790271486034382e-15
3.523000000000000398e+01,4.999999999684620611e-01,1.226929508254556116e-13
3.524000000000000199e+01,4.999999999686931540e-01,-3.068895245129954417e-13
3.525000000000000000e+01,4.999999999689225816e-01,-1.823562971232761862e-13
3.525999999999999801e+01,4.999999999691503438e-01,4.966076393620478700e-13
3.527000000000000313e+01,4.999999999693763852e-01,6.448247411251048793e-14
3.528000000000000114e+01,4.999999999696007613e-01,-3.687956969290042752e-13
3.528999999999999915e+01,4.999999999698235276e-01,3.073387786514226921e-13
3.530000000000000426e+01,4.999999999700446285e-01,-1.275878993265472127e-13
3.531000000000000227e+01,4.999999999702641196e-01,-8.370644559509988637e-15
3.532000000000000028e+01,4.999999999704820008e-01,1.100363351461674069e-13
3.532999999999999829e+01,4.999999999706982723e-01,-3.276355898224633361e-13
3.534000000000000341e+01,4.999999999709129894e-01,3.441330883717512627e-13
3.535000000000000142e+01,4.999999999711260967e-01,-9.513143062864966934e-14
3.535999999999999943e+01,4.999999999713376497e-01,1.977616160323539189e-14
3.536999999999999744e+01,4.999999999715476484e-01,-4.213670219453976425e-13
3.538000000000000256e+01,4.999999999717561483e-01,2.469583485012000719e-13
3.539000000000000057e+01,4.999999999719630939e-01,3.595468401987017999e-13
3.539999999999999858e+01,4.999999999721684851e-01,-8.391529781155477211e-14
3.541000000000000369e+01,4.999999999723723776e-01,-5.284454273020592144e-13
3.542000000000000171e+01,4.999999999725748268e-01,6.917891819338628428e-13
3.542999999999999972e+01,4.999999999727757216e-01,-3.092043744011757993e-13
3.543999999999999773e+01,4.999999999729751732e-01,-2.010147754294623377e-13
3.545000000000000284e+01,4.999999999731731815e-01,4.617165058058171157e-13
3.546000000000000085e+01,4.999999999733696909e-01,-5.417975556197937666e-13
3.546999999999999886e+01,4.999999999735648126e-01,1.191677618345157357e-13
3.548000000000000398e+01,4.999999999737584910e-01,2.244517048734330183e-13
3.549000000000000199e+01,4.999999999739507262e-01,3.290092440059574658e-13
3.550000000000000000e+01,4.999999999741415180e-01,-6.776953802516042993e-13
3.550999999999999801e+01,4.999999999743309775e-01,5.353753361660361802e-13
3.552000000000000313e+01,4.999999999745189938e-01,-4.727262125291607226e-13
3.553000000000000114e+01,4.999999999747056778e-01,1.836798374530762693e-13
3.553999999999999915e+01,4.999999999748909740e-01,2.844322039198973347e-13
3.555000000000000426e+01,4.999999999750748825e-01,-7.260492020070982849e-13
3.556000000000000227e+01,4.999999999752575142e-01,4.832726832139078739e-13
3.557000000000000028e+01,4.999999999754387581e-01,2.671782765041276688e-14
3.557999999999999829e+01,4.999999999756186697e-01,1.244478725304655341e-13
3.559000000000000341e+01,4.999999999757972491e-01,-3.337600714987771383e-13
3.560000000000000142e+01,4.999999999759745517e-01,3.176123533964446313e-13
3.560999999999999943e+01,4.999999999761505221e-01,-1.419086540062075408e-13
3.561999999999999744e+01,4.999999999763252156e-01,-4.711664024187813692e-14
3.563000000000000256e+01,4.999999999764986325e-01,4.703281609872726801e-14
3.564000000000000057e+01,4.999999999766707726e-01,1.405397185334406059e-13
3.564999999999999858e+01,4.999999999768416359e-01,-3.218631532405862792e-13
3.566000000000000369e+01,4.999999999770112780e-01,3.253422956352813516e-13
3.567000000000000171e+01,4.999999999771796433e-01,-1.383177362323271995e-13
3.567999999999999972e+01,4.999999999773467874e-01,-4.763653348215637848e-14
3.568999999999999773e+01,4.999999999775127102e-01,4.243006276329858414e-14
3.570000000000000284e+01,4.999999999776774118e-01,1.318820558518034270e-13
3.571000000000000085e+01,4.999999999778408921e-01,-3.345475130626373082e-13
3.571999999999999886e+01,4.999999999780032067e-01,3.086591887890360341e-13
3.573000000000000398e+01,4.999999999781643001e-01,-1.589716401556534756e-13
3.574000000000000199e+01,4.999999999783242277e-01,-7.223302351704026667e-14
3.575000000000000000e+01,4.999999999784829896e-01,1.391893593390183193e-14
3.575999999999999801e+01,4.999999999786405858e-01,9.948424137678734119e-14
3.577000000000000313e+01,4.999999999787970162e-01,1.844628959876741680e-13
3.578000000000000114e+01,4.999999999789522809e-01,-2.864117551287664665e-13
3.578999999999999915e+01,4.999999999791064353e-01,3.523778161628594614e-13
3.580000000000000426e+01,4.999999999792594241e-01,-6.749087632648371159e-13
3.581000000000000227e+01,4.999999999794113581e-01,5.177197526993839680e-13
3.582000000000000028e+01,4.999999999795621264e-01,4.458224223441173265e-14
3.582999999999999829e+01,4.999999999797117844e-01,-4.294239166509322021e-13
3.584000000000000341e+01,4.999999999798603878e-01,7.615284890778134170e-13
3.585000000000000142e+01,4.999999999800078254e-01,-8.238179625535139537e-13
3.585999999999999943e+01,4.999999999801542638e-01,3.657352508470703067e-13
3.586999999999999744e+01,4.999999999802995920e-01,-1.104498350103911380e-13
3.588000000000000256e+01,4.999999999804438655e-01,5.230572571129743758e-13
3.589000000000000057e+01,4.999999999805870288e-01,-5.094834572493400433e-13
3.589999999999999858e+01,4.999999999807291928e-01,1.226527390948562757e-13
3.591000000000000369e+01,4.999999999808703022e-01,-3.559647548721073844e-13
3.592000000000000171e+01,4.999999999810104123e-01,2.751378684399646472e-13
3.592999999999999972e+01,4.999999999811494678e-01,3.507528173341062075e-13
3.593999999999999773e+01,4.999999999812874685e-01,-1.294289445297272651e-13
3.595000000000000284e+01,4.999999999814244700e-01,-6.104224296485394873e-13
3.596000000000000085e+01,4.999999999815605278e-01,5.735980223735614740e-13
3.596999999999999886e+01,4.999999999816955309e-01,9.190770036726510645e-14
3.598000000000000398e+01,4.999999999818295349e-01,-3.905940792223033343e-13
3.599000000000000199e+01,4.999999999819625951e-01,2.366522047326330591e-13
3.600000000000000000e+01,4.999999999820946561e-01,-2.468272499969416908e-13
3.600999999999999801e+01,4.999999999822257735e-01,3.794413640089292275e-13
3.602000000000000313e+01,4.999999999823558916e-01,-1.050157554845352852e-13
3.603000000000000114e+01,4.999999999824850661e-01,-5.902559641908253730e-13
3.603999999999999915e+01,4.999999999826133523e-01,5.895453689911508150e-13
3.605000000000000426e+01,4.999999999827406394e-01,1.036635332975271813e-13
3.606000000000000227e+01,4.999999999828669828e-01,-3.830011275775938716e-13
3.607000000000000028e+01,4.999999999829924380e-01,2.401102220048226252e-13
3.607999999999999829e+01,4.999999999831169495e-01,-2.474762203490916964e-13
3.609000000000000341e+01,4.999999999832405728e-01,3.747133526159564061e-13
3.610000000000000142e+01,4.999999999833632525e-01,-1.137948614992890145e-13
3.610999999999999943e+01,4.999999999834850439e-01,-4.779229567560745284e-14
3.611999999999999744e+01,4.999999999836059472e-01,1.776335323450160204e-14
3.613000000000000256e+01,4.999999999837259623e-01,8.287208757897911069e-14
3.614000000000000057e+01,4.999999999838450893e-01,-4.077312029171897616e-13
3.614999999999999858e+01,4.999999999839633835e-01,2.114694618892951380e-13
3.616000000000000369e+01,4.999999999840807896e-01,2.752653071065922895e-13
3.617000000000000171e+01,4.999999999841973075e-01,-2.166507381445971656e-13
3.617999999999999972e+01,4.999999999843129928e-01,-1.540277640706767619e-13
3.618999999999999773e+01,4.999999999844278453e-01,4.634411349660114003e-13
3.620000000000000284e+01,4.999999999845418097e-01,-5.850246622315877983e-13
3.621000000000000085e+01,4.999999999846549970e-01,5.865643743525715082e-13
3.621999999999999886e+01,4.999999999847672960e-01,-4.627393627488761905e-13
3.623000000000000398e+01,4.999999999848788179e-01,1.527470072406556333e-13
3.624000000000000199e+01,4.999999999849895072e-01,-3.424085273350896807e-13
3.625000000000000000e+01,4.999999999850994192e-01,8.275324869799760563e-13
3.625999999999999801e+01,4.999999999852084431e-01,-7.786838680138977908e-13
3.627000000000000313e+01,4.999999999853167454e-01,3.901409263353694227e-13
3.628000000000000114e+01,4.999999999854242150e-01,-1.066345957999796868e-13
3.628999999999999915e+01,4.999999999855309074e-01,-4.884268489489468412e-14
3.630000000000000426e+01,4.999999999856368227e-01,8.558198533074738000e-15
3.631000000000000227e+01,4.999999999857419608e-01,6.556805650768370536e-14
3.632000000000000028e+01,4.999999999858463218e-01,1.221868910504587423e-13
3.632999999999999829e+01,4.999999999859499056e-01,-3.768496051349914623e-13
3.634000000000000341e+01,4.999999999860527677e-01,2.339737435778877686e-13
3.635000000000000142e+01,4.999999999861548527e-01,2.894473595544372388e-13
3.635999999999999943e+01,4.999999999862561606e-01,-2.107342231287558625e-13
3.636999999999999744e+01,4.999999999863567468e-01,-1.563200963289710698e-13
3.638000000000000256e+01,4.999999999864566114e-01,-1.022690575557760744e-13
3.639000000000000057e+01,4.999999999865557543e-01,5.066829524418361629e-13
3.639999999999999858e+01,4.999999999866541200e-01,-5.502430013458016532e-13
3.641000000000000369e+01,4.999999999867518197e-01,6.129417672859228523e-13
3.642000000000000171e+01,4.999999999868487421e-01,-4.447103494532960479e-13
3.642999999999999972e+01,4.999999999869449985e-01,-3.927795198308665600e-13
3.643999999999999773e+01,4.999999999870405887e-01,7.693438519499508975e-13
3.645000000000000284e+01,4.999999999871354017e-01,-2.893696561136618249e-13
3.646000000000000085e+01,4.999999999872295486e-01,-2.384999615366984187e-13
3.646999999999999886e+01,4.999999999873230294e-01,3.672983070540782130e-13
3.648000000000000398e+01,4.999999999874157885e-01,-1.374894350416715557e-13
3.649000000000000199e+01,4.999999999875078815e-01,-8.765302055630301566e-14
3.650000000000000000e+01,4.999999999875993084e-01,-3.815174964382260618e-14
3.650999999999999801e+01,4.999999999876900691e-01,5.662779354047620170e-13
3.652000000000000313e+01,4.999999999877801082e-01,-4.951418975450258210e-13
3.653000000000000114e+01,4.999999999878695367e-01,-4.469500096242812923e-13
3.653999999999999915e+01,4.999999999879583545e-01,7.114615258299730050e-13
3.655000000000000426e+01,4.999999999880464507e-01,-3.509358786241062217e-13
3.656000000000000227e+01,4.999999999881339363e-01,2.515420402970196793e-13
3.657000000000000028e+01,4.999999999882207558e-01,-2.565381140586908567e-13
3.657999999999999829e+01,4.999999999883069646e-01,3.452974647599597226e-13
3.659000000000000341e+01,4.999999999883925073e-01,-1.634250264494651918e-13
3.660000000000000142e+01,4.999999999884774393e-01,-1.174949633640050680e-13
3.660999999999999943e+01,4.999999999885617608e-01,-7.187210400714488418e-14
3.661999999999999744e+01,4.999999999886454716e-01,5.287066524616847175e-13
3.663000000000000256e+01,4.999999999887285163e-01,-5.365357125735126504e-13
3.664000000000000057e+01,4.999999999888110058e-01,6.312551161073665430e-14
3.664999999999999858e+01,4.999999999888928848e-01,1.075195715392576034e-13
3.666000000000000369e+01,4.999999999889741531e-01,1.516064354737614749e-13
3.667000000000000171e+01,4.999999999890548108e-01,-3.598767876434421663e-13
3.667999999999999972e+01,4.999999999891349134e-01,2.385836590691909855e-13
3.668999999999999773e+01,4.999999999892144054e-01,-2.734860277432627694e-13
3.670000000000000284e+01,4.999999999892933422e-01,3.243879582145269702e-13
3.671000000000000085e+01,4.999999999893716685e-01,-1.882681864155677601e-13
3.671999999999999886e+01,4.999999999894494396e-01,4.090193446585834170e-13
3.673000000000000398e+01,4.999999999895266001e-01,-6.594858972378230093e-13
3.674000000000000199e+01,4.999999999896032610e-01,4.922034019700431208e-13
3.675000000000000000e+01,4.999999999896793113e-01,-2.159780291119009163e-14
3.675999999999999801e+01,4.999999999897548064e-01,-5.359803702303806813e-13
3.677000000000000313e+01,4.999999999898298020e-01,6.148711461719961812e-13
3.678000000000000114e+01,4.999999999899041869e-01,1.002320394527921098e-13
3.678999999999999915e+01,4.999999999899780168e-01,-4.149881791229112062e-13
3.680000000000000426e+01,4.999999999900513470e-01,1.797632091491709264e-13
3.681000000000000227e+01,4.999999999901241221e-01,-3.359875992385555005e-13
3.682000000000000028e+01,4.999999999901963976e-01,2.582332018567409086e-13
3.682999999999999829e+01,4.999999999902681180e-01,-2.580481910753961192e-13
3.684000000000000341e+01,4.999999999903393388e-01,3.356420281050061814e-13
3.685000000000000142e+01,4.999999999904100045e-01,3.740922090418045280e-13
3.685999999999999943e+01,4.999999999904801151e-01,-6.982610818001545877e-13
3.686999999999999744e+01,4.999999999905497816e-01,4.496081053193682007e-13
3.688000000000000256e+01,4.999999999906188930e-01,-6.232478380096046079e-13
3.689000000000000057e+01,4.999999999906875603e-01,5.241186991053169753e-13
3.689999999999999858e+01,4.999999999907556725e-01,6.022057288246251348e-15
3.691000000000000369e+01,4.999999999908232851e-01,4.263512839683467524e-14
3.692000000000000171e+01,4.999999999908903980e-01,-4.762649886844265941e-13
3.692999999999999972e+01,4.999999999909570669e-01,6.700962632808203356e-13
3.693999999999999773e+01,4.999999999910231807e-01,-4.042676077793657068e-13
3.695000000000000284e+01,4.999999999910888504e-01,1.863292635505446751e-13
3.696000000000000085e+01,4.999999999911540205e-01,-3.335481241855581461e-13
3.696999999999999886e+01,4.999999999912187465e-01,2.565740350021118481e-13
3.698000000000000398e+01,4.999999999912829729e-01,-2.637780625497752856e-13
3.699000000000000199e+01,4.999999999913467552e-01,3.258693891460501437e-13
3.700000000000000000e+01,4.999999999914100379e-01,-1.949574135762543986e-13
3.700999999999999801e+01,4.999999999914728765e-01,3.942153352680715695e-13
3.702000000000000313e+01,4.999999999915352156e-01,-6.823476293868021874e-13
3.703000000000000114e+01,4.999999999915971660e-01,4.613398210275295612e-13
3.703999999999999915e+01,4.999999999916586169e-01,-6.040854161985135234e-14
3.705000000000000426e+01,4.999999999917196236e-01,-2.741868810269099169e-14
3.706000000000000227e+01,4.999999999917801863e-01,5.347778944506171978e-15
3.707000000000000028e+01,4.999999999918403049e-01,3.789086060768444519e-14
3.707999999999999829e+01,4.999999999918999793e-01,7.021055797161648042e-14
3.709000000000000341e+01,4.999999999919592097e-01,-4.529543062784947317e-13
3.710000000000000142e+01,4.999999999920180516e-01,6.891694462786203121e-13
3.710999999999999943e+01,4.999999999920763938e-01,-3.894039870638757534e-13
3.711999999999999744e+01,4.999999999921343474e-01,-3.582491104536406451e-13
3.713000000000000256e+01,4.999999999921919125e-01,7.832323382494225272e-13
3.714000000000000057e+01,4.999999999922489780e-01,-2.959833957536316322e-13
3.714999999999999858e+01,4.999999999923056548e-01,-2.654705750874614326e-13
3.716000000000000369e+01,4.999999999923619431e-01,3.201076827361399420e-13
3.717000000000000171e+01,4.999999999924177874e-01,-2.047603783834619266e-13
3.717999999999999972e+01,4.999999999924732430e-01,-1.748617687202145664e-13
3.718999999999999773e+01,4.999999999925283101e-01,4.101021604707400394e-13
3.720000000000000284e+01,4.999999999925829330e-01,-1.153802262812189984e-13
3.721000000000000085e+01,4.999999999926371674e-01,-8.609581887934276116e-14
3.721999999999999886e+01,4.999999999926910133e-01,-5.700686504735917398e-14
3.723000000000000398e+01,4.999999999927444705e-01,-2.811336384687928976e-14
3.724000000000000199e+01,4.999999999927975392e-01,5.846856594777121881e-16
3.725000000000000000e+01,4.999999999928502192e-01,2.908728440808614179e-14
3.725999999999999801e+01,4.999999999929025107e-01,5.739443333431531278e-14
3.727000000000000313e+01,4.999999999929544137e-01,8.550613337253030003e-14
3.728000000000000114e+01,4.999999999930059280e-01,1.134223854560937571e-13
3.728999999999999915e+01,4.999999999930570538e-01,-4.141171851667080714e-13
3.730000000000000426e+01,4.999999999931078465e-01,7.236589939141604074e-13
3.731000000000000227e+01,4.999999999931581951e-01,-9.144943728988255096e-13
3.732000000000000028e+01,4.999999999932082662e-01,7.778814807962761468e-13
3.732999999999999829e+01,4.999999999932578931e-01,-3.053746424406475539e-13
3.734000000000000341e+01,4.999999999933071870e-01,-2.788727559892901071e-13
3.735000000000000142e+01,4.999999999933561479e-01,3.027217402825856891e-13
3.735999999999999943e+01,4.999999999934047201e-01,-2.261021491376201816e-13
3.736999999999999744e+01,4.999999999934529593e-01,3.551293814366345126e-13
3.738000000000000256e+01,4.999999999935008099e-01,-1.740574719608863510e-13
3.739000000000000057e+01,4.999999999935483275e-01,-1.484488811926977991e-13
3.739999999999999858e+01,4.999999999935955119e-01,-1.230078130857116247e-13
3.741000000000000369e+01,4.999999999936423634e-01,4.575256313286072732e-13
3.742000000000000171e+01,4.999999999936888262e-01,-7.235930484167437870e-14
3.742999999999999972e+01,4.999999999937349560e-01,-4.744863480362378283e-14
3.743999999999999773e+01,4.999999999937807527e-01,-2.270548421643651407e-14
3.745000000000000284e+01,4.999999999938262163e-01,-5.533895919759541569e-13
3.746000000000000085e+01,4.999999999938714024e-01,5.812693418484947682e-13
3.746999999999999886e+01,4.999999999939161999e-01,5.054661430985354519e-14
3.748000000000000398e+01,4.999999999939606643e-01,7.461969498366765075e-14
3.749000000000000199e+01,4.999999999940047957e-01,-4.567343213868708295e-13
3.750000000000000000e+01,4.999999999940486495e-01,1.219950066892276347e-13
3.750999999999999801e+01,4.999999999940921702e-01,1.455933776928046124e-13
3.752000000000000313e+01,4.999999999941353579e-01,1.690242354987001149e-13
3.753000000000000114e+01,4.999999999941782125e-01,-3.629718428299861567e-13
3.753999999999999915e+01,4.999999999942207896e-01,2.151154262119496074e-13
3.755000000000000426e+01,4.999999999942630335e-01,-3.171877614828782466e-13
3.756000000000000227e+01,4.999999999943050000e-01,2.605923996292369653e-13
3.757000000000000028e+01,4.999999999943466333e-01,2.832413716812404106e-13
3.757999999999999829e+01,4.999999999943879336e-01,-2.495363917863526958e-13
3.759000000000000341e+01,4.999999999944289564e-01,-2.274899919057680778e-13
3.760000000000000142e+01,4.999999999944697016e-01,3.496759619447717474e-13
3.760999999999999943e+01,4.999999999945101137e-01,-1.835485366462274789e-13
3.761999999999999744e+01,4.999999999945502482e-01,-1.619487520046562020e-13
3.763000000000000256e+01,4.999999999945901052e-01,4.147704708995761700e-13
3.764000000000000057e+01,4.999999999946296292e-01,-1.189007565212158930e-13
3.764999999999999858e+01,4.999999999946688756e-01,-9.774758101943863087e-14
3.766000000000000369e+01,4.999999999947078444e-01,-7.673399592019065667e-14
3.767000000000000171e+01,4.999999999947465357e-01,-5.586000057638590437e-14
3.767999999999999972e+01,4.999999999947849494e-01,-3.512559434162518491e-14
3.768999999999999773e+01,4.999999999948230855e-01,5.407280192425986023e-13
3.770000000000000284e+01,4.999999999948608886e-01,-5.490675700722880051e-13
3.771000000000000085e+01,4.999999999948984697e-01,2.621234058648423564e-14
3.771999999999999886e+01,4.999999999949357732e-01,6.016470755085665278e-13
3.773000000000000398e+01,4.999999999949727436e-01,-4.885672733357874793e-13
3.774000000000000199e+01,4.999999999950094920e-01,8.629399673781384616e-14
3.775000000000000000e+01,4.999999999950459628e-01,-4.492072644688809983e-13
3.775999999999999801e+01,4.999999999950822116e-01,6.806612712257081292e-13
3.777000000000000313e+01,4.999999999951181273e-01,-4.100835812484660534e-13
3.778000000000000114e+01,4.999999999951538210e-01,1.642473434478973363e-13
3.778999999999999915e+01,4.999999999951892371e-01,-3.717842607825055616e-13
3.780000000000000426e+01,4.999999999952244312e-01,7.575537786727960169e-13
3.781000000000000227e+01,4.999999999952592922e-01,-3.337215675274510487e-13
3.782000000000000028e+01,4.999999999952939311e-01,-3.151792681946661140e-13
3.782999999999999829e+01,4.999999999953283480e-01,2.585096131048867328e-13
3.784000000000000341e+01,4.999999999953624874e-01,-2.781640316252777205e-13
3.785000000000000142e+01,4.999999999953964047e-01,2.952736030142378936e-13
3.785999999999999943e+01,4.999999999954300445e-01,3.136068472467899285e-13
3.786999999999999744e+01,4.999999999954634067e-01,-7.787156771594733967e-13
3.788000000000000256e+01,4.999999999954966023e-01,3.493239371355150819e-13
3.789000000000000057e+01,4.999999999955295205e-01,3.672941177617164693e-13
3.789999999999999858e+01,4.999999999955621610e-01,-1.701332566472991696e-13
3.791000000000000369e+01,4.999999999955945795e-01,-1.527072893530299112e-13
3.792000000000000171e+01,4.999999999956267760e-01,-1.353929860865051962e-13
3.792999999999999972e+01,4.999999999956587504e-01,-1.181903463401648751e-13
3.793999999999999773e+01,4.999999999956905028e-01,4.541584557030410805e-13
3.795000000000000284e+01,4.999999999957219776e-01,-8.385526206949267860e-14
3.796000000000000085e+01,4.999999999957532304e-01,-6.701544248698047370e-14
3.796999999999999886e+01,4.999999999957842611e-01,-5.028728435916194824e-14
3.798000000000000398e+01,4.999999999958150698e-01,-3.367078718117750774e-14
3.799000000000000199e+01,4.999999999958456565e-01,-1.716595044869921207e-14
3.800000000000000000e+01,4.999999999958760211e-01,-7.727736579298919833e-16
3.800999999999999801e+01,4.999999999959061636e-01,1.550874369439743152e-14
3.802000000000000313e+01,4.999999999959360841e-01,3.167860211102027925e-14
3.803000000000000114e+01,4.999999999959657826e-01,4.773680209414729440e-14
3.803999999999999915e+01,4.999999999959952590e-01,6.368334414545910086e-14
3.805000000000000426e+01,4.999999999960245134e-01,7.951822876610901004e-14
3.806000000000000227e+01,4.999999999960535457e-01,-4.600159075406452573e-13
3.807000000000000028e+01,4.999999999960824115e-01,6.658464822322550897e-13
3.807999999999999829e+01,4.999999999961109998e-01,-4.288765887712545088e-13
3.809000000000000341e+01,4.999999999961394215e-01,1.415052404763780490e-13
3.810000000000000142e+01,4.999999999961676211e-01,-3.984475333517553922e-13
3.810999999999999943e+01,4.999999999961956543e-01,7.269960676492540220e-13
3.811999999999999744e+01,4.999999999962234098e-01,-9.234029246033222208e-13
3.813000000000000256e+01,4.999999999962510544e-01,7.568110910522488907e-13
3.814000000000000057e+01,4.999999999962784214e-01,-3.385262413571162579e-13
3.814999999999999858e+01,4.999999999963056219e-01,2.312415585940296967e-13
3.816000000000000369e+01,4.999999999963326003e-01,-3.093252418706964752e-13
3.817000000000000171e+01,4.999999999963594122e-01,2.602471625096522290e-13
3.817999999999999972e+01,4.999999999963860020e-01,-2.805150326562905062e-13
3.818999999999999773e+01,4.999999999964124253e-01,2.888619778915114841e-13
3.820000000000000284e+01,4.999999999964386266e-01,-2.520956102392176407e-13
3.821000000000000085e+01,4.999999999964646613e-01,3.170860082106495166e-13
3.821999999999999886e+01,4.999999999964904740e-01,-2.240669711520702387e-13
3.823000000000000398e+01,4.999999999965161201e-01,3.449192569308444996e-13
3.824000000000000199e+01,4.999999999965415443e-01,-1.964291119346944697e-13
3.825000000000000000e+01,4.999999999965668018e-01,-1.828949119967093422e-13
3.825999999999999801e+01,4.999999999965918929e-01,-1.694444520804131628e-13
3.827000000000000313e+01,4.999999999966168174e-01,3.991788318467088819e-13
3.828000000000000114e+01,4.999999999966415198e-01,-1.425324794913864195e-13
3.828999999999999915e+01,4.999999999966660558e-01,-1.293610687360365078e-13
3.830000000000000426e+01,4.999999999966904252e-01,4.389830535631769767e-13
3.831000000000000227e+01,4.999999999967145725e-01,-6.582638303464561922e-13
3.832000000000000028e+01,4.999999999967386088e-01,4.648793528276884116e-13
3.832999999999999829e+01,4.999999999967624231e-01,-7.727866959273494407e-14
3.834000000000000341e+01,4.999999999967860709e-01,-6.455377877177185709e-14
3.835000000000000142e+01,4.999999999968095521e-01,-5.191262456845552612e-14
3.835999999999999943e+01,4.999999999968328668e-01,5.159010167275986709e-13
3.836999999999999744e+01,4.999999999968559594e-01,-5.818761191177074516e-13
3.838000000000000256e+01,4.999999999968789410e-01,-1.451933356706763614e-14
3.839000000000000057e+01,4.999999999969017561e-01,-2.213122163316829143e-15
3.839999999999999858e+01,4.999999999969244047e-01,5.652654270586292484e-13
3.841000000000000369e+01,4.999999999969468312e-01,-5.328466485770209238e-13
3.842000000000000171e+01,4.999999999969691467e-01,3.417534922995056564e-14
3.842999999999999972e+01,4.999999999969912956e-01,4.614662368943516746e-14
3.843999999999999773e+01,4.999999999970132780e-01,5.803416482488828491e-14
3.845000000000000284e+01,4.999999999970350939e-01,6.983797300036493433e-14
3.846000000000000085e+01,4.999999999970567433e-01,8.155804857954145360e-14
3.846999999999999886e+01,4.999999999970782261e-01,-4.620614176346688837e-13
3.848000000000000398e+01,4.999999999970995979e-01,6.597420115414814678e-13
3.849000000000000199e+01,4.999999999971207476e-01,-4.390120956353199187e-13
3.850000000000000000e+01,4.999999999971417863e-01,1.273681737279951857e-13
3.850999999999999801e+01,4.999999999971626585e-01,-4.165582374551322034e-13
3.852000000000000313e+01,4.999999999971834197e-01,7.049380982029991291e-13
3.853000000000000114e+01,4.999999999972039588e-01,-3.941231010841979206e-13
3.853999999999999915e+01,4.999999999972243869e-01,1.719502272217944712e-13
3.855000000000000426e+01,4.999999999972446485e-01,-3.722831237693096295e-13
3.856000000000000227e+01,4.999999999972647990e-01,1.936506510702429296e-13
3.857000000000000028e+01,4.999999999972847831e-01,2.045331826585880448e-13
3.857999999999999829e+01,4.999999999973046005e-01,2.153319858692999962e-13
3.859000000000000341e+01,4.999999999973242515e-01,-3.292082997903912472e-13
3.860000000000000142e+01,4.999999999973437914e-01,-3.188367819618139005e-13
3.860999999999999943e+01,4.999999999973632203e-01,2.467341994476621124e-13
3.861999999999999744e+01,4.999999999973824827e-01,2.572537527957165184e-13
3.863000000000000256e+01,4.999999999974015785e-01,-2.875656324218078734e-13
3.864000000000000057e+01,4.999999999974205633e-01,2.777821106332041740e-13
3.864999999999999858e+01,4.999999999974393816e-01,-2.671768225661840334e-13
3.866000000000000369e+01,4.999999999974580889e-01,-2.572237272866544888e-13
3.867000000000000171e+01,4.999999999974766851e-01,3.079286100592435973e-13
3.867999999999999972e+01,4.999999999974951148e-01,3.180292981738624915e-13
3.868999999999999773e+01,4.999999999975133780e-01,-2.272087274075302959e-13
3.870000000000000284e+01,4.999999999975315301e-01,-2.175345749069093125e-13
3.871000000000000085e+01,4.999999999975495713e-01,3.473386723623342889e-13
3.871999999999999886e+01,4.999999999975674458e-01,-1.980947545576577716e-13
3.873000000000000398e+01,4.999999999975852094e-01,-1.886158914168453326e-13
3.874000000000000199e+01,4.999999999976028620e-01,3.760619561982787282e-13
3.875000000000000000e+01,4.999999999976203480e-01,-1.695668695062170466e-13
3.875999999999999801e+01,4.999999999976377230e-01,-1.602832933457773048e-13
3.877000000000000313e+01,4.999999999976549869e-01,-1.510555358325670981e-13
3.878000000000000114e+01,4.999999999976721399e-01,4.133710593467139372e-13
3.878999999999999915e+01,4.999999999976891263e-01,-1.325090176509640829e-13
3.880000000000000426e+01,4.999999999977060017e-01,-1.234765439951986125e-13
3.881000000000000227e+01,4.999999999977227660e-01,4.407546574271639175e-13
3.882000000000000028e+01,4.999999999977393639e-01,-6.605753210445401736e-13
3.882999999999999829e+01,4.999999999977559062e-01,4.585126881429784040e-13
3.884000000000000341e+01,4.999999999977722820e-01,-8.767448947871535559e-14
3.885000000000000142e+01,4.999999999977885468e-01,-7.894893090484873730e-14
3.885999999999999943e+01,4.999999999978047005e-01,4.849751726189587498e-13
3.886999999999999744e+01,4.999999999978206877e-01,-6.166617184016011613e-13
3.888000000000000256e+01,4.999999999978366194e-01,-5.313490845303747550e-14
3.889000000000000057e+01,4.999999999978524401e-01,5.106216369706144401e-13
3.889999999999999858e+01,4.999999999978680942e-01,-3.592848669247265373e-14
3.891000000000000369e+01,4.999999999978836374e-01,-5.828198299769212140e-13
3.892000000000000171e+01,4.999999999978991250e-01,5.357380064297835030e-13
3.892999999999999972e+01,4.999999999979144460e-01,-1.097967223319412776e-14
3.893999999999999773e+01,4.999999999979296561e-01,-5.580383498784724761e-13
3.895000000000000284e+01,4.999999999979448106e-01,5.603520429008626483e-13
3.896000000000000085e+01,4.999999999979597987e-01,1.346681151261055504e-14
3.896999999999999886e+01,4.999999999979746756e-01,-5.337591985597548422e-13
3.898000000000000398e+01,4.999999999979894971e-01,5.844637526931497840e-13
3.899000000000000199e+01,4.999999999980041521e-01,-5.178429142562599486e-13
3.900000000000000000e+01,4.999999999980187515e-01,6.002684104763544497e-13
3.900999999999999801e+01,4.999999999980331844e-01,-5.021498825286221746e-13
3.902000000000000313e+01,4.999999999980475618e-01,6.059604097043928811e-14
3.903000000000000114e+01,4.999999999980618282e-01,6.831693948842458781e-14
3.903999999999999915e+01,4.999999999980759835e-01,7.598202577137496699e-14
3.905000000000000426e+01,4.999999999980900278e-01,8.359130005059679980e-14
3.906000000000000227e+01,4.999999999981039611e-01,9.114476255715956226e-14
3.907000000000000028e+01,4.999999999981177834e-01,-4.566111800582307330e-13
3.907999999999999829e+01,4.999999999981315502e-01,6.610814761525655053e-13
3.909000000000000341e+01,4.999999999981451504e-01,-4.417554835620372068e-13
3.910000000000000142e+01,4.999999999981586951e-01,1.205720661135912542e-13
3.910999999999999943e+01,4.999999999981721288e-01,-4.273791468738532409e-13
3.911999999999999744e+01,4.999999999981855070e-01,6.901180944589656806e-13
3.913000000000000256e+01,4.999999999981987187e-01,-4.129142792515568858e-13
3.914000000000000057e+01,4.999999999982118748e-01,1.492180024010236012e-13
3.914999999999999858e+01,4.999999999982249199e-01,-3.989284778775316103e-13
3.916000000000000369e+01,4.999999999982379095e-01,1.631200849119605423e-13
3.917000000000000171e+01,4.999999999982507881e-01,1.701431169669632707e-13
3.917999999999999972e+01,4.999999999982635557e-01,1.771103398929337320e-13
3.918999999999999773e+01,4.999999999982762122e-01,-3.712314046085137708e-13
3.920000000000000284e+01,4.999999999982888133e-01,1.906218946862272736e-13
3.921000000000000085e+01,4.999999999983013033e-01,1.974495194000145769e-13
3.921999999999999886e+01,4.999999999983136822e-01,-3.510317143201027428e-13
3.923000000000000398e+01,4.999999999983260057e-01,2.106820962908756524e-13
3.924000000000000199e+01,4.999999999983382182e-01,2.173701246182915218e-13
3.925000000000000000e+01,4.999999999983503196e-01,-3.312505966622286572e-13
3.925999999999999801e+01,4.999999999983623655e-01,-3.249291790517893242e-13
3.927000000000000313e+01,4.999999999983743559e-01,7.918700709158612378e-13
3.928000000000000114e+01,4.999999999983861798e-01,-8.671131249098749912e-13
3.928999999999999915e+01,4.999999999983980037e-01,8.045725294679287535e-13
3.930000000000000426e+01,4.999999999984096610e-01,-2.992416181965134498e-13
3.931000000000000227e+01,4.999999999984212629e-01,-2.931432196393944407e-13
3.932000000000000028e+01,4.999999999984328092e-01,2.681799622431423483e-13
3.932999999999999829e+01,4.999999999984442445e-01,2.744770396785563573e-13
3.934000000000000341e+01,4.999999999984555688e-01,-8.297869254957530937e-13
3.935000000000000142e+01,4.999999999984668930e-01,8.416475902494392778e-13
3.935999999999999943e+01,4.999999999984780508e-01,-2.624179103465423717e-13
3.936999999999999744e+01,4.999999999984891530e-01,-2.565704330617121245e-13
3.938000000000000256e+01,4.999999999985001997e-01,3.045016132475336177e-13
3.939000000000000057e+01,4.999999999985111354e-01,-2.447050981919106337e-13
3.939999999999999858e+01,4.999999999985220156e-01,3.162832376148982772e-13
3.941000000000000369e+01,4.999999999985327848e-01,-2.330071839891254687e-13
3.942000000000000171e+01,4.999999999985434984e-01,3.278974419906184268e-13
3.942999999999999972e+01,4.999999999985541010e-01,-7.767289854666786641e-13
3.943999999999999773e+01,4.999999999985647037e-01,8.943427472565277420e-13
3.945000000000000284e+01,4.999999999985751398e-01,-7.653380816014634598e-13
3.946000000000000085e+01,4.999999999985855759e-01,3.503977532747391454e-13
3.946999999999999886e+01,4.999999999985959009e-01,3.561361857671444193e-13
3.948000000000000398e+01,4.999999999986061150e-01,-1.934333026974635953e-13
3.949000000000000199e+01,4.999999999986162735e-01,-1.880598248804601920e-13
3.950000000000000000e+01,4.999999999986263766e-01,-1.827142516048847432e-13
3.950999999999999801e+01,4.999999999986364241e-01,3.778554285456653700e-13
3.952000000000000313e+01,4.999999999986463606e-01,-1.718536469226072681e-13
3.953000000000000114e+01,4.999999999986562416e-01,-1.666196132354834001e-13
3.953999999999999915e+01,4.999999999986660670e-01,3.938384211010607220e-13
3.955000000000000426e+01,4.999999999986757815e-01,-1.559822996991571251e-13
3.956000000000000227e+01,4.999999999986854404e-01,-1.508598043700644808e-13
3.957000000000000028e+01,4.999999999986950439e-01,4.094865855433419790e-13
3.957999999999999829e+01,4.999999999987045363e-01,-6.956975420203811416e-13
3.959000000000000341e+01,4.999999999987140287e-01,4.195642318038036305e-13
3.960000000000000142e+01,4.999999999987234101e-01,-1.304240105365395529e-13
3.960999999999999943e+01,4.999999999987327359e-01,4.297827977542319132e-13
3.961999999999999744e+01,4.999999999987419508e-01,-6.755407692097531911e-13
3.963000000000000256e+01,4.999999999987511656e-01,4.395815656972616038e-13
3.964000000000000057e+01,4.999999999987602695e-01,-1.105462565303876494e-13
3.964999999999999858e+01,4.999999999987693178e-01,4.495209724979686244e-13
3.966000000000000369e+01,4.999999999987782551e-01,-6.559420317941322622e-13
3.967000000000000171e+01,4.999999999987871924e-01,4.590408662658400302e-13
3.967999999999999972e+01,4.999999999987960186e-01,-6.464779428629097939e-13
3.968999999999999773e+01,4.999999999988048449e-01,4.684491505824260303e-13
3.970000000000000284e+01,4.999999999988135602e-01,-8.187412404918469306e-14
3.971000000000000085e+01,4.999999999988222199e-01,-7.725365018783455761e-14
3.971999999999999886e+01,4.999999999988308241e-01,4.825901902554384573e-13
3.973000000000000398e+01,4.999999999988393173e-01,-6.230959549538421385e-13
3.974000000000000199e+01,4.999999999988478105e-01,4.916638029994466870e-13
3.975000000000000000e+01,4.999999999988561927e-01,-6.140781454262975495e-13
3.975999999999999801e+01,4.999999999988645749e-01,5.006258095309264360e-13
3.977000000000000313e+01,4.999999999988728461e-01,-4.992084889237097552e-14
3.978000000000000114e+01,4.999999999988810617e-01,-4.552351177995202476e-14
3.978999999999999915e+01,4.999999999988892219e-01,-4.115407576308904514e-14
3.980000000000000426e+01,4.999999999988973265e-01,-3.681254073209362253e-14
3.981000000000000227e+01,4.999999999989053756e-01,-3.249890657738760665e-14
3.982000000000000028e+01,4.999999999989133692e-01,-2.821317318950285857e-14
3.982999999999999829e+01,4.999999999989213073e-01,5.312955420549313513e-13
3.984000000000000341e+01,4.999999999989291344e-01,-5.747253409461142522e-13
3.985000000000000142e+01,4.999999999989369615e-01,-1.555113210935895934e-14
3.985999999999999943e+01,4.999999999989447330e-01,5.438737769229548500e-13
3.986999999999999744e+01,4.999999999989523936e-01,-5.622308070157088139e-13
3.988000000000000256e+01,4.999999999989600541e-01,-3.140194000292588039e-15
3.989000000000000057e+01,4.999999999989676591e-01,5.562009099579561554e-13
3.989999999999999858e+01,4.999999999989751531e-01,-5.499873739391486004e-13
3.991000000000000369e+01,4.999999999989826471e-01,9.019644075585222009e-15
3.992000000000000171e+01,4.999999999989900856e-01,1.302637579188573732e-14
3.992999999999999972e+01,4.999999999989974686e-01,5.722557414159840816e-13
3.993999999999999773e+01,4.999999999990047406e-01,-5.340441409076271595e-13
3.995000000000000284e+01,4.999999999990120125e-01,2.485141837831000408e-14
3.996000000000000085e+01,4.999999999990192290e-01,2.874655246353507152e-14
3.996999999999999886e+01,4.999999999990263899e-01,3.261378741084518306e-14
3.998000000000000398e+01,4.999999999990334953e-01,3.645312332796594699e-14
3.999000000000000199e+01,4.999999999990405453e-01,4.026456032251516900e-14
4.000000000000000000e+01,4.999999999990475397e-01,4.404809850200308574e-14
4.000999999999999801e+01,4.999999999990544786e-01,4.780373797383242156e-14
4.002000000000000313e+01,4.999999999990613619e-01,-5.037187419910959290e-13
4.003000000000000114e+01,4.999999999990682453e-01,6.102319152391099560e-13
4.003999999999999915e+01,4.999999999990750177e-01,-4.963191307600150939e-13
4.005000000000000426e+01,4.999999999990817900e-01,6.175757297703735499e-13
4.006000000000000227e+01,4.999999999990884514e-01,-4.890311127147013553e-13
4.007000000000000028e+01,4.999999999990951127e-01,6.955790378975658533e-14
4.007999999999999829e+01,4.999999999991017186e-01,7.314608001132921164e-14
4.009000000000000341e+01,4.999999999991082689e-01,7.670635834612467011e-14
4.010000000000000142e+01,4.999999999991147637e-01,8.023873890061014024e-14
4.010999999999999943e+01,4.999999999991212030e-01,-4.715066878169745440e-13
4.011999999999999744e+01,4.999999999991276423e-01,8.697083709018684636e-14
4.013000000000000256e+01,4.999999999991340260e-01,6.456971900980292620e-13
4.014000000000000057e+01,4.999999999991402988e-01,-4.611050095698684729e-13
4.014999999999999858e+01,4.999999999991465716e-01,9.728892660354565091e-14
4.016000000000000369e+01,4.999999999991527888e-01,-4.545679901547965943e-13
4.017000000000000171e+01,4.999999999991590061e-01,6.590477479160926449e-13
4.017999999999999972e+01,4.999999999991651123e-01,-4.478382158227142085e-13
4.018999999999999773e+01,4.999999999991712185e-01,1.104720942740863989e-13
4.020000000000000284e+01,4.999999999991772692e-01,1.137811514437328172e-13
4.021000000000000085e+01,4.999999999991832644e-01,1.170623119288715255e-13
4.021999999999999886e+01,4.999999999991892041e-01,-4.349339552526396561e-13
4.023000000000000398e+01,4.999999999991951438e-01,6.785422266873354864e-13
4.024000000000000199e+01,4.999999999992009725e-01,-4.284832925847327289e-13
4.025000000000000000e+01,4.999999999992068012e-01,-4.255617597445517355e-13
4.025999999999999801e+01,4.999999999992126298e-01,6.878585574400665587e-13
4.027000000000000313e+01,4.999999999992183475e-01,-4.192228263068420914e-13
4.028000000000000114e+01,4.999999999992240651e-01,1.388923732728886941e-13
4.028999999999999915e+01,4.999999999992297273e-01,1.420060120347544638e-13
4.030000000000000426e+01,4.999999999992353339e-01,1.450917549877296249e-13
4.031000000000000227e+01,4.999999999992408850e-01,-4.070996206971651220e-13
4.032000000000000028e+01,4.999999999992464361e-01,1.509319565272899977e-13
4.032999999999999829e+01,4.999999999992519317e-01,1.539618365299564077e-13
4.034000000000000341e+01,4.999999999992573718e-01,-3.982852994141596056e-13
4.035000000000000142e+01,4.999999999992628119e-01,1.596905177278682507e-13
4.035999999999999943e+01,4.999999999992681965e-01,1.626645355137820362e-13
4.036999999999999744e+01,4.999999999992735256e-01,1.656106581516495938e-13
4.038000000000000256e+01,4.999999999992787991e-01,-3.867200984624880321e-13
4.039000000000000057e+01,4.999999999992840727e-01,1.711720982556291319e-13
4.039999999999999858e+01,4.999999999992892907e-01,1.740623596852723391e-13
4.041000000000000369e+01,4.999999999992944533e-01,-3.783241558024681504e-13
4.042000000000000171e+01,4.999999999992996158e-01,1.795122822175343800e-13
4.042999999999999972e+01,4.999999999993047228e-01,-3.729021310278778978e-13
4.043999999999999773e+01,4.999999999993098299e-01,7.401551895833594841e-13
4.045000000000000284e+01,4.999999999993148259e-01,-3.672891890366283203e-13
4.046000000000000085e+01,4.999999999993198219e-01,-3.647850819125828703e-13
4.046999999999999886e+01,4.999999999993248179e-01,7.482163791704436535e-13
4.048000000000000398e+01,4.999999999993297028e-01,-3.592838587027442640e-13
4.049000000000000199e+01,4.999999999993345878e-01,-3.568354072475948598e-13
4.050000000000000000e+01,4.999999999993394728e-01,7.561101950309884433e-13
4.050999999999999801e+01,4.999999999993442468e-01,-9.066944444211667833e-13
4.052000000000000313e+01,4.999999999993490762e-01,7.611976750358172624e-13
4.053000000000000114e+01,4.999999999993537947e-01,-3.463863855942720325e-13
4.053999999999999915e+01,4.999999999993585131e-01,2.112270233743385432e-13
4.055000000000000426e+01,4.999999999993631761e-01,-3.414104182266165082e-13
4.056000000000000227e+01,4.999999999993678390e-01,2.161750944808394549e-13
4.057000000000000028e+01,4.999999999993724464e-01,2.187580971133197321e-13
4.057999999999999829e+01,4.999999999993769983e-01,-3.339351001512715002e-13
4.059000000000000341e+01,4.999999999993815503e-01,2.235946570649984004e-13
4.060000000000000142e+01,4.999999999993860467e-01,-3.291264360119685144e-13
4.060999999999999943e+01,4.999999999993905431e-01,2.283754254955361843e-13
4.061999999999999744e+01,4.999999999993949840e-01,-3.243735631866874861e-13
4.063000000000000256e+01,4.999999999993994249e-01,7.883485411498353287e-13
4.064000000000000057e+01,4.999999999994037547e-01,-8.746791567503128855e-13
4.064999999999999858e+01,4.999999999994081401e-01,7.929899049830892681e-13
4.066000000000000369e+01,4.999999999994124145e-01,-8.700656880762310409e-13
4.067000000000000171e+01,4.999999999994167443e-01,7.975754786009746233e-13
4.067999999999999972e+01,4.999999999994209632e-01,-3.102600390085504515e-13
4.068999999999999773e+01,4.999999999994251820e-01,-3.081455177857828055e-13
4.070000000000000284e+01,4.999999999994294009e-01,2.492169042796271079e-13
4.071000000000000085e+01,4.999999999994335642e-01,2.515763464795158169e-13
4.071999999999999886e+01,4.999999999994376720e-01,-3.013399396853045705e-13
4.073000000000000398e+01,4.999999999994417799e-01,2.559667293846302716e-13
4.074000000000000199e+01,4.999999999994458322e-01,-2.969774510855108293e-13
4.075000000000000000e+01,4.999999999994498845e-01,2.603013237812481899e-13
4.075999999999999801e+01,4.999999999994538813e-01,-2.926707507900242115e-13
4.077000000000000313e+01,4.999999999994578781e-01,2.645801300775480146e-13
4.078000000000000114e+01,4.999999999994618194e-01,-2.884198383910667379e-13
4.078999999999999915e+01,4.999999999994657607e-01,2.688031486809076651e-13
4.080000000000000426e+01,4.999999999994696465e-01,-2.842247134816600440e-13
4.081000000000000227e+01,4.999999999994735322e-01,2.729703799979065064e-13
4.082000000000000028e+01,4.999999999994773625e-01,2.751621267383641585e-13
4.082999999999999829e+01,4.999999999994811373e-01,-8.331689557664449525e-13
4.084000000000000341e+01,4.999999999994849675e-01,8.342212001175848951e-13
4.085000000000000142e+01,4.999999999994886868e-01,-2.738658952819436197e-13
4.085999999999999943e+01,4.999999999994924060e-01,-2.720018152085289910e-13
4.086999999999999744e+01,4.999999999994961253e-01,2.851095987089780661e-13
4.088000000000000256e+01,4.999999999994997890e-01,-2.680298362034644932e-13
4.089000000000000057e+01,4.999999999995034528e-01,2.890536849304235808e-13
4.089999999999999858e+01,4.999999999995070610e-01,-2.641136426649840559e-13
4.091000000000000369e+01,4.999999999995106692e-01,2.929419858864943967e-13
4.092000000000000171e+01,4.999999999995142219e-01,-2.602532341908657039e-13
4.092999999999999972e+01,4.999999999995177746e-01,2.967745019790192448e-13
4.093999999999999773e+01,4.999999999995212718e-01,-2.564486103796734456e-13
4.095000000000000284e+01,4.999999999995247690e-01,3.005512336090418321e-13
4.096000000000000085e+01,4.999999999995282107e-01,-2.526997708307554547e-13
4.096999999999999886e+01,4.999999999995316524e-01,-2.509748233281677130e-13
4.098000000000000398e+01,4.999999999995350941e-01,3.059970936145443251e-13
4.099000000000000199e+01,4.999999999995384803e-01,-2.472818377376567882e-13
4.100000000000000000e+01,4.999999999995418665e-01,3.096621874909826164e-13
4.100999999999999801e+01,4.999999999995451971e-01,3.116022368740288341e-13
4.102000000000000313e+01,4.999999999995484723e-01,-7.969792819627895632e-13
4.103000000000000114e+01,4.999999999995518030e-01,3.149130021121959332e-13
4.103999999999999915e+01,4.999999999995550781e-01,3.168250262531732560e-13
4.105000000000000426e+01,4.999999999995582978e-01,-2.365375793460949711e-13
4.106000000000000227e+01,4.999999999995615174e-01,-2.349239355843114205e-13
4.107000000000000028e+01,4.999999999995647371e-01,3.219363809165321331e-13
4.107999999999999829e+01,4.999999999995679012e-01,3.237924912503861565e-13
4.109000000000000341e+01,4.999999999995710098e-01,-7.848725050000006452e-13
4.110000000000000142e+01,4.999999999995741740e-01,3.269363017672004979e-13
4.110999999999999943e+01,4.999999999995772826e-01,3.287643880748021864e-13
4.111999999999999744e+01,4.999999999995803357e-01,-2.246819246002595501e-13
4.113000000000000256e+01,4.999999999995833888e-01,-2.231517574933216455e-13
4.114000000000000057e+01,4.999999999995864419e-01,3.336248524783132573e-13
4.114999999999999858e+01,4.999999999995894395e-01,-2.198493850854535236e-13
4.116000000000000369e+01,4.999999999995924371e-01,-2.183470443647381579e-13
4.117000000000000171e+01,4.999999999995954347e-01,3.384016409330776130e-13
4.117999999999999972e+01,4.999999999995983768e-01,-2.151005211733280517e-13
4.118999999999999773e+01,4.999999999996013189e-01,3.416202741909200416e-13
4.120000000000000284e+01,4.999999999996042055e-01,-2.119097777512079671e-13
4.121000000000000085e+01,4.999999999996070921e-01,3.447831278750681245e-13
4.121999999999999886e+01,4.999999999996099231e-01,-7.640209964499189108e-13
4.123000000000000398e+01,4.999999999996128097e-01,3.476486824182584549e-13
4.124000000000000199e+01,4.999999999996156408e-01,3.493367896928418364e-13
4.125000000000000000e+01,4.999999999996184163e-01,-2.042490755651683861e-13
4.125999999999999801e+01,4.999999999996211919e-01,-2.028580352117298000e-13
4.127000000000000313e+01,4.999999999996239675e-01,3.537790231458710478e-13
4.128000000000000114e+01,4.999999999996266875e-01,-1.998347654450057635e-13
4.128999999999999915e+01,4.999999999996294076e-01,-1.984715505422303944e-13
4.130000000000000426e+01,4.999999999996321276e-01,3.581375846946528968e-13
4.131000000000000227e+01,4.999999999996347921e-01,-1.955041268873522484e-13
4.132000000000000028e+01,4.999999999996374567e-01,-1.941687372358001056e-13
4.132999999999999829e+01,4.999999999996401212e-01,3.624124752214996038e-13
4.134000000000000341e+01,4.999999999996427302e-01,-1.912571590108529819e-13
4.135000000000000142e+01,4.999999999996453393e-01,3.652961649413094514e-13
4.135999999999999943e+01,4.999999999996478928e-01,-7.436470845946086776e-13
4.136999999999999744e+01,4.999999999996505018e-01,3.678834692360782948e-13
4.138000000000000256e+01,4.999999999996530553e-01,3.694315408336881192e-13
4.139000000000000057e+01,4.999999999996555533e-01,-1.842939038605082320e-13
4.139999999999999858e+01,4.999999999996580513e-01,-1.830419873642866739e-13
4.141000000000000369e+01,4.999999999996605493e-01,-1.817900722762242913e-13
4.142000000000000171e+01,4.999999999996630473e-01,3.747073738795930742e-13
4.142999999999999972e+01,4.999999999996654898e-01,-1.790460262686398039e-13
4.143999999999999773e+01,4.999999999996679323e-01,3.774235321528604595e-13
4.145000000000000284e+01,4.999999999996703193e-01,-7.316031911100093114e-13
4.146000000000000085e+01,4.999999999996727618e-01,3.798438890967491835e-13
4.146999999999999886e+01,4.999999999996751487e-01,3.813079048982783529e-13
4.148000000000000398e+01,4.999999999996774802e-01,-7.277466425474268977e-13
4.149000000000000199e+01,4.999999999996798672e-01,3.836726135105485542e-13
4.150000000000000000e+01,4.999999999996821987e-01,3.851086116668511750e-13
4.150999999999999801e+01,4.999999999996844746e-01,-7.239737597663405848e-13
4.152000000000000313e+01,4.999999999996868061e-01,3.874176723380573610e-13
4.153000000000000114e+01,4.999999999996890820e-01,-1.664195241735424032e-13
4.153999999999999915e+01,4.999999999996913580e-01,3.899662382986081487e-13
4.155000000000000426e+01,4.999999999996935784e-01,-7.191439581819254208e-13
4.156000000000000227e+01,4.999999999996958544e-01,9.474647299212050164e-13
4.157000000000000028e+01,4.999999999996980193e-01,-7.166512325171910037e-13
4.157999999999999829e+01,4.999999999997002398e-01,3.946845522631475683e-13
4.159000000000000341e+01,4.999999999997024047e-01,-7.144534690025101431e-13
4.160000000000000142e+01,4.999999999997046252e-01,9.521272659185342491e-13
4.160999999999999943e+01,4.999999999997067346e-01,-7.120166495439877220e-13
4.161999999999999744e+01,4.999999999997088995e-01,3.992913106780048565e-13
4.163000000000000256e+01,4.999999999997110089e-01,-1.546296786933393294e-13
4.164000000000000057e+01,4.999999999997131184e-01,-1.535725330658535914e-13
4.164999999999999858e+01,4.999999999997152278e-01,4.027294037805259945e-13
4.166000000000000369e+01,4.999999999997172817e-01,-1.512195047263679999e-13
4.167000000000000171e+01,4.999999999997193356e-01,-1.501901821319456265e-13
4.167999999999999972e+01,4.999999999997213895e-01,4.060838357836248831e-13
4.168999999999999773e+01,4.999999999997233879e-01,-7.031376560391305693e-13
4.170000000000000284e+01,4.999999999997254418e-01,4.081146558455389997e-13
4.171000000000000085e+01,4.999999999997274402e-01,-1.458622375497711915e-13
4.171999999999999886e+01,4.999999999997294386e-01,4.103838287624360659e-13
4.173000000000000398e+01,4.999999999997313815e-01,-1.436209499970981693e-13
4.174000000000000199e+01,4.999999999997333244e-01,-1.426472739642087639e-13
4.175000000000000000e+01,4.999999999997352673e-01,-1.416735990000074526e-13
4.175999999999999801e+01,4.999999999997372102e-01,-1.406999251037264782e-13
4.177000000000000313e+01,4.999999999997391531e-01,4.155181572159331693e-13
4.178000000000000114e+01,4.999999999997410405e-01,-1.385146053491720057e-13
4.178999999999999915e+01,4.999999999997429279e-01,-1.375687538148277874e-13
4.180000000000000426e+01,4.999999999997448152e-01,4.186214107948664198e-13
4.181000000000000227e+01,4.999999999997466471e-01,-1.354392693562336314e-13
4.182000000000000028e+01,4.999999999997484790e-01,-1.345212399945270423e-13
4.182999999999999829e+01,4.999999999997503108e-01,-1.336032116346690570e-13
4.184000000000000341e+01,4.999999999997521427e-01,-1.326851842759413704e-13
4.185000000000000142e+01,4.999999999997539746e-01,4.234769975281210535e-13
4.185999999999999943e+01,4.999999999997557509e-01,-1.306116652429299129e-13
4.186999999999999744e+01,4.999999999997575273e-01,-1.297214598032789326e-13
4.188000000000000256e+01,4.999999999997593036e-01,4.264128050975349554e-13
4.189000000000000057e+01,4.999999999997610245e-01,-6.829478032408668569e-13
4.189999999999999858e+01,4.999999999997628009e-01,4.281653922951361683e-13
4.191000000000000369e+01,4.999999999997645217e-01,-1.259512523969977067e-13
4.192000000000000171e+01,4.999999999997662425e-01,-1.250888705594409831e-13
4.192999999999999972e+01,4.999999999997679634e-01,4.310174127140723997e-13
4.193999999999999773e+01,4.999999999997696287e-01,-1.231271482800041815e-13
4.195000000000000284e+01,4.999999999997712941e-01,-1.222925879222682874e-13
4.196000000000000085e+01,4.999999999997729594e-01,-1.214580284668628492e-13
4.196999999999999886e+01,4.999999999997746247e-01,-1.206234699131428437e-13
4.198000000000000398e+01,4.999999999997762901e-01,4.354548324276056417e-13
4.199000000000000199e+01,4.999999999997778999e-01,-1.187177093156091373e-13
4.200000000000000000e+01,4.999999999997795097e-01,-1.179109719914993622e-13
4.200999999999999801e+01,4.999999999997811195e-01,-1.171042355365308599e-13
4.202000000000000313e+01,4.999999999997827294e-01,4.389461188623315652e-13
4.203000000000000114e+01,4.999999999997842837e-01,-6.704979580513712251e-13
4.203999999999999915e+01,4.999999999997858935e-01,4.405317690085264583e-13
4.205000000000000426e+01,4.999999999997874478e-01,-1.136687850463939773e-13
4.206000000000000227e+01,4.999999999997890021e-01,4.423536218994291910e-13
4.207000000000000028e+01,4.999999999997905009e-01,-6.671182767390142575e-13
4.207999999999999829e+01,4.999999999997920552e-01,4.438836286283924617e-13
4.209000000000000341e+01,4.999999999997935540e-01,-1.103448725439083923e-13
4.210000000000000142e+01,4.999999999997950528e-01,-1.095937803427069928e-13
4.210999999999999943e+01,4.999999999997965516e-01,-1.088426889449534961e-13
4.211999999999999744e+01,4.999999999997980504e-01,4.471517068191769953e-13
4.213000000000000256e+01,4.999999999997994937e-01,-6.623480148714463031e-13
4.214000000000000057e+01,4.999999999998009925e-01,4.486260674769732583e-13
4.214999999999999858e+01,4.999999999998024358e-01,-1.056304444203540462e-13
4.216000000000000369e+01,4.999999999998038791e-01,4.503360050458769026e-13
4.217000000000000171e+01,4.999999999998052669e-01,-6.591915378107488151e-13
4.217999999999999972e+01,4.999999999998067102e-01,4.517547234035146797e-13
4.218999999999999773e+01,4.999999999998080980e-01,-6.577728209626529509e-13
4.220000000000000284e+01,4.999999999998095412e-01,4.531734387431418352e-13
4.221000000000000085e+01,4.999999999998109290e-01,4.541319411916366567e-13
4.221999999999999886e+01,4.999999999998122613e-01,-6.554234233088029906e-13
4.223000000000000398e+01,4.999999999998136491e-01,4.554950162938302313e-13
4.224000000000000199e+01,4.999999999998149813e-01,-6.540603496518075926e-13
4.225000000000000000e+01,4.999999999998163691e-01,4.568580885066538050e-13
4.225999999999999801e+01,4.999999999998177014e-01,-9.745441031959656254e-14
4.227000000000000313e+01,4.999999999998190336e-01,-9.678678487955583503e-14
4.228000000000000114e+01,4.999999999998203659e-01,4.591236462810721543e-13
4.228999999999999915e+01,4.999999999998216427e-01,-6.504595409364833561e-13
4.230000000000000426e+01,4.999999999998229749e-01,4.604310759819756730e-13
4.231000000000000227e+01,4.999999999998242517e-01,-9.390939928312240771e-14
4.232000000000000028e+01,4.999999999998255285e-01,-9.326959494592795851e-14
4.232999999999999829e+01,4.999999999998268052e-01,4.626128600596482846e-13
4.234000000000000341e+01,4.999999999998280265e-01,-6.469981481238982413e-13
4.235000000000000142e+01,4.999999999998293032e-01,4.638646478602652695e-13
4.235999999999999943e+01,4.999999999998305245e-01,-6.457463616392525057e-13
4.236999999999999744e+01,4.999999999998318012e-01,4.651164330298717477e-13
4.238000000000000256e+01,4.999999999998330225e-01,-8.925208115963467136e-14
4.239000000000000057e+01,4.999999999998342437e-01,4.666023668200308232e-13
4.239999999999999858e+01,4.999999999998354094e-01,-6.430364626519371166e-13
4.241000000000000369e+01,4.999999999998366307e-01,-8.744389189266796142e-14
4.242000000000000171e+01,4.999999999998378519e-01,4.684104615523764425e-13
4.242999999999999972e+01,4.999999999998390177e-01,-8.598602752645707611e-14
4.243999999999999773e+01,4.999999999998401834e-01,-8.540186570284528505e-14
4.245000000000000284e+01,4.999999999998413491e-01,-8.481770448923852840e-14
4.246000000000000085e+01,4.999999999998425149e-01,4.710087059479359856e-13
4.246999999999999886e+01,4.999999999998436251e-01,-6.386579450414459816e-13
4.248000000000000398e+01,4.999999999998447908e-01,4.721492082008806439e-13
4.249000000000000199e+01,4.999999999998459010e-01,-6.375174439765219086e-13
4.250000000000000000e+01,4.999999999998470668e-01,4.732897080786228233e-13
4.250999999999999801e+01,4.999999999998481770e-01,-8.113484922464795419e-14
4.252000000000000313e+01,4.999999999998492872e-01,4.746635560824226713e-13
4.253000000000000114e+01,4.999999999998503419e-01,-6.350309154349967493e-13
4.253999999999999915e+01,4.999999999998514522e-01,4.757484173106676299e-13
4.255000000000000426e+01,4.999999999998525069e-01,-6.339460553320446811e-13
4.256000000000000227e+01,4.999999999998536171e-01,4.768332762891200610e-13
4.257000000000000028e+01,4.999999999998546718e-01,-7.761928546720814468e-14
4.257999999999999829e+01,4.999999999998557265e-01,-7.709076579436617997e-14
4.259000000000000341e+01,4.999999999998567812e-01,-7.656224666800749376e-14
4.260000000000000142e+01,4.999999999998578359e-01,-7.603372808774723551e-14
4.260999999999999943e+01,4.999999999998588907e-01,4.797365795445949851e-13
4.261999999999999744e+01,4.999999999998598899e-01,-7.474395470350782144e-14
4.263000000000000256e+01,4.999999999998608891e-01,-6.294849829183082934e-13
4.264000000000000057e+01,4.999999999998619438e-01,4.812665275680557627e-13
4.264999999999999858e+01,4.999999999998629430e-01,-7.321409988625456715e-14
4.266000000000000369e+01,4.999999999998639422e-01,-7.271340116987758612e-14
4.267000000000000171e+01,4.999999999998649414e-01,4.830289034413607239e-13
4.267999999999999972e+01,4.999999999998658851e-01,-6.267212095535787933e-13
4.268999999999999773e+01,4.999999999998668843e-01,-7.123906368379811845e-14
4.270000000000000284e+01,4.999999999998678835e-01,4.845031479841635799e-13
4.271000000000000085e+01,4.999999999998688271e-01,-7.000548193895090237e-14
4.271999999999999886e+01,4.999999999998697708e-01,-6.953260273008650782e-14
4.273000000000000398e+01,4.999999999998707145e-01,-6.905972400538940661e-14
4.274000000000000199e+01,4.999999999998716582e-01,-6.858684576451974483e-14
4.275000000000000000e+01,4.999999999998726019e-01,-6.811396800713798412e-14
4.275999999999999801e+01,4.999999999998735456e-01,4.876002418585116819e-13
4.277000000000000313e+01,4.999999999998744338e-01,-6.221776919039536650e-13
4.278000000000000114e+01,4.999999999998753775e-01,4.885181786912288390e-13
4.278999999999999915e+01,4.999999999998762656e-01,-6.601851443284154953e-14
4.280000000000000426e+01,4.999999999998771538e-01,-6.208146665486368438e-13
4.281000000000000227e+01,4.999999999998780975e-01,4.898812026436716760e-13
4.282000000000000028e+01,4.999999999998789857e-01,4.905855679138304620e-13
4.282999999999999829e+01,4.999999999998798184e-01,-6.192201847652642233e-13
4.284000000000000341e+01,4.999999999998807065e-01,-6.379322321974248649e-14
4.285000000000000142e+01,4.999999999998815947e-01,4.918928935893916473e-13
4.285999999999999943e+01,4.999999999998824274e-01,-6.179128604029455606e-13
4.286999999999999744e+01,4.999999999998833156e-01,4.927551899935111788e-13
4.288000000000000256e+01,4.999999999998841482e-01,-6.180959558439248243e-14
4.289000000000000057e+01,4.999999999998849809e-01,-6.166332955504579133e-13
4.289999999999999858e+01,4.999999999998858691e-01,4.940347535364280283e-13
4.291000000000000369e+01,4.999999999998867017e-01,4.947107549217543797e-13
4.292000000000000171e+01,4.999999999998874789e-01,-6.151228175470295991e-13
4.292999999999999972e+01,4.999999999998883116e-01,-5.972340410868436084e-14
4.293999999999999773e+01,4.999999999998891442e-01,4.959346213207279310e-13
4.295000000000000284e+01,4.999999999998899214e-01,-6.138989523688627525e-13
4.296000000000000085e+01,4.999999999998907541e-01,4.967412783611079546e-13
4.296999999999999886e+01,4.999999999998915312e-01,-5.785159799816863449e-14
4.298000000000000398e+01,4.999999999998923084e-01,-6.127028464236189215e-13
4.299000000000000199e+01,4.999999999998931410e-01,4.979373830889511424e-13
4.300000000000000000e+01,4.999999999998939182e-01,-5.665558461652550145e-14
4.300999999999999801e+01,4.999999999998946953e-01,4.989744118676516894e-13
4.302000000000000313e+01,4.999999999998954170e-01,-6.108869802388200772e-13
4.303000000000000114e+01,4.999999999998961941e-01,-5.551508590500301043e-14
4.303999999999999915e+01,4.999999999998969713e-01,5.001148194457052741e-13
4.305000000000000426e+01,4.999999999998976929e-01,-6.097465737894738254e-13
4.306000000000000227e+01,4.999999999998984701e-01,5.008658374255642317e-13
4.307000000000000028e+01,4.999999999998991917e-01,-5.375515836189365459e-14
4.307999999999999829e+01,4.999999999998999134e-01,-6.086339262971485954e-13
4.309000000000000341e+01,4.999999999999006906e-01,5.019784837923240419e-13
4.310000000000000142e+01,4.999999999999014122e-01,-5.264260283166948547e-14
4.310999999999999943e+01,4.999999999999021338e-01,5.029592750427454014e-13
4.311999999999999744e+01,4.999999999999028000e-01,-6.069299361171711952e-13
4.313000000000000256e+01,4.999999999999035216e-01,-5.158556169752554381e-14
4.314000000000000057e+01,4.999999999999042433e-01,5.040162255513684342e-13
4.314999999999999858e+01,4.999999999999049094e-01,-6.058729866463949758e-13
4.316000000000000369e+01,4.999999999999056310e-01,5.047116056363023599e-13
4.317000000000000171e+01,4.999999999999062972e-01,-6.051776072521570635e-13
4.317999999999999972e+01,4.999999999999070188e-01,5.054069843403241891e-13
4.318999999999999773e+01,4.999999999999076850e-01,-4.924218913823331811e-14
4.320000000000000284e+01,4.999999999999083511e-01,-4.890840818758432589e-14
4.321000000000000085e+01,4.999999999999090172e-01,-4.857462756743441594e-14
4.321999999999999886e+01,4.999999999999096834e-01,-4.824084727755417486e-14
4.323000000000000398e+01,4.999999999999103495e-01,-4.790706731771441018e-14
4.324000000000000199e+01,4.999999999999110156e-01,5.076666037905518783e-13
4.325000000000000000e+01,4.999999999999116262e-01,-6.022504267928188868e-13
4.325999999999999801e+01,4.999999999999122924e-01,5.083063471341080599e-13
4.327000000000000313e+01,4.999999999999129030e-01,-6.016106840803059910e-13
4.328000000000000114e+01,4.999999999999135691e-01,5.089460892160150902e-13
4.328999999999999915e+01,4.999999999999141798e-01,-6.009709426285677090e-13
4.330000000000000426e+01,4.999999999999148459e-01,5.095858300380212363e-13
4.331000000000000227e+01,4.999999999999154565e-01,-4.509151845107587038e-14
4.332000000000000028e+01,4.999999999999160671e-01,-4.478555620130107406e-14
4.332999999999999829e+01,4.999999999999166778e-01,-4.447959425197307904e-14
4.334000000000000341e+01,4.999999999999172884e-01,-4.417363260288392264e-14
4.335000000000000142e+01,4.999999999999178990e-01,-4.386767125382582523e-14
4.335999999999999943e+01,4.999999999999185096e-01,5.116778259807529267e-13
4.336999999999999744e+01,4.999999999999190647e-01,-5.982670229893937678e-13
4.338000000000000256e+01,4.999999999999196754e-01,5.122619325805889649e-13
4.339000000000000057e+01,4.999999999999202305e-01,-5.976829169609588901e-13
4.339999999999999858e+01,4.999999999999208411e-01,5.128460380380176933e-13
4.341000000000000369e+01,4.999999999999213962e-01,-5.970988120741416030e-13
4.342000000000000171e+01,4.999999999999220068e-01,5.134301423546177424e-13
4.342999999999999972e+01,4.999999999999225619e-01,-4.127537848950152122e-14
4.343999999999999773e+01,4.999999999999231171e-01,-4.099723425486785851e-14
4.345000000000000284e+01,4.999999999999236722e-01,-4.071909029111036937e-14
4.346000000000000085e+01,4.999999999999242273e-01,-4.044094659804206219e-14
4.346999999999999886e+01,4.999999999999247824e-01,-4.016280317547613472e-14
4.348000000000000398e+01,4.999999999999253375e-01,-3.988466002322594248e-14
4.349000000000000199e+01,4.999999999999258926e-01,-3.960651714110501135e-14
4.350000000000000000e+01,4.999999999999264477e-01,5.159107496255621339e-13
4.350999999999999801e+01,4.999999999999269473e-01,-5.940619175621021913e-13
4.352000000000000313e+01,4.999999999999275024e-01,-3.879984568927137371e-14
4.353000000000000114e+01,4.999999999999280575e-01,5.167173323211695277e-13
4.353999999999999915e+01,4.999999999999285571e-01,-3.801632871617210929e-14
4.355000000000000426e+01,4.999999999999290567e-01,-5.930049792200613612e-13
4.356000000000000227e+01,4.999999999999296119e-01,5.174961571395046820e-13
4.357000000000000028e+01,4.999999999999301115e-01,-3.723759245004843335e-14
4.357999999999999829e+01,4.999999999999306111e-01,-3.698726603666014784e-14
4.359000000000000341e+01,4.999999999999311107e-01,-3.673693986471845018e-14
4.360000000000000142e+01,4.999999999999316103e-01,-3.648661393405720625e-14
4.360999999999999943e+01,4.999999999999321099e-01,-3.623628824451044603e-14
4.361999999999999744e+01,4.999999999999326095e-01,-3.598596279591233834e-14
4.363000000000000256e+01,4.999999999999331091e-01,-3.573563758809720346e-14
4.364000000000000057e+01,4.999999999999336087e-01,-3.548531262089951311e-14
4.364999999999999858e+01,4.999999999999341083e-01,5.200036977316689341e-13
4.366000000000000369e+01,4.999999999999345524e-01,-5.899967871107510117e-13
4.367000000000000171e+01,4.999999999999350520e-01,-3.476209473697380960e-14
4.367999999999999972e+01,4.999999999999355516e-01,5.207268275509206305e-13
4.368999999999999773e+01,4.999999999999359956e-01,-5.892736579713773572e-13
4.370000000000000284e+01,4.999999999999364952e-01,5.211996611059386879e-13
4.371000000000000085e+01,4.999999999999369393e-01,-3.356231381173176048e-14
4.371999999999999886e+01,4.999999999999373834e-01,-3.333980443555504363e-14
4.373000000000000398e+01,4.999999999999378275e-01,-5.883557482459230199e-13
4.374000000000000199e+01,4.999999999999383271e-01,5.221175699276854833e-13
4.375000000000000000e+01,4.999999999999387712e-01,-3.264452200621040552e-14
4.375999999999999801e+01,4.999999999999392153e-01,-3.242201347941559233e-14
4.377000000000000313e+01,4.999999999999396594e-01,-3.219950516460244030e-14
4.378000000000000114e+01,4.999999999999401035e-01,-3.197699706162569173e-14
4.378999999999999915e+01,4.999999999999405476e-01,-3.175448917034022146e-14
4.380000000000000426e+01,4.999999999999409916e-01,5.237062686101764506e-13
4.381000000000000227e+01,4.999999999999413802e-01,-5.863220330512212571e-13
4.382000000000000028e+01,4.999999999999418243e-01,-3.111472234079782674e-14
4.382999999999999829e+01,4.999999999999422684e-01,5.243459480586603833e-13
4.384000000000000341e+01,4.999999999999426570e-01,-5.856823541964902339e-13
4.385000000000000142e+01,4.999999999999431011e-01,5.247631481766410687e-13
4.385999999999999943e+01,4.999999999999434896e-01,-5.852651544736680250e-13
4.386999999999999744e+01,4.999999999999439337e-01,5.251803475045750080e-13
4.388000000000000256e+01,4.999999999999443223e-01,-5.848479555403523504e-13
4.389000000000000057e+01,4.999999999999447664e-01,5.255975460435423220e-13
4.389999999999999858e+01,4.999999999999451550e-01,-2.919279599124275541e-14
4.391000000000000369e+01,4.999999999999455436e-01,-2.899810379926357320e-14
4.392000000000000171e+01,4.999999999999459321e-01,-2.880341179087395104e-14
4.392999999999999972e+01,4.999999999999463207e-01,-5.838465950175007412e-13
4.393999999999999773e+01,4.999999999999467648e-01,5.265989055828776975e-13
4.395000000000000284e+01,4.999999999999471534e-01,-2.819158129037362841e-14
4.396000000000000085e+01,4.999999999999475420e-01,-2.799689001508963633e-14
4.396999999999999886e+01,4.999999999999479305e-01,5.274355611751880412e-13
4.398000000000000398e+01,4.999999999999482636e-01,-5.826205568218295065e-13
4.399000000000000199e+01,4.999999999999486522e-01,-2.744057286213714921e-14
4.400000000000000000e+01,4.999999999999490408e-01,-2.724588231796009136e-14
4.400999999999999801e+01,4.999999999999494293e-01,5.281864533970735231e-13
4.402000000000000313e+01,4.999999999999497624e-01,-5.818696652779036578e-13
4.403000000000000114e+01,4.999999999999501510e-01,-2.668956735533898695e-14
4.403999999999999915e+01,4.999999999999505396e-01,5.287426818913545279e-13
4.405000000000000426e+01,4.999999999999508726e-01,-5.813134372908805614e-13
4.406000000000000227e+01,4.999999999999512612e-01,5.291042481839572435e-13
4.407000000000000028e+01,4.999999999999515943e-01,-5.809518713358744674e-13
4.407999999999999829e+01,4.999999999999519829e-01,5.294658138015965331e-13
4.409000000000000341e+01,4.999999999999523159e-01,-2.535288956671953075e-14
4.410000000000000142e+01,4.999999999999526490e-01,-2.518601351662827534e-14
4.410999999999999943e+01,4.999999999999529821e-01,-5.802564970240723358e-13
4.411999999999999744e+01,4.999999999999533706e-01,5.301611874400412334e-13
4.413000000000000256e+01,4.999999999999537037e-01,-2.465763072234023137e-14
4.414000000000000057e+01,4.999999999999540368e-01,-2.449075529296478507e-14
4.414999999999999858e+01,4.999999999999543698e-01,-2.432388001850471054e-14
4.416000000000000369e+01,4.999999999999547029e-01,-2.415700489885476426e-14
4.417000000000000171e+01,4.999999999999550360e-01,-2.399012993390980370e-14
4.417999999999999972e+01,4.999999999999553690e-01,-2.382325512356477151e-14
4.418999999999999773e+01,4.999999999999557021e-01,-2.365638046771472079e-14
4.420000000000000284e+01,4.999999999999560352e-01,-2.348950596625478354e-14
4.421000000000000085e+01,4.999999999999563682e-01,5.319144431255977294e-13
4.421999999999999886e+01,4.999999999999566458e-01,-5.781694912771222126e-13
4.423000000000000398e+01,4.999999999999569789e-01,-2.301663896278410965e-14
4.424000000000000199e+01,4.999999999999573119e-01,-2.284976507783792458e-14
4.425000000000000000e+01,4.999999999999576450e-01,5.325540698951554374e-13
4.425999999999999801e+01,4.999999999999579225e-01,-5.775298650719358414e-13
4.427000000000000313e+01,4.999999999999582556e-01,5.328600046460476349e-13
4.428000000000000114e+01,4.999999999999585332e-01,-5.772239306026559304e-13
4.428999999999999915e+01,4.999999999999588662e-01,5.331659388339061007e-13
4.430000000000000426e+01,4.999999999999591438e-01,-5.769179966960283716e-13
4.431000000000000227e+01,4.999999999999594769e-01,5.334718724594931899e-13
4.432000000000000028e+01,4.999999999999597544e-01,-2.137530024622396425e-14
4.432999999999999829e+01,4.999999999999600320e-01,-5.764729746772022243e-13
4.434000000000000341e+01,4.999999999999603650e-01,5.339168940574715105e-13
4.435000000000000142e+01,4.999999999999606426e-01,-2.093036379313270991e-14
4.435999999999999943e+01,4.999999999999609201e-01,-2.079130375529765788e-14
4.436999999999999744e+01,4.999999999999611977e-01,-2.065224384464752886e-14
4.438000000000000256e+01,4.999999999999614753e-01,-5.757497778320596391e-13
4.439000000000000057e+01,4.999999999999618083e-01,5.346400902030966736e-13
4.439999999999999858e+01,4.999999999999620859e-01,-2.020730929933170693e-14
4.441000000000000369e+01,4.999999999999623634e-01,-2.006824989656230773e-14
4.442000000000000171e+01,4.999999999999626410e-01,-1.992919062054873539e-14
4.442999999999999972e+01,4.999999999999629186e-01,-1.979013147120540482e-14
4.443999999999999773e+01,4.999999999999631961e-01,-1.965107244844680032e-14
4.445000000000000284e+01,4.999999999999634737e-01,5.357243832401011009e-13
4.446000000000000085e+01,4.999999999999636957e-01,-5.743873662800023754e-13
4.446999999999999886e+01,4.999999999999639733e-01,-1.926165171444102402e-14
4.448000000000000398e+01,4.999999999999642508e-01,-1.912259319716776058e-14
4.449000000000000199e+01,4.999999999999645284e-01,5.362527497052920007e-13
4.450000000000000000e+01,4.999999999999647504e-01,-5.738590002691347725e-13
4.450999999999999801e+01,4.999999999999650280e-01,-1.873317397757341882e-14
4.452000000000000313e+01,4.999999999999653055e-01,5.366420844686203614e-13
4.453000000000000114e+01,4.999999999999655276e-01,-5.734696658457457358e-13
4.453999999999999915e+01,4.999999999999658051e-01,-1.834375589111016519e-14
4.455000000000000426e+01,4.999999999999660827e-01,5.370314182128177787e-13
4.456000000000000227e+01,4.999999999999663047e-01,-5.730803324408012198e-13
4.457000000000000028e+01,4.999999999999665823e-01,5.372817216185765275e-13
4.457999999999999829e+01,4.999999999999668043e-01,-5.728300292608304664e-13
4.459000000000000341e+01,4.999999999999670819e-01,5.375320245729110496e-13
4.460000000000000142e+01,4.999999999999673039e-01,-1.734374975475803693e-14
4.460999999999999943e+01,4.999999999999675260e-01,-5.724684531243437676e-13
4.461999999999999744e+01,4.999999999999678035e-01,5.378936003715123406e-13
4.463000000000000256e+01,4.999999999999680256e-01,-1.698225795803058148e-14
4.464000000000000057e+01,4.999999999999682476e-01,-1.687101275090779972e-14
4.464999999999999858e+01,4.999999999999684697e-01,-5.719956050429527201e-13
4.466000000000000369e+01,4.999999999999687472e-01,5.383664480034482592e-13
4.467000000000000171e+01,4.999999999999689693e-01,-1.650952215272747999e-14
4.467999999999999972e+01,4.999999999999691913e-01,-1.639827734458376699e-14
4.468999999999999773e+01,4.999999999999694134e-01,-1.628703263601744541e-14
4.470000000000000284e+01,4.999999999999696354e-01,-1.617578802696168296e-14
4.471000000000000085e+01,4.999999999999698574e-01,-1.606454351734971359e-14
4.471999999999999886e+01,4.999999999999700795e-01,-1.595329910711482178e-14
4.473000000000000398e+01,4.999999999999703015e-01,-1.584205479619035822e-14
4.474000000000000199e+01,4.999999999999705236e-01,-1.573081058450973361e-14
4.475000000000000000e+01,4.999999999999707456e-01,-1.561956647200640909e-14
4.475999999999999801e+01,4.999999999999709677e-01,-1.550832245861391841e-14
4.477000000000000313e+01,4.999999999999711897e-01,-1.539707854426584579e-14
4.478000000000000114e+01,4.999999999999714118e-01,-1.528583472889583540e-14
4.478999999999999915e+01,4.999999999999716338e-01,-1.517459101243759769e-14
4.480000000000000426e+01,4.999999999999718558e-01,5.401720737374660075e-13
4.481000000000000227e+01,4.999999999999720224e-01,-5.699674905965191266e-13
4.482000000000000028e+01,4.999999999999722444e-01,-1.486861603148706486e-14
4.482999999999999829e+01,4.999999999999724665e-01,-1.475737271001413612e-14
4.484000000000000341e+01,4.999999999999726885e-01,5.405891811109850417e-13
4.485000000000000142e+01,4.999999999999728550e-01,-5.695503835681498868e-13
4.485999999999999943e+01,4.999999999999730771e-01,-1.445139891243437417e-14
4.486999999999999744e+01,4.999999999999732991e-01,5.408950718419091708e-13
4.488000000000000256e+01,4.999999999999734657e-01,-5.692444930954826117e-13
4.489000000000000057e+01,4.999999999999736877e-01,5.410897467070837745e-13
4.489999999999999858e+01,4.999999999999738542e-01,-5.690498184021916359e-13
4.491000000000000369e+01,4.999999999999740763e-01,5.412844212286059301e-13
4.492000000000000171e+01,4.999999999999742428e-01,-5.688551440523235937e-13
4.492999999999999972e+01,4.999999999999744649e-01,5.414790954069344645e-13
4.493999999999999773e+01,4.999999999999746314e-01,-5.686604700454200623e-13
4.495000000000000284e+01,4.999999999999748534e-01,5.416737692425274976e-13
4.496000000000000085e+01,4.999999999999750200e-01,-1.323081620538609514e-14
4.496999999999999886e+01,4.999999999999751865e-01,-5.683823374649298279e-13
4.498000000000000398e+01,4.999999999999754086e-01,5.419519015664802666e-13
4.499000000000000199e+01,4.999999999999755751e-01,-1.295276646800396565e-14
4.500000000000000000e+01,4.999999999999757416e-01,-5.681042056535387378e-13
4.500999999999999801e+01,4.999999999999759637e-01,5.422300331218467392e-13
4.502000000000000313e+01,4.999999999999761302e-01,-1.267471738897087008e-14
4.503000000000000114e+01,4.999999999999762967e-01,-1.259128636723740773e-14
4.503999999999999915e+01,4.999999999999764633e-01,-5.677426162906093355e-13
4.505000000000000426e+01,4.999999999999766853e-01,5.425916221442054260e-13
4.506000000000000227e+01,4.999999999999768518e-01,-1.231323816395770650e-14
4.507000000000000028e+01,4.999999999999770184e-01,-1.222980743375332317e-14
4.507999999999999829e+01,4.999999999999771849e-01,-1.214637677630996719e-14
4.509000000000000341e+01,4.999999999999773515e-01,-1.206294619157922933e-14
4.510000000000000142e+01,4.999999999999775180e-01,-1.197951567951274137e-14
4.510999999999999943e+01,4.999999999999776845e-01,-1.189608524006217769e-14
4.511999999999999744e+01,4.999999999999778511e-01,-1.181265487317925842e-14
4.513000000000000256e+01,4.999999999999780176e-01,-1.172922457881574315e-14
4.514000000000000057e+01,4.999999999999781841e-01,-1.164579435692343720e-14
4.514999999999999858e+01,4.999999999999783507e-01,-1.156236420745418378e-14
4.516000000000000369e+01,4.999999999999785172e-01,-1.147893413035987498e-14
4.517000000000000171e+01,4.999999999999786837e-01,-1.139550412559244078e-14
4.517999999999999972e+01,4.999999999999788503e-01,-1.131207419310385691e-14
4.518999999999999773e+01,4.999999999999790168e-01,-1.122864433284613854e-14
4.520000000000000284e+01,4.999999999999791833e-01,-1.114521454477134500e-14
4.521000000000000085e+01,4.999999999999793499e-01,-1.106178482883157825e-14
4.521999999999999886e+01,4.999999999999795164e-01,5.442559150914012664e-13
4.523000000000000398e+01,4.999999999999796274e-01,-5.659114626783853513e-13
4.524000000000000199e+01,4.999999999999797939e-01,-1.083925168895971814e-14
4.525000000000000000e+01,4.999999999999799605e-01,-1.075582226108192046e-14
4.525999999999999801e+01,4.999999999999801270e-01,5.445617688799288143e-13
4.527000000000000313e+01,4.999999999999802380e-01,-5.656056091295912441e-13
4.528000000000000114e+01,4.999999999999804046e-01,-1.053328998425063462e-14
4.528999999999999915e+01,4.999999999999805711e-01,-1.044986084367181344e-14
4.530000000000000426e+01,4.999999999999807376e-01,5.448676217104753919e-13
4.531000000000000227e+01,4.999999999999808487e-01,-5.652997565381434844e-13
4.532000000000000028e+01,4.999999999999810152e-01,5.450066699794905993e-13
4.532999999999999829e+01,4.999999999999811262e-01,-5.651607083884402956e-13
4.534000000000000341e+01,4.999999999999812927e-01,-1.008822736664768187e-14
4.535000000000000142e+01,4.999999999999814593e-01,5.452291197236478098e-13
4.535999999999999943e+01,4.999999999999815703e-01,-5.649382588229554100e-13
4.536999999999999744e+01,4.999999999999817368e-01,5.453681673968915327e-13
4.538000000000000256e+01,4.999999999999818479e-01,-5.647992112686295025e-13
4.539000000000000057e+01,4.999999999999820144e-01,5.455072148323779808e-13
4.539999999999999858e+01,4.999999999999821254e-01,-5.646601639519039558e-13
4.541000000000000369e+01,4.999999999999822919e-01,5.456462620304212850e-13
4.542000000000000171e+01,4.999999999999824030e-01,-5.645211168724646392e-13
4.542999999999999972e+01,4.999999999999825695e-01,5.457853089913348691e-13
4.543999999999999773e+01,4.999999999999826805e-01,-5.643820700299984317e-13
4.545000000000000284e+01,4.999999999999828471e-01,5.459243557154319550e-13
4.546000000000000085e+01,4.999999999999829581e-01,-9.009401232090973450e-15
4.546999999999999886e+01,4.999999999999830691e-01,-5.641873779977473133e-13
4.548000000000000398e+01,4.999999999999832356e-01,5.461190475704219638e-13
4.549000000000000199e+01,4.999999999999833467e-01,-8.814790083952317567e-15
4.550000000000000000e+01,4.999999999999834577e-01,-5.639926864969286385e-13
4.550999999999999801e+01,4.999999999999836242e-01,5.463137388943301114e-13
4.552000000000000313e+01,4.999999999999837352e-01,-8.620179360399111257e-15
4.553000000000000114e+01,4.999999999999838463e-01,-5.637979955264918716e-13
4.553999999999999915e+01,4.999999999999840128e-01,5.465084296882058228e-13
4.555000000000000426e+01,4.999999999999841238e-01,-8.425569060592440390e-15
4.556000000000000227e+01,4.999999999999842348e-01,-8.369950913216642750e-15
4.557000000000000028e+01,4.999999999999843459e-01,-5.635476602476762720e-13
4.557999999999999829e+01,4.999999999999845124e-01,5.467587647321488795e-13
4.559000000000000341e+01,4.999999999999846234e-01,-8.175341177104183737e-15
4.560000000000000142e+01,4.999999999999847344e-01,-8.119723217379159865e-15
4.560999999999999943e+01,4.999999999999848455e-01,-8.064105304489696193e-15
4.561999999999999744e+01,4.999999999999849565e-01,-8.008487438404990859e-15
4.563000000000000256e+01,4.999999999999850675e-01,-7.952869619094275131e-15
4.564000000000000057e+01,4.999999999999851785e-01,-5.631303924483935112e-13
4.564999999999999858e+01,4.999999999999853451e-01,5.471760321218894904e-13
4.566000000000000369e+01,4.999999999999854561e-01,-7.758260865883104355e-15
4.567000000000000171e+01,4.999999999999855671e-01,-7.702643233361155152e-15
4.567999999999999972e+01,4.999999999999856781e-01,-7.647025647459736865e-15
4.568999999999999773e+01,4.999999999999857891e-01,-7.591408108148235382e-15
4.570000000000000284e+01,4.999999999999859002e-01,-7.535790615396071298e-15
4.571000000000000085e+01,4.999999999999860112e-01,-7.480173169172682563e-15
4.571999999999999886e+01,4.999999999999861222e-01,-7.424555769447541839e-15
4.573000000000000398e+01,4.999999999999862332e-01,-7.368938416190143874e-15
4.574000000000000199e+01,4.999999999999863443e-01,-7.313321109370010238e-15
4.575000000000000000e+01,4.999999999999864553e-01,-7.257703848956692478e-15
4.575999999999999801e+01,4.999999999999865663e-01,-7.202086634919765808e-15
4.577000000000000313e+01,4.999999999999866773e-01,-7.146469467228832259e-15
4.578000000000000114e+01,4.999999999999867883e-01,-7.090852345853519900e-15
4.578999999999999915e+01,4.999999999999868994e-01,-7.035235270763486772e-15
4.580000000000000426e+01,4.999999999999870104e-01,5.482530974576176588e-13
4.581000000000000227e+01,4.999999999999870659e-01,-5.619420922183888878e-13
4.582000000000000028e+01,4.999999999999871769e-01,-6.896139898517636578e-15
4.582999999999999829e+01,4.999999999999872879e-01,-6.840523008265800945e-15
4.584000000000000341e+01,4.999999999999873990e-01,-6.784906164147918935e-15
4.585000000000000142e+01,4.999999999999875100e-01,-6.729289366133803996e-15
4.585999999999999943e+01,4.999999999999876210e-01,-6.673672614193297186e-15
4.586999999999999744e+01,4.999999999999877320e-01,5.486144748285925465e-13
4.588000000000000256e+01,4.999999999999877875e-01,-5.615807150894590430e-13
4.589000000000000057e+01,4.999999999999878986e-01,-6.534578210127851575e-15
4.589999999999999858e+01,4.999999999999880096e-01,-6.478961642180706941e-15
4.591000000000000369e+01,4.999999999999881206e-01,-6.423345120156766216e-15
4.592000000000000171e+01,4.999999999999882316e-01,5.488646703219304505e-13
4.592999999999999972e+01,4.999999999999882871e-01,-5.613305197683333368e-13
4.593999999999999773e+01,4.999999999999883982e-01,-6.284251404939910937e-15
4.595000000000000284e+01,4.999999999999885092e-01,5.490036849747377405e-13
4.596000000000000085e+01,4.999999999999885647e-01,-5.611915052185835424e-13
4.596999999999999886e+01,4.999999999999886757e-01,-6.145158101953387033e-15
4.598000000000000398e+01,4.999999999999887867e-01,-6.089541900553280610e-15
4.599000000000000199e+01,4.999999999999888978e-01,5.491982892231690240e-13
4.600000000000000000e+01,4.999999999999889533e-01,-5.609969011072487616e-13
4.600999999999999801e+01,4.999999999999890643e-01,-5.950449145952948354e-15
4.602000000000000313e+01,4.999999999999891753e-01,5.493373031559839502e-13
4.603000000000000114e+01,4.999999999999892308e-01,-5.608578872770216999e-13
4.603999999999999915e+01,4.999999999999893419e-01,5.494207270817498673e-13
4.605000000000000426e+01,4.999999999999893974e-01,-5.607744634195364526e-13
4.606000000000000227e+01,4.999999999999895084e-01,-5.727880658320932618e-15
4.607000000000000028e+01,4.999999999999896194e-01,5.495597405022933144e-13
4.607999999999999829e+01,4.999999999999896749e-01,-5.606354501012470493e-13
4.609000000000000341e+01,4.999999999999897859e-01,5.496431640871008759e-13
4.610000000000000142e+01,4.999999999999898415e-01,-5.605520265844982162e-13
4.610999999999999943e+01,4.999999999999899525e-01,-5.505313306847465413e-15
4.611999999999999744e+01,4.999999999999900635e-01,5.497821769970386152e-13
4.613000000000000256e+01,4.999999999999901190e-01,-5.604130137764823156e-13
4.614000000000000057e+01,4.999999999999902300e-01,5.498656002419957101e-13
4.614999999999999858e+01,4.999999999999902855e-01,-5.603295905993627147e-13
4.616000000000000369e+01,4.999999999999903966e-01,5.499490233513219428e-13
4.617000000000000171e+01,4.999999999999904521e-01,-5.602461675577858256e-13
4.617999999999999972e+01,4.999999999999905631e-01,5.500324463251934121e-13
4.618999999999999773e+01,4.999999999999906186e-01,-5.601627446515757513e-13
4.620000000000000284e+01,4.999999999999907296e-01,5.501158691637860152e-13
4.621000000000000085e+01,4.999999999999907851e-01,-5.600793218805565947e-13
4.621999999999999886e+01,4.999999999999908962e-01,5.501992918672755481e-13
4.623000000000000398e+01,4.999999999999909517e-01,-4.764310896432340406e-15
4.624000000000000199e+01,4.999999999999910072e-01,-5.599680657649350692e-13
4.625000000000000000e+01,4.999999999999911182e-01,5.503105478817667716e-13
4.625999999999999801e+01,4.999999999999911737e-01,-5.598846433311264089e-13
4.627000000000000313e+01,4.999999999999912847e-01,5.503939702482645183e-13
4.628000000000000114e+01,4.999999999999913403e-01,-5.598012210318959549e-13
4.628999999999999915e+01,4.999999999999914513e-01,5.504773924802714014e-13
4.630000000000000426e+01,4.999999999999915068e-01,-4.486392059391041526e-15
4.631000000000000227e+01,4.999999999999915623e-01,-5.596899656228106689e-13
4.632000000000000028e+01,4.999999999999916733e-01,5.505886477886843034e-13
4.632999999999999829e+01,4.999999999999917288e-01,-4.375214486699602727e-15
4.634000000000000341e+01,4.999999999999917843e-01,-5.595787105155467459e-13
4.635000000000000142e+01,4.999999999999918954e-01,5.506999027954714294e-13
4.635999999999999943e+01,4.999999999999919509e-01,-4.264037114961869115e-15
4.636999999999999744e+01,4.999999999999920064e-01,-5.594674557095182327e-13
4.638000000000000256e+01,4.999999999999921174e-01,5.508111575012181268e-13
4.639000000000000057e+01,4.999999999999921729e-01,-4.152859943787974589e-15
4.639999999999999858e+01,4.999999999999922284e-01,-5.593562012041407916e-13
4.641000000000000369e+01,4.999999999999923395e-01,5.509224119065080265e-13
4.642000000000000171e+01,4.999999999999923950e-01,-4.041682972789061997e-15
4.642999999999999972e+01,4.999999999999924505e-01,-5.592449469988319025e-13
4.643999999999999773e+01,4.999999999999925615e-01,5.510336660119234466e-13
4.645000000000000284e+01,4.999999999999926170e-01,-3.930506201577279987e-15
4.646000000000000085e+01,4.999999999999926725e-01,-3.902699180708809905e-15
4.646999999999999886e+01,4.999999999999927280e-01,-5.591058603827269786e-13
4.648000000000000398e+01,4.999999999999928391e-01,5.511727524951376449e-13
4.649000000000000199e+01,4.999999999999928946e-01,-3.791522675278271512e-15
4.650000000000000000e+01,4.999999999999929501e-01,-3.763715742889206544e-15
4.650999999999999801e+01,4.999999999999930056e-01,-5.589667742976700896e-13
4.652000000000000313e+01,4.999999999999931166e-01,5.513118384476466158e-13
4.653000000000000114e+01,4.999999999999931721e-01,-3.652539502554541524e-15
4.653999999999999915e+01,4.999999999999932276e-01,-3.624732658416817248e-15
4.655000000000000426e+01,4.999999999999932832e-01,-3.596925836306384243e-15
4.656000000000000227e+01,4.999999999999933387e-01,-5.587998563299541145e-13
4.657000000000000028e+01,4.999999999999934497e-01,5.514787562501579012e-13
4.657999999999999829e+01,4.999999999999935052e-01,-3.485749926381343077e-15
4.659000000000000341e+01,4.999999999999935607e-01,-3.457943192238271883e-15
4.660000000000000142e+01,4.999999999999936162e-01,-3.430136480051650671e-15
4.660999999999999943e+01,4.999999999999936717e-01,-3.402329789807346605e-15
4.661999999999999744e+01,4.999999999999937272e-01,-5.586051069725320485e-13
4.663000000000000256e+01,4.999999999999938383e-01,5.516735054100352621e-13
4.664000000000000057e+01,4.999999999999938938e-01,-3.291154274971572474e-15
4.664999999999999858e+01,4.999999999999939493e-01,-3.263347672355460656e-15
4.666000000000000369e+01,4.999999999999940048e-01,-3.235541091611187967e-15
4.667000000000000171e+01,4.999999999999940603e-01,-3.207734532724694934e-15
4.667999999999999972e+01,4.999999999999941158e-01,-3.179927995681933915e-15
4.668999999999999773e+01,4.999999999999941713e-01,-5.583825268134610484e-13
4.670000000000000284e+01,4.999999999999942824e-01,5.518960853395993871e-13
4.671000000000000085e+01,4.999999999999943379e-01,-3.068752939860121435e-15
4.671999999999999886e+01,4.999999999999943934e-01,-3.040946490052055434e-15
4.673000000000000398e+01,4.999999999999944489e-01,-3.013140062017664684e-15
4.674000000000000199e+01,4.999999999999945044e-01,-2.985333655742974118e-15
4.675000000000000000e+01,4.999999999999945599e-01,-2.957527271214020110e-15
4.675999999999999801e+01,4.999999999999946154e-01,-2.929720908416850866e-15
4.677000000000000313e+01,4.999999999999946709e-01,-2.901914567337526819e-15
4.678000000000000114e+01,4.999999999999947264e-01,-2.874108247962121025e-15
4.678999999999999915e+01,4.999999999999947820e-01,-2.846301950276717188e-15
4.680000000000000426e+01,4.999999999999948375e-01,-2.818495674267411240e-15
4.681000000000000227e+01,4.999999999999948930e-01,-2.790689419920311736e-15
4.682000000000000028e+01,4.999999999999949485e-01,-5.579929584028994244e-13
4.682999999999999829e+01,4.999999999999950595e-01,5.522856533266614001e-13
4.684000000000000341e+01,4.999999999999951150e-01,-2.679515211097880084e-15
4.685000000000000142e+01,4.999999999999951705e-01,-2.651709043260923027e-15
4.685999999999999943e+01,4.999999999999952260e-01,-2.623902897016889916e-15
4.686999999999999744e+01,4.999999999999952816e-01,-2.596096772351960302e-15
4.688000000000000256e+01,4.999999999999953371e-01,-2.568290669252324385e-15
4.689000000000000057e+01,4.999999999999953926e-01,-2.540484587704185777e-15
4.689999999999999858e+01,4.999999999999954481e-01,-2.512678527693757951e-15
4.691000000000000369e+01,4.999999999999955036e-01,-2.484872489207267002e-15
4.692000000000000171e+01,4.999999999999955591e-01,-2.457066472230951644e-15
4.692999999999999972e+01,4.999999999999956146e-01,-2.429260476751060849e-15
4.693999999999999773e+01,4.999999999999956701e-01,-2.401454502753856209e-15
4.695000000000000284e+01,4.999999999999957256e-01,-2.373648550225610757e-15
4.696000000000000085e+01,4.999999999999957812e-01,-2.345842619152609357e-15
4.696999999999999886e+01,4.999999999999958367e-01,-2.318036709521147917e-15
4.698000000000000398e+01,4.999999999999958922e-01,-2.290230821317534966e-15
4.699000000000000199e+01,4.999999999999959477e-01,-2.262424954528090080e-15
4.700000000000000000e+01,4.999999999999960032e-01,-2.234619109139144665e-15
4.700999999999999801e+01,4.999999999999960587e-01,5.530227827356549425e-13
4.702000000000000313e+01,4.999999999999960587e-01,-5.572002167759949753e-13
4.703000000000000114e+01,4.999999999999961142e-01,-2.178957276854422965e-15
4.703999999999999915e+01,4.999999999999961697e-01,-2.151151516931021826e-15
4.705000000000000426e+01,4.999999999999962252e-01,-2.123345778339951138e-15
4.706000000000000227e+01,4.999999999999962808e-01,-2.095540061067612516e-15
4.707000000000000028e+01,4.999999999999963363e-01,-2.067734365100417831e-15
4.707999999999999829e+01,4.999999999999963918e-01,-2.039928690424791181e-15
4.709000000000000341e+01,4.999999999999964473e-01,-2.012123037027168499e-15
4.710000000000000142e+01,4.999999999999965028e-01,-1.984317404893996758e-15
4.710999999999999943e+01,4.999999999999965583e-01,-1.956511794011734372e-15
4.711999999999999744e+01,4.999999999999966138e-01,-1.928706204366851984e-15
4.713000000000000256e+01,4.999999999999966693e-01,-1.900900635945830882e-15
4.714000000000000057e+01,4.999999999999967248e-01,-1.873095088735164192e-15
4.714999999999999858e+01,4.999999999999967804e-01,-1.845289562721356474e-15
4.716000000000000369e+01,4.999999999999968359e-01,5.534117363785874015e-13
4.717000000000000171e+01,4.999999999999968359e-01,-5.568112632925467149e-13
4.717999999999999972e+01,4.999999999999968914e-01,-1.789628687341933271e-15
4.718999999999999773e+01,4.999999999999969469e-01,-1.761823245980835441e-15
4.720000000000000284e+01,4.999999999999970024e-01,-1.734017825749290971e-15
4.721000000000000085e+01,4.999999999999970579e-01,-1.706212426633872858e-15
4.721999999999999886e+01,4.999999999999971134e-01,-1.678407048621165338e-15
4.723000000000000398e+01,4.999999999999971689e-01,-1.650601691697764087e-15
4.724000000000000199e+01,4.999999999999972244e-01,-1.622796355850276416e-15
4.725000000000000000e+01,4.999999999999972800e-01,5.536340051894626945e-13
4.725999999999999801e+01,4.999999999999972800e-01,-5.565889945766337151e-13
4.727000000000000313e+01,4.999999999999973355e-01,-1.567136050245164935e-15
4.728000000000000114e+01,4.999999999999973910e-01,-1.539330798567629324e-15
4.728999999999999915e+01,4.999999999999974465e-01,-1.511525567899212665e-15
4.730000000000000426e+01,4.999999999999975020e-01,-1.483720358226590111e-15
4.731000000000000227e+01,4.999999999999975575e-01,-1.455915169536447663e-15
4.732000000000000028e+01,4.999999999999976130e-01,-1.428110001815482956e-15
4.732999999999999829e+01,4.999999999999976685e-01,5.538284927971249038e-13
4.734000000000000341e+01,4.999999999999976685e-01,-5.563945070529282175e-13
4.735000000000000142e+01,4.999999999999977240e-01,-1.372450199950427793e-15
4.735999999999999943e+01,4.999999999999977796e-01,-1.344645115973373657e-15
4.736999999999999744e+01,4.999999999999978351e-01,-1.316840052899153271e-15
4.738000000000000256e+01,4.999999999999978906e-01,-1.289035010714531126e-15
4.739000000000000057e+01,4.999999999999979461e-01,-1.261229989406283352e-15
4.739999999999999858e+01,4.999999999999980016e-01,5.539951994570163286e-13
4.741000000000000369e+01,4.999999999999980016e-01,-5.562278004661503903e-13
4.742000000000000171e+01,4.999999999999980571e-01,-1.205570626223341895e-15
4.742999999999999972e+01,4.999999999999981126e-01,-1.177765688288573951e-15
4.743999999999999773e+01,4.999999999999981681e-01,-1.149960771164227265e-15
4.745000000000000284e+01,4.999999999999982236e-01,-1.122155874837144428e-15
4.746000000000000085e+01,4.999999999999982792e-01,5.541341253908889249e-13
4.746999999999999886e+01,4.999999999999982792e-01,-5.560888745946894396e-13
4.748000000000000398e+01,4.999999999999983347e-01,-1.066496886123702426e-15
4.749000000000000199e+01,4.999999999999983902e-01,-1.038692072854324315e-15
4.750000000000000000e+01,4.999999999999984457e-01,-1.010887280316589840e-15
4.750999999999999801e+01,4.999999999999985012e-01,5.542452707875185967e-13
4.752000000000000313e+01,4.999999999999985012e-01,-5.559777292498889139e-13
4.753000000000000114e+01,4.999999999999985567e-01,-9.552286025780236666e-16
4.753999999999999915e+01,4.999999999999986122e-01,-9.274238928360650798e-16
4.755000000000000426e+01,4.999999999999986677e-01,-8.996192037604054284e-16
4.756000000000000227e+01,4.999999999999987232e-01,-8.718145353380092790e-16
4.757000000000000028e+01,4.999999999999987788e-01,5.543841960370283821e-13
4.757999999999999829e+01,4.999999999999987788e-01,-5.558388040623585035e-13
4.759000000000000341e+01,4.999999999999988343e-01,-8.161562294758340959e-16
4.760000000000000142e+01,4.999999999999988898e-01,-7.883516435363506129e-16
4.760999999999999943e+01,4.999999999999989453e-01,-7.605470781851149840e-16
4.761999999999999744e+01,4.999999999999990008e-01,5.544953408653330722e-13
4.763000000000000256e+01,4.999999999999990008e-01,-5.557276592855245009e-13
4.764000000000000057e+01,4.999999999999990563e-01,-7.048890811468746490e-16
4.764999999999999858e+01,4.999999999999991118e-01,-6.770845980190356770e-16
4.766000000000000369e+01,4.999999999999991673e-01,-6.492801354147015615e-16
4.767000000000000171e+01,4.999999999999992228e-01,5.546064854366083507e-13
4.767999999999999972e+01,4.999999999999992228e-01,-5.556165147655579474e-13
4.768999999999999773e+01,4.999999999999992784e-01,-5.936224462292518967e-16
4.770000000000000284e+01,4.999999999999993339e-01,-5.658180655898858735e-16
4.771000000000000085e+01,4.999999999999993894e-01,-5.380137054095530772e-16
4.771999999999999886e+01,4.999999999999994449e-01,5.547176297516624150e-13
4.773000000000000398e+01,4.999999999999994449e-01,-5.555053705016515543e-13
4.774000000000000199e+01,4.999999999999995004e-01,-4.823563231098173701e-16
4.775000000000000000e+01,4.999999999999995559e-01,-4.545520446371059256e-16
4.775999999999999801e+01,4.999999999999996114e-01,-4.267477865592258195e-16
4.777000000000000313e+01,4.999999999999996669e-01,5.548287738112997265e-13
4.778000000000000114e+01,4.999999999999996669e-01,-5.553942264930013650e-13
4.778999999999999915e+01,4.999999999999997224e-01,-3.710907101821739676e-16
4.780000000000000426e+01,4.999999999999997780e-01,-3.432865335556446271e-16
4.781000000000000227e+01,4.999999999999998335e-01,-3.154823772600129490e-16
4.782000000000000028e+01,4.999999999999998890e-01,5.549399176163214144e-13
4.782999999999999829e+01,4.999999999999998890e-01,-5.552830827388069570e-13
4.784000000000000341e+01,4.999999999999999445e-01,-2.598256058466398647e-16
4.785000000000000142e+01,5.000000000000000000e-01,5.549955015472046673e-13
4.785999999999999943e+01,5.000000000000000000e-01,-1.110454997676686987e-12
4.787000000000000455e+01,5.000000000000001110e-01,1.110046611183819294e-12
4.788000000000000256e+01,5.000000000000001110e-01,-1.110399389627773536e-12
4.789000000000000057e+01,5.000000000000002220e-01,1.110102219192261883e-12
4.789999999999999858e+01,5.000000000000002220e-01,1.110223024625156540e-16
4.791000000000000369e+01,5.000000000000002220e-01,-1.110343733281705658e-12
4.792000000000000171e+01,5.000000000000003331e-01,1.110157875477718182e-12
4.792999999999999972e+01,5.000000000000003331e-01,1.665334536937734811e-16
4.793999999999999773e+01,5.000000000000003331e-01,-1.110288077117358617e-12
4.795000000000000284e+01,5.000000000000004441e-01,1.110213531581567544e-12
4.796000000000000085e+01,5.000000000000004441e-01,-1.110232469391504432e-12
4.796999999999999886e+01,5.000000000000005551e-01,1.110269139267152815e-12
4.798000000000000398e+01,5.000000000000005551e-01,2.775557561562891351e-16
4.799000000000000199e+01,5.000000000000005551e-01,-1.110176813529268146e-12
4.800000000000000000e+01,5.000000000000006661e-01,1.110324795069080446e-12
4.800999999999999801e+01,5.000000000000006661e-01,-1.110121206004506091e-12
4.802000000000000313e+01,5.000000000000007772e-01,1.110380402553699401e-12
4.803000000000000114e+01,5.000000000000007772e-01,3.885780586188047891e-16
4.803999999999999915e+01,5.000000000000007772e-01,-1.110065550443437259e-12
4.805000000000000426e+01,5.000000000000008882e-01,1.110436058054647591e-12
4.806000000000000227e+01,5.000000000000008882e-01,-1.110009943119140286e-12
4.807000000000000028e+01,5.000000000000009992e-01,1.110491665338926673e-12
4.807999999999999829e+01,5.000000000000009992e-01,4.996003610813204432e-16
4.809000000000000341e+01,5.000000000000009992e-01,-1.109954287858299646e-12
4.810000000000000142e+01,5.000000000000011102e-01,1.110547320539833877e-12
4.810999999999999943e+01,5.000000000000011102e-01,-1.109898680733842723e-12
4.812000000000000455e+01,5.000000000000012212e-01,1.110602927624397510e-12
4.813000000000000256e+01,5.000000000000012212e-01,6.106226635438360972e-16
4.814000000000000057e+01,5.000000000000012212e-01,-1.109843025772295052e-12
4.814999999999999858e+01,5.000000000000013323e-01,1.110658582526198547e-12
4.816000000000000369e+01,5.000000000000013323e-01,-1.109787418847056179e-12
4.817000000000000171e+01,5.000000000000014433e-01,1.110714189411668330e-12
4.817999999999999972e+01,5.000000000000014433e-01,7.216449660063517513e-16
4.818999999999999773e+01,5.000000000000014433e-01,-1.109731764183870091e-12
4.820000000000000284e+01,5.000000000000015543e-01,1.110769844015293576e-12
4.821000000000000085e+01,5.000000000000015543e-01,7.771561172376095783e-16
4.821999999999999886e+01,5.000000000000015543e-01,1.111230421933730675e-12
4.823000000000000398e+01,5.000000000000014433e-01,-1.109271186205983022e-12
4.824000000000000199e+01,5.000000000000014433e-01,7.216449660063517513e-16
4.825000000000000000e+01,5.000000000000014433e-01,7.216449660063517513e-16
4.825999999999999801e+01,5.000000000000014433e-01,7.216449660063517513e-16
4.827000000000000313e+01,5.000000000000014433e-01,7.216449660063517513e-16
4.828000000000000114e+01,5.000000000000014433e-01,7.216449660063517513e-16
4.828999999999999915e+01,5.000000000000014433e-01,7.216449660063517513e-16
4.830000000000000426e+01,5.000000000000014433e-01,7.216449660063517513e-16
4.831000000000000227e+01,5.000000000000014433e-01,7.216449660063517513e-16
4.832000000000000028e+01,5.000000000000014433e-01,7.216449660063517513e-16
4.832999999999999829e+01,5.000000000000014433e-01,1.111174386749165278e-12
4.834000000000000341e+01,5.000000000000013323e-01,-1.109327221173512462e-12
4.835000000000000142e+01,5.000000000000013323e-01,6.661338147750939243e-16
4.835999999999999943e+01,5.000000000000013323e-01,6.661338147750939243e-16
4.837000000000000455e+01,5.000000000000013323e-01,6.661338147750939243e-16
4.838000000000000256e+01,5.000000000000013323e-01,6.661338147750939243e-16
4.839000000000000057e+01,5.000000000000013323e-01,6.661338147750939243e-16
4.839999999999999858e+01,5.000000000000013323e-01,6.661338147750939243e-16
4.841000000000000369e+01,5.000000000000013323e-01,6.661338147750939243e-16
4.842000000000000171e+01,5.000000000000013323e-01,6.661338147750939243e-16
4.842999999999999972e+01,5.000000000000013323e-01,6.661338147750939243e-16
4.843999999999999773e+01,5.000000000000013323e-01,1.111118353944602473e-12
4.845000000000000284e+01,5.000000000000012212e-01,-1.109383253762515756e-12
4.846000000000000085e+01,5.000000000000012212e-01,6.106226635438360972e-16
4.846999999999999886e+01,5.000000000000012212e-01,6.106226635438360972e-16
4.848000000000000398e+01,5.000000000000012212e-01,6.106226635438360972e-16
4.849000000000000199e+01,5.000000000000012212e-01,6.106226635438360972e-16
4.850000000000000000e+01,5.000000000000012212e-01,6.106226635438360972e-16
4.850999999999999801e+01,5.000000000000012212e-01,6.106226635438360972e-16
4.852000000000000313e+01,5.000000000000012212e-01,6.106226635438360972e-16
4.853000000000000114e+01,5.000000000000012212e-01,6.106226635438360972e-16
4.853999999999999915e+01,5.000000000000012212e-01,6.106226635438360972e-16
4.855000000000000426e+01,5.000000000000012212e-01,6.106226635438360972e-16
4.856000000000000227e+01,5.000000000000012212e-01,6.106226635438360972e-16
4.857000000000000028e+01,5.000000000000012212e-01,1.111062229340301276e-12
4.857999999999999829e+01,5.000000000000011102e-01,-1.109439378113950304e-12
4.859000000000000341e+01,5.000000000000011102e-01,5.551115123125782702e-16
4.860000000000000142e+01,5.000000000000011102e-01,5.551115123125782702e-16
4.860999999999999943e+01,5.000000000000011102e-01,5.551115123125782702e-16
4.862000000000000455e+01,5.000000000000011102e-01,5.551115123125782702e-16
4.863000000000000256e+01,5.000000000000011102e-01,5.551115123125782702e-16
4.864000000000000057e+01,5.000000000000011102e-01,5.551115123125782702e-16
4.864999999999999858e+01,5.000000000000011102e-01,5.551115123125782702e-16
4.866000000000000369e+01,5.000000000000011102e-01,5.551115123125782702e-16
4.867000000000000171e+01,5.000000000000011102e-01,5.551115123125782702e-16
4.867999999999999972e+01,5.000000000000011102e-01,5.551115123125782702e-16
4.868999999999999773e+01,5.000000000000011102e-01,5.551115123125782702e-16
4.870000000000000284e+01,5.000000000000011102e-01,1.111006108011108825e-12
4.871000000000000085e+01,5.000000000000009992e-01,-1.109495499192298416e-12
4.871999999999999886e+01,5.000000000000009992e-01,4.996003610813204432e-16
4.873000000000000398e+01,5.000000000000009992e-01,4.996003610813204432e-16
4.874000000000000199e+01,5.000000000000009992e-01,4.996003610813204432e-16
4.875000000000000000e+01,5.000000000000009992e-01,4.996003610813204432e-16
4.875999999999999801e+01,5.000000000000009992e-01,4.996003610813204432e-16
4.877000000000000313e+01,5.000000000000009992e-01,4.996003610813204432e-16
4.878000000000000114e+01,5.000000000000009992e-01,4.996003610813204432e-16
4.878999999999999915e+01,5.000000000000009992e-01,4.996003610813204432e-16
4.880000000000000426e+01,5.000000000000009992e-01,4.996003610813204432e-16
4.881000000000000227e+01,5.000000000000009992e-01,4.996003610813204432e-16
4.882000000000000028e+01,5.000000000000009992e-01,4.996003610813204432e-16
4.882999999999999829e+01,5.000000000000009992e-01,4.996003610813204432e-16
4.884000000000000341e+01,5.000000000000009992e-01,4.996003610813204432e-16
4.885000000000000142e+01,5.000000000000009992e-01,4.996003610813204432e-16
4.885999999999999943e+01,5.000000000000009992e-01,1.110949850328977304e-12
4.887000000000000455e+01,5.000000000000008882e-01,-1.109551756568442379e-12
4.888000000000000256e+01,5.000000000000008882e-01,4.440892098500626162e-16
4.889000000000000057e+01,5.000000000000008882e-01,4.440892098500626162e-16
4.889999999999999858e+01,5.000000000000008882e-01,4.440892098500626162e-16
4.891000000000000369e+01,5.000000000000008882e-01,4.440892098500626162e-16
4.892000000000000171e+01,5.000000000000008882e-01,4.440892098500626162e-16
4.892999999999999972e+01,5.000000000000008882e-01,4.440892098500626162e-16
4.893999999999999773e+01,5.000000000000008882e-01,4.440892098500626162e-16
4.895000000000000284e+01,5.000000000000008882e-01,4.440892098500626162e-16
4.896000000000000085e+01,5.000000000000008882e-01,4.440892098500626162e-16
4.896999999999999886e+01,5.000000000000008882e-01,4.440892098500626162e-16
4.898000000000000398e+01,5.000000000000008882e-01,4.440892098500626162e-16
4.899000000000000199e+01,5.000000000000008882e-01,4.440892098500626162e-16
4.900000000000000000e+01,5.000000000000008882e-01,4.440892098500626162e-16
4.900999999999999801e+01,5.000000000000008882e-01,4.440892098500626162e-16
4.902000000000000313e+01,5.000000000000008882e-01,4.440892098500626162e-16
4.903000000000000114e+01,5.000000000000008882e-01,1.110893551327281727e-12
4.903999999999999915e+01,5.000000000000007772e-01,-1.109608055248302497e-12
4.905000000000000426e+01,5.000000000000007772e-01,3.885780586188047891e-16
4.906000000000000227e+01,5.000000000000007772e-01,3.885780586188047891e-16
4.907000000000000028e+01,5.000000000000007772e-01,3.885780586188047891e-16
4.907999999999999829e+01,5.000000000000007772e-01,3.885780586188047891e-16
4.909000000000000341e+01,5.000000000000007772e-01,3.885780586188047891e-16
4.910000000000000142e+01,5.000000000000007772e-01,3.885780586188047891e-16
4.910999999999999943e+01,5.000000000000007772e-01,3.885780586188047891e-16
4.912000000000000455e+01,5.000000000000007772e-01,3.885780586188047891e-16
4.913000000000000256e+01,5.000000000000007772e-01,3.885780586188047891e-16
4.914000000000000057e+01,5.000000000000007772e-01,3.885780586188047891e-16
4.914999999999999858e+01,5.000000000000007772e-01,3.885780586188047891e-16
4.916000000000000369e+01,5.000000000000007772e-01,3.885780586188047891e-16
4.917000000000000171e+01,5.000000000000007772e-01,3.885780586188047891e-16
4.917999999999999972e+01,5.000000000000007772e-01,3.885780586188047891e-16
4.918999999999999773e+01,5.000000000000007772e-01,3.885780586188047891e-16
4.920000000000000284e+01,5.000000000000007772e-01,3.885780586188047891e-16
4.921000000000000085e+01,5.000000000000007772e-01,3.885780586188047891e-16
4.921999999999999886e+01,5.000000000000007772e-01,3.885780586188047891e-16
4.923000000000000398e+01,5.000000000000007772e-01,1.110837120259364393e-12
4.924000000000000199e+01,5.000000000000006661e-01,-1.109664485941849922e-12
4.925000000000000000e+01,5.000000000000006661e-01,3.330669073875469621e-16
4.925999999999999801e+01,5.000000000000006661e-01,3.330669073875469621e-16
4.927000000000000313e+01,5.000000000000006661e-01,3.330669073875469621e-16
4.928000000000000114e+01,5.000000000000006661e-01,3.330669073875469621e-16
4.928999999999999915e+01,5.000000000000006661e-01,3.330669073875469621e-16
4.930000000000000426e+01,5.000000000000006661e-01,3.330669073875469621e-16
4.931000000000000227e+01,5.000000000000006661e-01,3.330669073875469621e-16
4.932000000000000028e+01,5.000000000000006661e-01,3.330669073875469621e-16
4.932999999999999829e+01,5.000000000000006661e-01,3.330669073875469621e-16
4.934000000000000341e+01,5.000000000000006661e-01,3.330669073875469621e-16
4.935000000000000142e+01,5.000000000000006661e-01,3.330669073875469621e-16
4.935999999999999943e+01,5.000000000000006661e-01,3.330669073875469621e-16
4.937000000000000455e+01,5.000000000000006661e-01,3.330669073875469621e-16
4.938000000000000256e+01,5.000000000000006661e-01,3.330669073875469621e-16
4.939000000000000057e+01,5.000000000000006661e-01,3.330669073875469621e-16
4.939999999999999858e+01,5.000000000000006661e-01,3.330669073875469621e-16
4.941000000000000369e+01,5.000000000000006661e-01,3.330669073875469621e-16
4.942000000000000171e+01,5.000000000000006661e-01,3.330669073875469621e-16
4.942999999999999972e+01,5.000000000000006661e-01,3.330669073875469621e-16
4.943999999999999773e+01,5.000000000000006661e-01,3.330669073875469621e-16
4.945000000000000284e+01,5.000000000000006661e-01,3.330669073875469621e-16
4.946000000000000085e+01,5.000000000000006661e-01,1.110780560401251097e-12
4.946999999999999886e+01,5.000000000000005551e-01,-1.109721045375039165e-12
4.948000000000000398e+01,5.000000000000005551e-01,2.775557561562891351e-16
4.949000000000000199e+01,5.000000000000005551e-01,2.775557561562891351e-16
4.950000000000000000e+01,5.000000000000005551e-01,2.775557561562891351e-16
4.950999999999999801e+01,5.000000000000005551e-01,2.775557561562891351e-16
4.952000000000000313e+01,5.000000000000005551e-01,2.775557561562891351e-16
4.953000000000000114e+01,5.000000000000005551e-01,2.775557561562891351e-16
4.953999999999999915e+01,5.000000000000005551e-01,2.775557561562891351e-16
4.955000000000000426e+01,5.000000000000005551e-01,2.775557561562891351e-16
4.956000000000000227e+01,5.000000000000005551e-01,2.775557561562891351e-16
4.957000000000000028e+01,5.000000000000005551e-01,2.775557561562891351e-16
4.957999999999999829e+01,5.000000000000005551e-01,2.775557561562891351e-16
4.959000000000000341e+01,5.000000000000005551e-01,2.775557561562891351e-16
4.960000000000000142e+01,5.000000000000005551e-01,2.775557561562891351e-16
4.960999999999999943e+01,5.000000000000005551e-01,2.775557561562891351e-16
4.962000000000000455e+01,5.000000000000005551e-01,2.775557561562891351e-16
4.963000000000000256e+01,5.000000000000005551e-01,2.775557561562891351e-16
4.964000000000000057e+01,5.000000000000005551e-01,2.775557561562891351e-16
4.964999999999999858e+01,5.000000000000005551e-01,2.775557561562891351e-16
4.966000000000000369e+01,5.000000000000005551e-01,2.775557561562891351e-16
4.967000000000000171e+01,5.000000000000005551e-01,2.775557561562891351e-16
4.967999999999999972e+01,5.000000000000005551e-01,2.775557561562891351e-16
4.968999999999999773e+01,5.000000000000005551e-01,2.775557561562891351e-16
4.970000000000000284e+01,5.000000000000005551e-01,2.775557561562891351e-16
4.971000000000000085e+01,5.000000000000005551e-01,2.775557561562891351e-16
4.971999999999999886e+01,5.000000000000005551e-01,2.775557561562891351e-16
4.973000000000000398e+01,5.000000000000005551e-01,1.110723830537079089e-12
4.974000000000000199e+01,5.000000000000004441e-01,-1.109777774747890325e-12
4.975000000000000000e+01,5.000000000000004441e-01,2.220446049250313081e-16
4.975999999999999801e+01,5.000000000000004441e-01,2.220446049250313081e-16
4.977000000000000313e+01,5.000000000000004441e-01,2.220446049250313081e-16
4.978000000000000114e+01,5.000000000000004441e-01,2.220446049250313081e-16
4.978999999999999915e+01,5.000000000000004441e-01,2.220446049250313081e-16
4.980000000000000426e+01,5.000000000000004441e-01,2.220446049250313081e-16
4.981000000000000227e+01,5.000000000000004441e-01,2.220446049250313081e-16
4.982000000000000028e+01,5.000000000000004441e-01,2.220446049250313081e-16
4.982999999999999829e+01,5.000000000000004441e-01,2.220446049250313081e-16
4.984000000000000341e+01,5.000000000000004441e-01,2.220446049250313081e-16
4.985000000000000142e+01,5.000000000000004441e-01,2.220446049250313081e-16
4.985999999999999943e+01,5.000000000000004441e-01,2.220446049250313081e-16
4.987000000000000455e+01,5.000000000000004441e-01,2.220446049250313081e-16
4.988000000000000256e+01,5.000000000000004441e-01,2.220446049250313081e-16
4.989000000000000057e+01,5.000000000000004441e-01,2.220446049250313081e-16
4.989999999999999858e+01,5.000000000000004441e-01,2.220446049250313081e-16
4.991000000000000369e+01,5.000000000000004441e-01,2.220446049250313081e-16
4.992000000000000171e+01,5.000000000000004441e-01,2.220446049250313081e-16
4.992999999999999972e+01,5.000000000000004441e-01,2.220446049250313081e-16
4.993999999999999773e+01,5.000000000000004441e-01,2.220446049250313081e-16
4.995000000000000284e+01,5.000000000000004441e-01,2.220446049250313081e-16
4.996000000000000085e+01,5.000000000000004441e-01,2.220446049250313081e-16
4.996999999999999886e+01,5.000000000000004441e-01,2.220446049250313081e-16
4.998000000000000398e+01,5.000000000000004441e-01,2.220446049250313081e-16
4.999000000000000199e+01,5.000000000000004441e-01,2.220446049250313081e-16
5.000000000000000000e+01,5.000000000000004441e-01,2.220446049250313081e-16
5.000999999999999801e+01,5.000000000000004441e-01,2.220446049250313081e-16
5.002000000000000313e+01,5.000000000000004441e-01,2.220446049250313081e-16
5.003000000000000114e+01,5.000000000000004441e-01,2.220446049250313081e-16
5.003999999999999915e+01,5.000000000000004441e-01,2.220446049250313081e-16
5.005000000000000426e+01,5.000000000000004441e-01,2.220446049250313081e-16
5.006000000000000227e+01,5.000000000000004441e-01,2.220446049250313081e-16
5.007000000000000028e+01,5.000000000000004441e-01,2.220446049250313081e-16
5.007999999999999829e+01,5.000000000000004441e-01,1.110666759131164886e-12
5.009000000000000341e+01,5.000000000000003331e-01,-1.109834845528694687e-12
5.010000000000000142e+01,5.000000000000003331e-01,1.665334536937734811e-16
5.010999999999999943e+01,5.000000000000003331e-01,1.665334536937734811e-16
5.012000000000000455e+01,5.000000000000003331e-01,1.665334536937734811e-16
5.013000000000000256e+01,5.000000000000003331e-01,1.665334536937734811e-16
5.014000000000000057e+01,5.000000000000003331e-01,1.665334536937734811e-16
5.014999999999999858e+01,5.000000000000003331e-01,1.665334536937734811e-16
5.016000000000000369e+01,5.000000000000003331e-01,1.665334536937734811e-16
5.017000000000000171e+01,5.000000000000003331e-01,1.665334536937734811e-16
5.017999999999999972e+01,5.000000000000003331e-01,1.665334536937734811e-16
5.018999999999999773e+01,5.000000000000003331e-01,1.665334536937734811e-16
5.020000000000000284e+01,5.000000000000003331e-01,1.665334536937734811e-16
5.021000000000000085e+01,5.000000000000003331e-01,1.665334536937734811e-16
5.021999999999999886e+01,5.000000000000003331e-01,1.665334536937734811e-16
5.023000000000000398e+01,5.000000000000003331e-01,1.665334536937734811e-16
5.024000000000000199e+01,5.000000000000003331e-01,1.665334536937734811e-16
5.025000000000000000e+01,5.000000000000003331e-01,1.665334536937734811e-16
5.025999999999999801e+01,5.000000000000003331e-01,1.665334536937734811e-16
5.027000000000000313e+01,5.000000000000003331e-01,1.665334536937734811e-16
5.028000000000000114e+01,5.000000000000003331e-01,1.665334536937734811e-16
5.028999999999999915e+01,5.000000000000003331e-01,1.665334536937734811e-16
5.030000000000000426e+01,5.000000000000003331e-01,1.665334536937734811e-16
5.031000000000000227e+01,5.000000000000003331e-01,1.665334536937734811e-16
5.032000000000000028e+01,5.000000000000003331e-01,1.665334536937734811e-16
5.032999999999999829e+01,5.000000000000003331e-01,1.665334536937734811e-16
5.034000000000000341e+01,5.000000000000003331e-01,1.665334536937734811e-16
5.035000000000000142e+01,5.000000000000003331e-01,1.665334536937734811e-16
5.035999999999999943e+01,5.000000000000003331e-01,1.665334536937734811e-16
5.037000000000000455e+01,5.000000000000003331e-01,1.665334536937734811e-16
5.038000000000000256e+01,5.000000000000003331e-01,1.665334536937734811e-16
5.039000000000000057e+01,5.000000000000003331e-01,1.665334536937734811e-16
5.039999999999999858e+01,5.000000000000003331e-01,1.665334536937734811e-16
5.041000000000000369e+01,5.000000000000003331e-01,1.665334536937734811e-16
5.042000000000000171e+01,5.000000000000003331e-01,1.665334536937734811e-16
5.042999999999999972e+01,5.000000000000003331e-01,1.665334536937734811e-16
5.043999999999999773e+01,5.000000000000003331e-01,1.665334536937734811e-16
5.045000000000000284e+01,5.000000000000003331e-01,1.665334536937734811e-16
5.046000000000000085e+01,5.000000000000003331e-01,1.665334536937734811e-16
5.046999999999999886e+01,5.000000000000003331e-01,1.665334536937734811e-16
5.048000000000000398e+01,5.000000000000003331e-01,1.665334536937734811e-16
5.049000000000000199e+01,5.000000000000003331e-01,1.665334536937734811e-16
5.050000000000000000e+01,5.000000000000003331e-01,1.665334536937734811e-16
5.050999999999999801e+01,5.000000000000003331e-01,1.665334536937734811e-16
5.052000000000000313e+01,5.000000000000003331e-01,1.665334536937734811e-16
5.053000000000000114e+01,5.000000000000003331e-01,1.665334536937734811e-16
5.053999999999999915e+01,5.000000000000003331e-01,1.110609230224601195e-12
5.055000000000000426e+01,5.000000000000002220e-01,-1.109892373633351808e-12
5.056000000000000227e+01,5.000000000000002220e-01,1.110223024625156540e-16
5.057000000000000028e+01,5.000000000000002220e-01,1.110223024625156540e-16
5.057999999999999829e+01,5.000000000000002220e-01,1.110223024625156540e-16
5.059000000000000341e+01,5.000000000000002220e-01,1.110223024625156540e-16
5.060000000000000142e+01,5.000000000000002220e-01,1.110223024625156540e-16
5.060999999999999943e+01,5.000000000000002220e-01,1.110223024625156540e-16
5.062000000000000455e+01,5.000000000000002220e-01,1.110223024625156540e-16
5.063000000000000256e+01,5.000000000000002220e-01,1.110223024625156540e-16
5.064000000000000057e+01,5.000000000000002220e-01,1.110223024625156540e-16
5.064999999999999858e+01,5.000000000000002220e-01,1.110223024625156540e-16
5.066000000000000369e+01,5.000000000000002220e-01,1.110223024625156540e-16
5.067000000000000171e+01,5.000000000000002220e-01,1.110223024625156540e-16
5.067999999999999972e+01,5.000000000000002220e-01,1.110223024625156540e-16
5.068999999999999773e+01,5.000000000000002220e-01,1.110223024625156540e-16
5.070000000000000284e+01,5.000000000000002220e-01,1.110223024625156540e-16
5.071000000000000085e+01,5.000000000000002220e-01,1.110223024625156540e-16
5.071999999999999886e+01,5.000000000000002220e-01,1.110223024625156540e-16
5.073000000000000398e+01,5.000000000000002220e-01,1.110223024625156540e-16
5.074000000000000199e+01,5.000000000000002220e-01,1.110223024625156540e-16
5.075000000000000000e+01,5.000000000000002220e-01,1.110223024625156540e-16
5.075999999999999801e+01,5.000000000000002220e-01,1.110223024625156540e-16
5.077000000000000313e+01,5.000000000000002220e-01,1.110223024625156540e-16
5.078000000000000114e+01,5.000000000000002220e-01,1.110223024625156540e-16
5.078999999999999915e+01,5.000000000000002220e-01,1.110223024625156540e-16
5.080000000000000426e+01,5.000000000000002220e-01,1.110223024625156540e-16
5.081000000000000227e+01,5.000000000000002220e-01,1.110223024625156540e-16
5.082000000000000028e+01,5.000000000000002220e-01,1.110223024625156540e-16
5.082999999999999829e+01,5.000000000000002220e-01,1.110223024625156540e-16
5.084000000000000341e+01,5.000000000000002220e-01,1.110223024625156540e-16
5.085000000000000142e+01,5.000000000000002220e-01,1.110223024625156540e-16
5.085999999999999943e+01,5.000000000000002220e-01,1.110223024625156540e-16
5.087000000000000455e+01,5.000000000000002220e-01,1.110223024625156540e-16
5.088000000000000256e+01,5.000000000000002220e-01,1.110223024625156540e-16
5.089000000000000057e+01,5.000000000000002220e-01,1.110223024625156540e-16
5.089999999999999858e+01,5.000000000000002220e-01,1.110223024625156540e-16
5.091000000000000369e+01,5.000000000000002220e-01,1.110223024625156540e-16
5.092000000000000171e+01,5.000000000000002220e-01,1.110223024625156540e-16
5.092999999999999972e+01,5.000000000000002220e-01,1.110223024625156540e-16
5.093999999999999773e+01,5.000000000000002220e-01,1.110223024625156540e-16
5.095000000000000284e+01,5.000000000000002220e-01,1.110223024625156540e-16
5.096000000000000085e+01,5.000000000000002220e-01,1.110223024625156540e-16
5.096999999999999886e+01,5.000000000000002220e-01,1.110223024625156540e-16
5.098000000000000398e+01,5.000000000000002220e-01,1.110223024625156540e-16
5.099000000000000199e+01,5.000000000000002220e-01,1.110223024625156540e-16
5.100000000000000000e+01,5.000000000000002220e-01,1.110223024625156540e-16
5.100999999999999801e+01,5.000000000000002220e-01,1.110223024625156540e-16
5.102000000000000313e+01,5.000000000000002220e-01,1.110223024625156540e-16
5.103000000000000114e+01,5.000000000000002220e-01,1.110223024625156540e-16
5.103999999999999915e+01,5.000000000000002220e-01,1.110223024625156540e-16
5.105000000000000426e+01,5.000000000000002220e-01,1.110223024625156540e-16
5.106000000000000227e+01,5.000000000000002220e-01,1.110223024625156540e-16
5.107000000000000028e+01,5.000000000000002220e-01,1.110223024625156540e-16
5.107999999999999829e+01,5.000000000000002220e-01,1.110223024625156540e-16
5.109000000000000341e+01,5.000000000000002220e-01,1.110223024625156540e-16
5.110000000000000142e+01,5.000000000000002220e-01,1.110223024625156540e-16
5.110999999999999943e+01,5.000000000000002220e-01,1.110223024625156540e-16
5.112000000000000455e+01,5.000000000000002220e-01,1.110223024625156540e-16
5.113000000000000256e+01,5.000000000000002220e-01,1.110223024625156540e-16
5.114000000000000057e+01,5.000000000000002220e-01,1.110223024625156540e-16
5.114999999999999858e+01,5.000000000000002220e-01,1.110223024625156540e-16
5.116000000000000369e+01,5.000000000000002220e-01,1.110223024625156540e-16
5.117000000000000171e+01,5.000000000000002220e-01,1.110223024625156540e-16
5.117999999999999972e+01,5.000000000000002220e-01,1.110223024625156540e-16
5.118999999999999773e+01,5.000000000000002220e-01,1.110223024625156540e-16
5.120000000000000284e+01,5.000000000000002220e-01,1.110223024625156540e-16
5.121000000000000085e+01,5.000000000000002220e-01,1.110223024625156540e-16
5.121999999999999886e+01,5.000000000000002220e-01,1.110223024625156540e-16
5.123000000000000398e+01,5.000000000000002220e-01,1.110223024625156540e-16
5.124000000000000199e+01,5.000000000000002220e-01,1.110550718087772207e-12
5.125000000000000000e+01,5.000000000000001110e-01,-1.109950884591071589e-12
5.125999999999999801e+01,5.000000000000001110e-01,5.551115123125782702e-17
5.127000000000000313e+01,5.000000000000001110e-01,5.551115123125782702e-17
5.128000000000000114e+01,5.000000000000001110e-01,5.551115123125782702e-17
5.128999999999999915e+01,5.000000000000001110e-01,5.551115123125782702e-17
5.130000000000000426e+01,5.000000000000001110e-01,5.551115123125782702e-17
5.131000000000000227e+01,5.000000000000001110e-01,5.551115123125782702e-17
5.132000000000000028e+01,5.000000000000001110e-01,5.551115123125782702e-17
5.132999999999999829e+01,5.000000000000001110e-01,5.551115123125782702e-17
5.134000000000000341e+01,5.000000000000001110e-01,5.551115123125782702e-17
5.135000000000000142e+01,5.000000000000001110e-01,5.551115123125782702e-17
5.135999999999999943e+01,5.000000000000001110e-01,5.551115123125782702e-17
5.137000000000000455e+01,5.000000000000001110e-01,5.551115123125782702e-17
5.138000000000000256e+01,5.000000000000001110e-01,5.551115123125782702e-17
5.139000000000000057e+01,5.000000000000001110e-01,5.551115123125782702e-17
5.139999999999999858e+01,5.000000000000001110e-01,5.551115123125782702e-17
5.141000000000000369e+01,5.000000000000001110e-01,5.551115123125782702e-17
5.142000000000000171e+01,5.000000000000001110e-01,5.551115123125782702e-17
5.142999999999999972e+01,5.000000000000001110e-01,5.551115123125782702e-17
5.143999999999999773e+01,5.000000000000001110e-01,5.551115123125782702e-17
5.145000000000000284e+01,5.000000000000001110e-01,5.551115123125782702e-17
5.146000000000000085e+01,5.000000000000001110e-01,5.551115123125782702e-17
5.146999999999999886e+01,5.000000000000001110e-01,5.551115123125782702e-17
5.148000000000000398e+01,5.000000000000001110e-01,5.551115123125782702e-17
5.149000000000000199e+01,5.000000000000001110e-01,5.551115123125782702e-17
5.150000000000000000e+01,5.000000000000001110e-01,5.551115123125782702e-17
5.150999999999999801e+01,5.000000000000001110e-01,5.551115123125782702e-17
5.152000000000000313e+01,5.000000000000001110e-01,5.551115123125782702e-17
5.153000000000000114e+01,5.000000000000001110e-01,5.551115123125782702e-17
5.153999999999999915e+01,5.000000000000001110e-01,5.551115123125782702e-17
5.155000000000000426e+01,5.000000000000001110e-01,5.551115123125782702e-17
5.156000000000000227e+01,5.000000000000001110e-01,5.551115123125782702e-17
5.157000000000000028e+01,5.000000000000001110e-01,5.551115123125782702e-17
5.157999999999999829e+01,5.000000000000001110e-01,5.551115123125782702e-17
5.159000000000000341e+01,5.000000000000001110e-01,5.551115123125782702e-17
5.160000000000000142e+01,5.000000000000001110e-01,5.551115123125782702e-17
5.160999999999999943e+01,5.000000000000001110e-01,5.551115123125782702e-17
5.162000000000000455e+01,5.000000000000001110e-01,5.551115123125782702e-17
5.163000000000000256e+01,5.000000000000001110e-01,5.551115123125782702e-17
5.164000000000000057e+01,5.000000000000001110e-01,5.551115123125782702e-17
5.164999999999999858e+01,5.000000000000001110e-01,5.551115123125782702e-17
5.166000000000000369e+01,5.000000000000001110e-01,5.551115123125782702e-17
5.167000000000000171e+01,5.000000000000001110e-01,5.551115123125782702e-17
5.167999999999999972e+01,5.000000000000001110e-01,5.551115123125782702e-17
5.168999999999999773e+01,5.000000000000001110e-01,5.551115123125782702e-17
5.170000000000000284e+01,5.000000000000001110e-01,5.551115123125782702e-17
5.171000000000000085e+01,5.000000000000001110e-01,5.551115123125782702e-17
5.171999999999999886e+01,5.000000000000001110e-01,5.551115123125782702e-17
5.173000000000000398e+01,5.000000000000001110e-01,5.551115123125782702e-17
5.174000000000000199e+01,5.000000000000001110e-01,5.551115123125782702e-17
5.175000000000000000e+01,5.000000000000001110e-01,5.551115123125782702e-17
5.175999999999999801e+01,5.000000000000001110e-01,5.551115123125782702e-17
5.177000000000000313e+01,5.000000000000001110e-01,5.551115123125782702e-17
5.178000000000000114e+01,5.000000000000001110e-01,5.551115123125782702e-17
5.178999999999999915e+01,5.000000000000001110e-01,5.551115123125782702e-17
5.180000000000000426e+01,5.000000000000001110e-01,5.551115123125782702e-17
5.181000000000000227e+01,5.000000000000001110e-01,5.551115123125782702e-17
5.182000000000000028e+01,5.000000000000001110e-01,5.551115123125782702e-17
5.182999999999999829e+01,5.000000000000001110e-01,5.551115123125782702e-17
5.184000000000000341e+01,5.000000000000001110e-01,5.551115123125782702e-17
5.185000000000000142e+01,5.000000000000001110e-01,5.551115123125782702e-17
5.185999999999999943e+01,5.000000000000001110e-01,5.551115123125782702e-17
5.187000000000000455e+01,5.000000000000001110e-01,5.551115123125782702e-17
5.188000000000000256e+01,5.000000000000001110e-01,5.551115123125782702e-17
5.189000000000000057e+01,5.000000000000001110e-01,5.551115123125782702e-17
5.189999999999999858e+01,5.000000000000001110e-01,5.551115123125782702e-17
5.191000000000000369e+01,5.000000000000001110e-01,5.551115123125782702e-17
5.192000000000000171e+01,5.000000000000001110e-01,5.551115123125782702e-17
5.192999999999999972e+01,5.000000000000001110e-01,5.551115123125782702e-17
5.193999999999999773e+01,5.000000000000001110e-01,5.551115123125782702e-17
5.195000000000000284e+01,5.000000000000001110e-01,5.551115123125782702e-17
5.196000000000000085e+01,5.000000000000001110e-01,5.551115123125782702e-17
5.196999999999999886e+01,5.000000000000001110e-01,5.551115123125782702e-17
5.198000000000000398e+01,5.000000000000001110e-01,5.551115123125782702e-17
5.199000000000000199e+01,5.000000000000001110e-01,5.551115123125782702e-17
5.200000000000000000e+01,5.000000000000001110e-01,5.551115123125782702e-17
5.200999999999999801e+01,5.000000000000001110e-01,5.551115123125782702e-17
5.202000000000000313e+01,5.000000000000001110e-01,5.551115123125782702e-17
5.203000000000000114e+01,5.000000000000001110e-01,5.551115123125782702e-17
5.203999999999999915e+01,5.000000000000001110e-01,5.551115123125782702e-17
5.205000000000000426e+01,5.000000000000001110e-01,5.551115123125782702e-17
5.206000000000000227e+01,5.000000000000001110e-01,5.551115123125782702e-17
5.207000000000000028e+01,5.000000000000001110e-01,5.551115123125782702e-17
5.207999999999999829e+01,5.000000000000001110e-01,5.551115123125782702e-17
5.209000000000000341e+01,5.000000000000001110e-01,5.551115123125782702e-17
5.210000000000000142e+01,5.000000000000001110e-01,5.551115123125782702e-17
5.210999999999999943e+01,5.000000000000001110e-01,5.551115123125782702e-17
5.212000000000000455e+01,5.000000000000001110e-01,5.551115123125782702e-17
5.213000000000000256e+01,5.000000000000001110e-01,5.551115123125782702e-17
5.214000000000000057e+01,5.000000000000001110e-01,5.551115123125782702e-17
5.214999999999999858e+01,5.000000000000001110e-01,5.551115123125782702e-17
5.216000000000000369e+01,5.000000000000001110e-01,5.551115123125782702e-17
5.217000000000000171e+01,5.000000000000001110e-01,5.551115123125782702e-17
5.217999999999999972e+01,5.000000000000001110e-01,5.551115123125782702e-17
5.218999999999999773e+01,5.000000000000001110e-01,5.551115123125782702e-17
5.220000000000000284e+01,5.000000000000001110e-01,5.551115123125782702e-17
5.221000000000000085e+01,5.000000000000001110e-01,5.551115123125782702e-17
5.221999999999999886e+01,5.000000000000001110e-01,5.551115123125782702e-17
5.223000000000000398e+01,5.000000000000001110e-01,5.551115123125782702e-17
5.224000000000000199e+01,5.000000000000001110e-01,5.551115123125782702e-17
5.225000000000000000e+01,5.000000000000001110e-01,5.551115123125782702e-17
5.225999999999999801e+01,5.000000000000001110e-01,5.551115123125782702e-17
5.227000000000000313e+01,5.000000000000001110e-01,5.551115123125782702e-17
5.228000000000000114e+01,5.000000000000001110e-01,5.551115123125782702e-17
5.228999999999999915e+01,5.000000000000001110e-01,5.551115123125782702e-17
5.230000000000000426e+01,5.000000000000001110e-01,5.551115123125782702e-17
5.231000000000000227e+01,5.000000000000001110e-01,5.551115123125782702e-17
5.232000000000000028e+01,5.000000000000001110e-01,5.551115123125782702e-17
5.232999999999999829e+01,5.000000000000001110e-01,5.551115123125782702e-17
5.234000000000000341e+01,5.000000000000001110e-01,5.551115123125782702e-17
5.235000000000000142e+01,5.000000000000001110e-01,5.551115123125782702e-17
5.235999999999999943e+01,5.000000000000001110e-01,5.551115123125782702e-17
5.237000000000000455e+01,5.000000000000001110e-01,5.551115123125782702e-17
5.238000000000000256e+01,5.000000000000001110e-01,5.551115123125782702e-17
5.239000000000000057e+01,5.000000000000001110e-01,5.551115123125782702e-17
5.239999999999999858e+01,5.000000000000001110e-01,5.551115123125782702e-17
5.241000000000000369e+01,5.000000000000001110e-01,5.551115123125782702e-17
5.242000000000000171e+01,5.000000000000001110e-01,5.551115123125782702e-17
5.242999999999999972e+01,5.000000000000001110e-01,5.551115123125782702e-17
5.243999999999999773e+01,5.000000000000001110e-01,5.551115123125782702e-17
5.245000000000000284e+01,5.000000000000001110e-01,5.551115123125782702e-17
5.246000000000000085e+01,5.000000000000001110e-01,5.551115123125782702e-17
5.246999999999999886e+01,5.000000000000001110e-01,5.551115123125782702e-17
5.248000000000000398e+01,5.000000000000001110e-01,5.551115123125782702e-17
5.249000000000000199e+01,5.000000000000001110e-01,5.551115123125782702e-17
5.250000000000000000e+01,5.000000000000001110e-01,5.551115123125782702e-17
5.250999999999999801e+01,5.000000000000001110e-01,5.551115123125782702e-17
5.252000000000000313e+01,5.000000000000001110e-01,5.551115123125782702e-17
5.253000000000000114e+01,5.000000000000001110e-01,5.551115123125782702e-17
5.253999999999999915e+01,5.000000000000001110e-01,5.551115123125782702e-17
5.255000000000000426e+01,5.000000000000001110e-01,5.551115123125782702e-17
5.256000000000000227e+01,5.000000000000001110e-01,5.551115123125782702e-17
5.257000000000000028e+01,5.000000000000001110e-01,5.551115123125782702e-17
5.257999999999999829e+01,5.000000000000001110e-01,5.551115123125782702e-17
5.259000000000000341e+01,5.000000000000001110e-01,5.551115123125782702e-17
5.260000000000000142e+01,5.000000000000001110e-01,5.551115123125782702e-17
5.260999999999999943e+01,5.000000000000001110e-01,5.551115123125782702e-17
5.262000000000000455e+01,5.000000000000001110e-01,5.551115123125782702e-17
5.263000000000000256e+01,5.000000000000001110e-01,5.551115123125782702e-17
5.264000000000000057e+01,5.000000000000001110e-01,5.551115123125782702e-17
5.264999999999999858e+01,5.000000000000001110e-01,5.551115123125782702e-17
5.266000000000000369e+01,5.000000000000001110e-01,5.551115123125782702e-17
5.267000000000000171e+01,5.000000000000001110e-01,5.551115123125782702e-17
5.267999999999999972e+01,5.000000000000001110e-01,5.551115123125782702e-17
5.268999999999999773e+01,5.000000000000001110e-01,5.551115123125782702e-17
5.270000000000000284e+01,5.000000000000001110e-01,5.551115123125782702e-17
5.271000000000000085e+01,5.000000000000001110e-01,5.551115123125782702e-17
5.271999999999999886e+01,5.000000000000001110e-01,5.551115123125782702e-17
5.273000000000000398e+01,5.000000000000001110e-01,5.551115123125782702e-17
5.274000000000000199e+01,5.000000000000001110e-01,5.551115123125782702e-17
5.275000000000000000e+01,5.000000000000001110e-01,5.551115123125782702e-17
5.275999999999999801e+01,5.000000000000001110e-01,1.110488964704482027e-12
5.277000000000000313e+01,5.000000000000000000e-01,-1.110012635573683096e-12
5.278000000000000114e+01,5.000000000000000000e-01,0.000000000000000000e+00
5.278999999999999915e+01,5.000000000000000000e-01,0.000000000000000000e+00
5.280000000000000426e+01,5.000000000000000000e-01,0.000000000000000000e+00
5.281000000000000227e+01,5.000000000000000000e-01,0.000000000000000000e+00
5.282000000000000028e+01,5.000000000000000000e-01,0.000000000000000000e+00
5.282999999999999829e+01,5.000000000000000000e-01,0.000000000000000000e+00
5.284000000000000341e+01,5.000000000000000000e-01,0.000000000000000000e+00
5.285000000000000142e+01,5.000000000000000000e-01,0.000000000000000000e+00
5.285999999999999943e+01,5.000000000000000000e-01,0.000000000000000000e+00
5.287000000000000455e+01,5.000000000000000000e-01,0.000000000000000000e+00
5.288000000000000256e+01,5.000000000000000000e-01,0.000000000000000000e+00
5.289000000000000057e+01,5.000000000000000000e-01,0.000000000000000000e+00
5.289999999999999858e+01,5.000000000000000000e-01,0.000000000000000000e+00
5.291000000000000369e+01,5.000000000000000000e-01,0.000000000000000000e+00
5.292000000000000171e+01,5.000000000000000000e-01,0.000000000000000000e+00
5.292999999999999972e+01,5.000000000000000000e-01,0.000000000000000000e+00
5.293999999999999773e+01,5.000000000000000000e-01,0.000000000000000000e+00
5.295000000000000284e+01,5.000000000000000000e-01,0.000000000000000000e+00
5.296000000000000085e+01,5.000000000000000000e-01,0.000000000000000000e+00
5.296999999999999886e+01,5.000000000000000000e-01,0.000000000000000000e+00
5.298000000000000398e+01,5.000000000000000000e-01,0.000000000000000000e+00
5.299000000000000199e+01,5.000000000000000000e-01,0.000000000000000000e+00
5.300000000000000000e+01,5.000000000000000000e-01,0.000000000000000000e+00
5.300999999999999801e+01,5.000000000000000000e-01,0.000000000000000000e+00
5.302000000000000313e+01,5.000000000000000000e-01,0.000000000000000000e+00
5.303000000000000114e+01,5.000000000000000000e-01,0.000000000000000000e+00
5.303999999999999915e+01,5.000000000000000000e-01,0.000000000000000000e+00
5.305000000000000426e+01,5.000000000000000000e-01,0.000000000000000000e+00
5.306000000000000227e+01,5.000000000000000000e-01,0.000000000000000000e+00
5.307000000000000028e+01,5.000000000000000000e-01,0.000000000000000000e+00
5.307999999999999829e+01,5.000000000000000000e-01,0.000000000000000000e+00
5.309000000000000341e+01,5.000000000000000000e-01,0.000000000000000000e+00
5.310000000000000142e+01,5.000000000000000000e-01,0.000000000000000000e+00
5.310999999999999943e+01,5.000000000000000000e-01,0.000000000000000000e+00
5.312000000000000455e+01,5.000000000000000000e-01,0.000000000000000000e+00
5.313000000000000256e+01,5.000000000000000000e-01,0.000000000000000000e+00
5.314000000000000057e+01,5.000000000000000000e-01,0.000000000000000000e+00
5.314999999999999858e+01,5.000000000000000000e-01,0.000000000000000000e+00
5.316000000000000369e+01,5.000000000000000000e-01,0.000000000000000000e+00
5.317000000000000171e+01,5.000000000000000000e-01,0.000000000000000000e+00
5.317999999999999972e+01,5.000000000000000000e-01,0.000000000000000000e+00
5.318999999999999773e+01,5.000000000000000000e-01,0.000000000000000000e+00
5.320000000000000284e+01,5.000000000000000000e-01,0.000000000000000000e+00
5.321000000000000085e+01,5.000000000000000000e-01,0.000000000000000000e+00
5.321999999999999886e+01,5.000000000000000000e-01,0.000000000000000000e+00
5.323000000000000398e+01,5.000000000000000000e-01,0.000000000000000000e+00
5.324000000000000199e+01,5.000000000000000000e-01,0.000000000000000000e+00
5.325000000000000000e+01,5.000000000000000000e-01,0.000000000000000000e+00
5.325999999999999801e+01,5.000000000000000000e-01,0.000000000000000000e+00
5.327000000000000313e+01,5.000000000000000000e-01,0.000000000000000000e+00
5.328000000000000114e+01,5.000000000000000000e-01,0.000000000000000000e+00
5.328999999999999915e+01,5.000000000000000000e-01,0.000000000000000000e+00
5.330000000000000426e+01,5.000000000000000000e-01,0.000000000000000000e+00
5.331000000000000227e+01,5.000000000000000000e-01,0.000000000000000000e+00
5.332000000000000028e+01,5.000000000000000000e-01,0.000000000000000000e+00
5.332999999999999829e+01,5.000000000000000000e-01,0.000000000000000000e+00
5.334000000000000341e+01,5.000000000000000000e-01,0.000000000000000000e+00
5.335000000000000142e+01,5.000000000000000000e-01,0.000000000000000000e+00
5.335999999999999943e+01,5.000000000000000000e-01,0.000000000000000000e+00
5.337000000000000455e+01,5.000000000000000000e-01,0.000000000000000000e+00
5.338000000000000256e+01,5.000000000000000000e-01,0.000000000000000000e+00
5.339000000000000057e+01,5.000000000000000000e-01,0.000000000000000000e+00
5.339999999999999858e+01,5.000000000000000000e-01,0.000000000000000000e+00
5.341000000000000369e+01,5.000000000000000000e-01,0.000000000000000000e+00
5.342000000000000171e+01,5.000000000000000000e-01,0.000000000000000000e+00
5.342999999999999972e+01,5.000000000000000000e-01,0.000000000000000000e+00
5.343999999999999773e+01,5.000000000000000000e-01,0.000000000000000000e+00
5.345000000000000284e+01,5.000000000000000000e-01,0.000000000000000000e+00
5.346000000000000085e+01,5.000000000000000000e-01,0.000000000000000000e+00
5.346999999999999886e+01,5.000000000000000000e-01,0.000000000000000000e+00
5.348000000000000398e+01,5.000000000000000000e-01,0.000000000000000000e+00
5.349000000000000199e+01,5.000000000000000000e-01,0.000000000000000000e+00
5.350000000000000000e+01,5.000000000000000000e-01,0.000000000000000000e+00
5.350999999999999801e+01,5.000000000000000000e-01,0.000000000000000000e+00
5.352000000000000313e+01,5.000000000000000000e-01,0.000000000000000000e+00
5.353000000000000114e+01,5.000000000000000000e-01,0.000000000000000000e+00
5.353999999999999915e+01,5.000000000000000000e-01,0.000000000000000000e+00
5.355000000000000426e+01,5.000000000000000000e-01,0.000000000000000000e+00
5.356000000000000227e+01,5.000000000000000000e-01,0.000000000000000000e+00
5.357000000000000028e+01,5.000000000000000000e-01,0.000000000000000000e+00
5.357999999999999829e+01,5.000000000000000000e-01,0.000000000000000000e+00
5.359000000000000341e+01,5.000000000000000000e-01,0.000000000000000000e+00
5.360000000000000142e+01,5.000000000000000000e-01,0.000000000000000000e+00
5.360999999999999943e+01,5.000000000000000000e-01,0.000000000000000000e+00
5.362000000000000455e+01,5.000000000000000000e-01,0.000000000000000000e+00
5.363000000000000256e+01,5.000000000000000000e-01,0.000000000000000000e+00
5.364000000000000057e+01,5.000000000000000000e-01,0.000000000000000000e+00
5.364999999999999858e+01,5.000000000000000000e-01,0.000000000000000000e+00
5.366000000000000369e+01,5.000000000000000000e-01,0.000000000000000000e+00
5.367000000000000171e+01,5.000000000000000000e-01,0.000000000000000000e+00
5.367999999999999972e+01,5.000000000000000000e-01,0.000000000000000000e+00
5.368999999999999773e+01,5.000000000000000000e-01,0.000000000000000000e+00
5.370000000000000284e+01,5.000000000000000000e-01,0.000000000000000000e+00
5.371000000000000085e+01,5.000000000000000000e-01,0.000000000000000000e+00
5.371999999999999886e+01,5.000000000000000000e-01,0.000000000000000000e+00
5.373000000000000398e+01,5.000000000000000000e-01,0.000000000000000000e+00
5.374000000000000199e+01,5.000000000000000000e-01,0.000000000000000000e+00
5.375000000000000000e+01,5.000000000000000000e-01,0.000000000000000000e+00
5.375999999999999801e+01,5.000000000000000000e-01,0.000000000000000000e+00
5.377000000000000313e+01,5.000000000000000000e-01,0.000000000000000000e+00
5.378000000000000114e+01,5.000000000000000000e-01,0.000000000000000000e+00
5.378999999999999915e+01,5.000000000000000000e-01,0.000000000000000000e+00
5.380000000000000426e+01,5.000000000000000000e-01,0.000000000000000000e+00
5.381000000000000227e+01,5.000000000000000000e-01,0.000000000000000000e+00
5.382000000000000028e+01,5.000000000000000000e-01,0.000000000000000000e+00
5.382999999999999829e+01,5.000000000000000000e-01,0.000000000000000000e+00
5.384000000000000341e+01,5.000000000000000000e-01,0.000000000000000000e+00
5.385000000000000142e+01,5.000000000000000000e-01,0.000000000000000000e+00
5.385999999999999943e+01,5.000000000000000000e-01,0.000000000000000000e+00
5.387000000000000455e+01,5.000000000000000000e-01,0.000000000000000000e+00
5.388000000000000256e+01,5.000000000000000000e-01,0.000000000000000000e+00
5.389000000000000057e+01,5.000000000000000000e-01,0.000000000000000000e+00
5.389999999999999858e+01,5.000000000000000000e-01,0.000000000000000000e+00
5.391000000000000369e+01,5.000000000000000000e-01,0.000000000000000000e+00
5.392000000000000171e+01,5.000000000000000000e-01,0.000000000000000000e+00
5.392999999999999972e+01,5.000000000000000000e-01,0.000000000000000000e+00
5.393999999999999773e+01,5.000000000000000000e-01,0.000000000000000000e+00
5.395000000000000284e+01,5.000000000000000000e-01,0.000000000000000000e+00
5.396000000000000085e+01,5.000000000000000000e-01,0.000000000000000000e+00
5.396999999999999886e+01,5.000000000000000000e-01,0.000000000000000000e+00
5.398000000000000398e+01,5.000000000000000000e-01,0.000000000000000000e+00
5.399000000000000199e+01,5.000000000000000000e-01,0.000000000000000000e+00
5.400000000000000000e+01,5.000000000000000000e-01,0.000000000000000000e+00
5.400999999999999801e+01,5.000000000000000000e-01,0.000000000000000000e+00
5.402000000000000313e+01,5.000000000000000000e-01,0.000000000000000000e+00
5.403000000000000114e+01,5.000000000000000000e-01,0.000000000000000000e+00
5.403999999999999915e+01,5.000000000000000000e-01,0.000000000000000000e+00
5.405000000000000426e+01,5.000000000000000000e-01,0.000000000000000000e+00
5.406000000000000227e+01,5.000000000000000000e-01,0.000000000000000000e+00
5.407000000000000028e+01,5.000000000000000000e-01,0.000000000000000000e+00
5.407999999999999829e+01,5.000000000000000000e-01,0.000000000000000000e+00
5.409000000000000341e+01,5.000000000000000000e-01,0.000000000000000000e+00
5.410000000000000142e+01,5.000000000000000000e-01,0.000000000000000000e+00
5.410999999999999943e+01,5.000000000000000000e-01,0.000000000000000000e+00
5.412000000000000455e+01,5.000000000000000000e-01,0.000000000000000000e+00
5.413000000000000256e+01,5.000000000000000000e-01,0.000000000000000000e+00
5.414000000000000057e+01,5.000000000000000000e-01,0.000000000000000000e+00
5.414999999999999858e+01,5.000000000000000000e-01,0.000000000000000000e+00
5.416000000000000369e+01,5.000000000000000000e-01,0.000000000000000000e+00
5.417000000000000171e+01,5.000000000000000000e-01,0.000000000000000000e+00
5.417999999999999972e+01,5.000000000000000000e-01,0.000000000000000000e+00
5.418999999999999773e+01,5.000000000000000000e-01,0.000000000000000000e+00
5.420000000000000284e+01,5.000000000000000000e-01,0.000000000000000000e+00
5.421000000000000085e+01,5.000000000000000000e-01,0.000000000000000000e+00
5.421999999999999886e+01,5.000000000000000000e-01,0.000000000000000000e+00
5.423000000000000398e+01,5.000000000000000000e-01,0.000000000000000000e+00
5.424000000000000199e+01,5.000000000000000000e-01,0.000000000000000000e+00
5.425000000000000000e+01,5.000000000000000000e-01,0.000000000000000000e+00
5.425999999999999801e+01,5.000000000000000000e-01,0.000000000000000000e+00
5.427000000000000313e+01,5.000000000000000000e-01,0.000000000000000000e+00
5.428000000000000114e+01,5.000000000000000000e-01,0.000000000000000000e+00
5.428999999999999915e+01,5.000000000000000000e-01,0.000000000000000000e+00
5.430000000000000426e+01,5.000000000000000000e-01,0.000000000000000000e+00
5.431000000000000227e+01,5.000000000000000000e-01,0.000000000000000000e+00
5.432000000000000028e+01,5.000000000000000000e-01,0.000000000000000000e+00
5.432999999999999829e+01,5.000000000000000000e-01,0.000000000000000000e+00
5.434000000000000341e+01,5.000000000000000000e-01,0.000000000000000000e+00
5.435000000000000142e+01,5.000000000000000000e-01,0.000000000000000000e+00
5.435999999999999943e+01,5.000000000000000000e-01,0.000000000000000000e+00
5.437000000000000455e+01,5.000000000000000000e-01,0.000000000000000000e+00
5.438000000000000256e+01,5.000000000000000000e-01,0.000000000000000000e+00
5.439000000000000057e+01,5.000000000000000000e-01,0.000000000000000000e+00
5.439999999999999858e+01,5.000000000000000000e-01,0.000000000000000000e+00
5.441000000000000369e+01,5.000000000000000000e-01,0.000000000000000000e+00
5.442000000000000171e+01,5.000000000000000000e-01,0.000000000000000000e+00
5.442999999999999972e+01,5.000000000000000000e-01,0.000000000000000000e+00
5.443999999999999773e+01,5.000000000000000000e-01,0.000000000000000000e+00
5.445000000000000284e+01,5.000000000000000000e-01,0.000000000000000000e+00
5.446000000000000085e+01,5.000000000000000000e-01,0.000000000000000000e+00
5.446999999999999886e+01,5.000000000000000000e-01,0.000000000000000000e+00
5.448000000000000398e+01,5.000000000000000000e-01,0.000000000000000000e+00
5.449000000000000199e+01,5.000000000000000000e-01,0.000000000000000000e+00
5.450000000000000000e+01,5.000000000000000000e-01,0.000000000000000000e+00
5.450999999999999801e+01,5.000000000000000000e-01,0.000000000000000000e+00
5.452000000000000313e+01,5.000000000000000000e-01,0.000000000000000000e+00
5.453000000000000114e+01,5.000000000000000000e-01,0.000000000000000000e+00
5.453999999999999915e+01,5.000000000000000000e-01,0.000000000000000000e+00
5.455000000000000426e+01,5.000000000000000000e-01,0.000000000000000000e+00
5.456000000000000227e+01,5.000000000000000000e-01,0.000000000000000000e+00
5.457000000000000028e+01,5.000000000000000000e-01,0.000000000000000000e+00
5.457999999999999829e+01,5.000000000000000000e-01,0.000000000000000000e+00
5.459000000000000341e+01,5.000000000000000000e-01,0.000000000000000000e+00
5.460000000000000142e+01,5.000000000000000000e-01,0.000000000000000000e+00
5.460999999999999943e+01,5.000000000000000000e-01,0.000000000000000000e+00
5.462000000000000455e+01,5.000000000000000000e-01,0.000000000000000000e+00
5.463000000000000256e+01,5.000000000000000000e-01,0.000000000000000000e+00
5.464000000000000057e+01,5.000000000000000000e-01,0.000000000000000000e+00
5.464999999999999858e+01,5.000000000000000000e-01,0.000000000000000000e+00
5.466000000000000369e+01,5.000000000000000000e-01,0.000000000000000000e+00
5.467000000000000171e+01,5.000000000000000000e-01,0.000000000000000000e+00
5.467999999999999972e+01,5.000000000000000000e-01,0.000000000000000000e+00
5.468999999999999773e+01,5.000000000000000000e-01,0.000000000000000000e+00
5.470000000000000284e+01,5.000000000000000000e-01,0.000000000000000000e+00
5.471000000000000085e+01,5.000000000000000000e-01,0.000000000000000000e+00
5.471999999999999886e+01,5.000000000000000000e-01,0.000000000000000000e+00
5.473000000000000398e+01,5.000000000000000000e-01,0.000000000000000000e+00
5.474000000000000199e+01,5.000000000000000000e-01,0.000000000000000000e+00
5.475000000000000000e+01,5.000000000000000000e-01,0.000000000000000000e+00
5.475999999999999801e+01,5.000000000000000000e-01,0.000000000000000000e+00
5.477000000000000313e+01,5.000000000000000000e-01,0.000000000000000000e+00
5.478000000000000114e+01,5.000000000000000000e-01,0.000000000000000000e+00
5.478999999999999915e+01,5.000000000000000000e-01,0.000000000000000000e+00
5.480000000000000426e+01,5.000000000000000000e-01,0.000000000000000000e+00
5.481000000000000227e+01,5.000000000000000000e-01,0.000000000000000000e+00
5.482000000000000028e+01,5.000000000000000000e-01,0.000000000000000000e+00
5.482999999999999829e+01,5.000000000000000000e-01,0.000000000000000000e+00
5.484000000000000341e+01,5.000000000000000000e-01,0.000000000000000000e+00
5.485000000000000142e+01,5.000000000000000000e-01,0.000000000000000000e+00
5.485999999999999943e+01,5.000000000000000000e-01,0.000000000000000000e+00
5.487000000000000455e+01,5.000000000000000000e-01,0.000000000000000000e+00
5.488000000000000256e+01,5.000000000000000000e-01,0.000000000000000000e+00
5.489000000000000057e+01,5.000000000000000000e-01,0.000000000000000000e+00
5.489999999999999858e+01,5.000000000000000000e-01,0.000000000000000000e+00
5.491000000000000369e+01,5.000000000000000000e-01,0.000000000000000000e+00
5.492000000000000171e+01,5.000000000000000000e-01,0.000000000000000000e+00
5.492999999999999972e+01,5.000000000000000000e-01,0.000000000000000000e+00
5.493999999999999773e+01,5.000000000000000000e-01,0.000000000000000000e+00
5.495000000000000284e+01,5.000000000000000000e-01,0.000000000000000000e+00
5.496000000000000085e+01,5.000000000000000000e-01,0.000000000000000000e+00
5.496999999999999886e+01,5.000000000000000000e-01,0.000000000000000000e+00
5.498000000000000398e+01,5.000000000000000000e-01,0.000000000000000000e+00
5.499000000000000199e+01,5.000000000000000000e-01,0.000000000000000000e+00
5.500000000000000000e+01,5.000000000000000000e-01,0.000000000000000000e+00
5.500999999999999801e+01,5.000000000000000000e-01,0.000000000000000000e+00
5.502000000000000313e+01,5.000000000000000000e-01,0.000000000000000000e+00
5.503000000000000114e+01,5.000000000000000000e-01,0.000000000000000000e+00
5.503999999999999915e+01,5.000000000000000000e-01,0.000000000000000000e+00
5.505000000000000426e+01,5.000000000000000000e-01,0.000000000000000000e+00
5.506000000000000227e+01,5.000000000000000000e-01,0.000000000000000000e+00
5.507000000000000028e+01,5.000000000000000000e-01,0.000000000000000000e+00
5.507999999999999829e+01,5.000000000000000000e-01,0.000000000000000000e+00
5.509000000000000341e+01,5.000000000000000000e-01,0.000000000000000000e+00
5.510000000000000142e+01,5.000000000000000000e-01,0.000000000000000000e+00
5.510999999999999943e+01,5.000000000000000000e-01,0.000000000000000000e+00
5.512000000000000455e+01,5.000000000000000000e-01,0.000000000000000000e+00
5.513000000000000256e+01,5.000000000000000000e-01,0.000000000000000000e+00
5.514000000000000057e+01,5.000000000000000000e-01,0.000000000000000000e+00
5.514999999999999858e+01,5.000000000000000000e-01,0.000000000000000000e+00
5.516000000000000369e+01,5.000000000000000000e-01,0.000000000000000000e+00
5.517000000000000171e+01,5.000000000000000000e-01,0.000000000000000000e+00
5.517999999999999972e+01,5.000000000000000000e-01,0.000000000000000000e+00
5.518999999999999773e+01,5.000000000000000000e-01,0.000000000000000000e+00
5.520000000000000284e+01,5.000000000000000000e-01,0.000000000000000000e+00
5.521000000000000085e+01,5.000000000000000000e-01,0.000000000000000000e+00
5.521999999999999886e+01,5.000000000000000000e-01,0.000000000000000000e+00
5.523000000000000398e+01,5.000000000000000000e-01,0.000000000000000000e+00
5.524000000000000199e+01,5.000000000000000000e-01,0.000000000000000000e+00
5.525000000000000000e+01,5.000000000000000000e-01,0.000000000000000000e+00
5.525999999999999801e+01,5.000000000000000000e-01,0.000000000000000000e+00
5.527000000000000313e+01,5.000000000000000000e-01,0.000000000000000000e+00
5.528000000000000114e+01,5.000000000000000000e-01,0.000000000000000000e+00
5.528999999999999915e+01,5.000000000000000000e-01,0.000000000000000000e+00
5.530000000000000426e+01,5.000000000000000000e-01,0.000000000000000000e+00
5.531000000000000227e+01,5.000000000000000000e-01,0.000000000000000000e+00
5.532000000000000028e+01,5.000000000000000000e-01,0.000000000000000000e+00
5.532999999999999829e+01,5.000000000000000000e-01,0.000000000000000000e+00
5.534000000000000341e+01,5.000000000000000000e-01,0.000000000000000000e+00
5.535000000000000142e+01,5.000000000000000000e-01,0.000000000000000000e+00
5.535999999999999943e+01,5.000000000000000000e-01,0.000000000000000000e+00
5.537000000000000455e+01,5.000000000000000000e-01,0.000000000000000000e+00
5.538000000000000256e+01,5.000000000000000000e-01,0.000000000000000000e+00
5.539000000000000057e+01,5.000000000000000000e-01,0.000000000000000000e+00
5.539999999999999858e+01,5.000000000000000000e-01,0.000000000000000000e+00
5.541000000000000369e+01,5.000000000000000000e-01,0.000000000000000000e+00
5.542000000000000171e+01,5.000000000000000000e-01,0.000000000000000000e+00
5.542999999999999972e+01,5.000000000000000000e-01,0.000000000000000000e+00
5.543999999999999773e+01,5.000000000000000000e-01,0.000000000000000000e+00
5.545000000000000284e+01,5.000000000000000000e-01,0.000000000000000000e+00
5.546000000000000085e+01,5.000000000000000000e-01,0.000000000000000000e+00
5.546999999999999886e+01,5.000000000000000000e-01,0.000000000000000000e+00
5.548000000000000398e+01,5.000000000000000000e-01,0.000000000000000000e+00
5.549000000000000199e+01,5.000000000000000000e-01,0.000000000000000000e+00
5.550000000000000000e+01,5.000000000000000000e-01,0.000000000000000000e+00
5.550999999999999801e+01,5.000000000000000000e-01,0.000000000000000000e+00
5.552000000000000313e+01,5.000000000000000000e-01,0.000000000000000000e+00
5.553000000000000114e+01,5.000000000000000000e-01,0.000000000000000000e+00
5.553999999999999915e+01,5.000000000000000000e-01,0.000000000000000000e+00
5.555000000000000426e+01,5.000000000000000000e-01,0.000000000000000000e+00
5.556000000000000227e+01,5.000000000000000000e-01,0.000000000000000000e+00
5.557000000000000028e+01,5.000000000000000000e-01,0.000000000000000000e+00
5.557999999999999829e+01,5.000000000000000000e-01,0.000000000000000000e+00
5.559000000000000341e+01,5.000000000000000000e-01,0.000000000000000000e+00
5.560000000000000142e+01,5.000000000000000000e-01,0.000000000000000000e+00
5.560999999999999943e+01,5.000000000000000000e-01,0.000000000000000000e+00
5.562000000000000455e+01,5.000000000000000000e-01,0.000000000000000000e+00
5.563000000000000256e+01,5.000000000000000000e-01,0.000000000000000000e+00
5.564000000000000057e+01,5.000000000000000000e-01,0.000000000000000000e+00
5.564999999999999858e+01,5.000000000000000000e-01,0.000000000000000000e+00
5.566000000000000369e+01,5.000000000000000000e-01,0.000000000000000000e+00
5.567000000000000171e+01,5.000000000000000000e-01,0.000000000000000000e+00
5.567999999999999972e+01,5.000000000000000000e-01,0.000000000000000000e+00
5.568999999999999773e+01,5.000000000000000000e-01,0.000000000000000000e+00
5.570000000000000284e+01,5.000000000000000000e-01,0.000000000000000000e+00
5.571000000000000085e+01,5.000000000000000000e-01,0.000000000000000000e+00
5.571999999999999886e+01,5.000000000000000000e-01,0.000000000000000000e+00
5.573000000000000398e+01,5.000000000000000000e-01,0.000000000000000000e+00
5.574000000000000199e+01,5.000000000000000000e-01,0.000000000000000000e+00
5.575000000000000000e+01,5.000000000000000000e-01,0.000000000000000000e+00
5.575999999999999801e+01,5.000000000000000000e-01,0.000000000000000000e+00
5.577000000000000313e+01,5.000000000000000000e-01,0.000000000000000000e+00
5.578000000000000114e+01,5.000000000000000000e-01,0.000000000000000000e+00
5.578999999999999915e+01,5.000000000000000000e-01,0.000000000000000000e+00
5.580000000000000426e+01,5.000000000000000000e-01,0.000000000000000000e+00
5.581000000000000227e+01,5.000000000000000000e-01,0.000000000000000000e+00
5.582000000000000028e+01,5.000000000000000000e-01,0.000000000000000000e+00
5.582999999999999829e+01,5.000000000000000000e-01,0.000000000000000000e+00
5.584000000000000341e+01,5.000000000000000000e-01,0.000000000000000000e+00
5.585000000000000142e+01,5.000000000000000000e-01,0.000000000000000000e+00
5.585999999999999943e+01,5.000000000000000000e-01,0.000000000000000000e+00
5.587000000000000455e+01,5.000000000000000000e-01,0.000000000000000000e+00
5.588000000000000256e+01,5.000000000000000000e-01,0.000000000000000000e+00
5.589000000000000057e+01,5.000000000000000000e-01,0.000000000000000000e+00
5.589999999999999858e+01,5.000000000000000000e-01,0.000000000000000000e+00
5.591000000000000369e+01,5.000000000000000000e-01,0.000000000000000000e+00
5.592000000000000171e+01,5.000000000000000000e-01,0.000000000000000000e+00
5.592999999999999972e+01,5.000000000000000000e-01,0.000000000000000000e+00
5.593999999999999773e+01,5.000000000000000000e-01,0.000000000000000000e+00
5.595000000000000284e+01,5.000000000000000000e-01,0.000000000000000000e+00
5.596000000000000085e+01,5.000000000000000000e-01,0.000000000000000000e+00
5.596999999999999886e+01,5.000000000000000000e-01,0.000000000000000000e+00
5.598000000000000398e+01,5.000000000000000000e-01,0.000000000000000000e+00
5.599000000000000199e+01,5.000000000000000000e-01,0.000000000000000000e+00
5.600000000000000000e+01,5.000000000000000000e-01,0.000000000000000000e+00
5.600999999999999801e+01,5.000000000000000000e-01,0.000000000000000000e+00
5.602000000000000313e+01,5.000000000000000000e-01,0.000000000000000000e+00
5.603000000000000114e+01,5.000000000000000000e-01,0.000000000000000000e+00
5.603999999999999915e+01,5.000000000000000000e-01,0.000000000000000000e+00
5.605000000000000426e+01,5.000000000000000000e-01,0.000000000000000000e+00
5.606000000000000227e+01,5.000000000000000000e-01,0.000000000000000000e+00
5.607000000000000028e+01,5.000000000000000000e-01,0.000000000000000000e+00
5.607999999999999829e+01,5.000000000000000000e-01,0.000000000000000000e+00
5.609000000000000341e+01,5.000000000000000000e-01,0.000000000000000000e+00
5.610000000000000142e+01,5.000000000000000000e-01,0.000000000000000000e+00
5.610999999999999943e+01,5.000000000000000000e-01,0.000000000000000000e+00
5.612000000000000455e+01,5.000000000000000000e-01,0.000000000000000000e+00
5.613000000000000256e+01,5.000000000000000000e-01,0.000000000000000000e+00
5.614000000000000057e+01,5.000000000000000000e-01,0.000000000000000000e+00
5.614999999999999858e+01,5.000000000000000000e-01,0.000000000000000000e+00
5.616000000000000369e+01,5.000000000000000000e-01,0.000000000000000000e+00
5.617000000000000171e+01,5.000000000000000000e-01,0.000000000000000000e+00
5.617999999999999972e+01,5.000000000000000000e-01,0.000000000000000000e+00
5.618999999999999773e+01,5.000000000000000000e-01,0.000000000000000000e+00
5.620000000000000284e+01,5.000000000000000000e-01,0.000000000000000000e+00
5.621000000000000085e+01,5.000000000000000000e-01,0.000000000000000000e+00
5.621999999999999886e+01,5.000000000000000000e-01,0.000000000000000000e+00
5.623000000000000398e+01,5.000000000000000000e-01,0.000000000000000000e+00
5.624000000000000199e+01,5.000000000000000000e-01,0.000000000000000000e+00
5.625000000000000000e+01,5.000000000000000000e-01,0.000000000000000000e+00
5.625999999999999801e+01,5.000000000000000000e-01,0.000000000000000000e+00
5.627000000000000313e+01,5.000000000000000000e-01,0.000000000000000000e+00
5.628000000000000114e+01,5.000000000000000000e-01,0.000000000000000000e+00
5.628999999999999915e+01,5.000000000000000000e-01,0.000000000000000000e+00
5.630000000000000426e+01,5.000000000000000000e-01,0.000000000000000000e+00
5.631000000000000227e+01,5.000000000000000000e-01,0.000000000000000000e+00
5.632000000000000028e+01,5.000000000000000000e-01,0.000000000000000000e+00
5.632999999999999829e+01,5.000000000000000000e-01,0.000000000000000000e+00
5.634000000000000341e+01,5.000000000000000000e-01,0.000000000000000000e+00
5.635000000000000142e+01,5.000000000000000000e-01,0.000000000000000000e+00
5.635999999999999943e+01,5.000000000000000000e-01,0.000000000000000000e+00
5.637000000000000455e+01,5.000000000000000000e-01,0.000000000000000000e+00
5.638000000000000256e+01,5.000000000000000000e-01,0.000000000000000000e+00
5.639000000000000057e+01,5.000000000000000000e-01,0.000000000000000000e+00
5.639999999999999858e+01,5.000000000000000000e-01,0.000000000000000000e+00
5.641000000000000369e+01,5.000000000000000000e-01,0.000000000000000000e+00
5.642000000000000171e+01,5.000000000000000000e-01,0.000000000000000000e+00
5.642999999999999972e+01,5.000000000000000000e-01,0.000000000000000000e+00
5.643999999999999773e+01,5.000000000000000000e-01,0.000000000000000000e+00
5.645000000000000284e+01,5.000000000000000000e-01,0.000000000000000000e+00
5.646000000000000085e+01,5.000000000000000000e-01,0.000000000000000000e+00
5.646999999999999886e+01,5.000000000000000000e-01,0.000000000000000000e+00
5.648000000000000398e+01,5.000000000000000000e-01,0.000000000000000000e+00
5.649000000000000199e+01,5.000000000000000000e-01,0.000000000000000000e+00
5.650000000000000000e+01,5.000000000000000000e-01,0.000000000000000000e+00
5.650999999999999801e+01,5.000000000000000000e-01,0.000000000000000000e+00
5.652000000000000313e+01,5.000000000000000000e-01,0.000000000000000000e+00
5.653000000000000114e+01,5.000000000000000000e-01,0.000000000000000000e+00
5.653999999999999915e+01,5.000000000000000000e-01,0.000000000000000000e+00
5.655000000000000426e+01,5.000000000000000000e-01,0.000000000000000000e+00
5.656000000000000227e+01,5.000000000000000000e-01,0.000000000000000000e+00
5.657000000000000028e+01,5.000000000000000000e-01,0.000000000000000000e+00
5.657999999999999829e+01,5.000000000000000000e-01,0.000000000000000000e+00
5.659000000000000341e+01,5.000000000000000000e-01,0.000000000000000000e+00
5.660000000000000142e+01,5.000000000000000000e-01,0.000000000000000000e+00
5.660999999999999943e+01,5.000000000000000000e-01,0.000000000000000000e+00
5.662000000000000455e+01,5.000000000000000000e-01,0.000000000000000000e+00
5.663000000000000256e+01,5.000000000000000000e-01,0.000000000000000000e+00
5.664000000000000057e+01,5.000000000000000000e-01,0.000000000000000000e+00
5.664999999999999858e+01,5.000000000000000000e-01,0.000000000000000000e+00
5.666000000000000369e+01,5.000000000000000000e-01,0.000000000000000000e+00
5.667000000000000171e+01,5.000000000000000000e-01,0.000000000000000000e+00
5.667999999999999972e+01,5.000000000000000000e-01,0.000000000000000000e+00
5.668999999999999773e+01,5.000000000000000000e-01,0.000000000000000000e+00
5.670000000000000284e+01,5.000000000000000000e-01,0.000000000000000000e+00
5.671000000000000085e+01,5.000000000000000000e-01,0.000000000000000000e+00
5.671999999999999886e+01,5.000000000000000000e-01,0.000000000000000000e+00
5.673000000000000398e+01,5.000000000000000000e-01,0.000000000000000000e+00
5.674000000000000199e+01,5.000000000000000000e-01,0.000000000000000000e+00
5.675000000000000000e+01,5.000000000000000000e-01,0.000000000000000000e+00
5.675999999999999801e+01,5.000000000000000000e-01,0.000000000000000000e+00
5.677000000000000313e+01,5.000000000000000000e-01,0.000000000000000000e+00
5.678000000000000114e+01,5.000000000000000000e-01,0.000000000000000000e+00
5.678999999999999915e+01,5.000000000000000000e-01,0.000000000000000000e+00
5.680000000000000426e+01,5.000000000000000000e-01,0.000000000000000000e+00
5.681000000000000227e+01,5.000000000000000000e-01,0.000000000000000000e+00
5.682000000000000028e+01,5.000000000000000000e-01,0.000000000000000000e+00
5.682999999999999829e+01,5.000000000000000000e-01,0.000000000000000000e+00
5.684000000000000341e+01,5.000000000000000000e-01,0.000000000000000000e+00
5.685000000000000142e+01,5.000000000000000000e-01,0.000000000000000000e+00
5.685999999999999943e+01,5.000000000000000000e-01,0.000000000000000000e+00
5.687000000000000455e+01,5.000000000000000000e-01,0.000000000000000000e+00
5.688000000000000256e+01,5.000000000000000000e-01,0.000000000000000000e+00
5.689000000000000057e+01,5.000000000000000000e-01,0.000000000000000000e+00
5.689999999999999858e+01,5.000000000000000000e-01,0.000000000000000000e+00
5.691000000000000369e+01,5.000000000000000000e-01,0.000000000000000000e+00
5.692000000000000171e+01,5.000000000000000000e-01,0.000000000000000000e+00
5.692999999999999972e+01,5.000000000000000000e-01,0.000000000000000000e+00
5.693999999999999773e+01,5.000000000000000000e-01,0.000000000000000000e+00
5.695000000000000284e+01,5.000000000000000000e-01,0.000000000000000000e+00
5.696000000000000085e+01,5.000000000000000000e-01,0.000000000000000000e+00
5.696999999999999886e+01,5.000000000000000000e-01,0.000000000000000000e+00
5.698000000000000398e+01,5.000000000000000000e-01,0.000000000000000000e+00
5.699000000000000199e+01,5.000000000000000000e-01,0.000000000000000000e+00
5.700000000000000000e+01,5.000000000000000000e-01,0.000000000000000000e+00
5.700999999999999801e+01,5.000000000000000000e-01,0.000000000000000000e+00
5.702000000000000313e+01,5.000000000000000000e-01,0.000000000000000000e+00
5.703000000000000114e+01,5.000000000000000000e-01,0.000000000000000000e+00
5.703999999999999915e+01,5.000000000000000000e-01,0.000000000000000000e+00
5.705000000000000426e+01,5.000000000000000000e-01,0.000000000000000000e+00
5.706000000000000227e+01,5.000000000000000000e-01,0.000000000000000000e+00
5.707000000000000028e+01,5.000000000000000000e-01,0.000000000000000000e+00
5.707999999999999829e+01,5.000000000000000000e-01,0.000000000000000000e+00
5.709000000000000341e+01,5.000000000000000000e-01,0.000000000000000000e+00
5.710000000000000142e+01,5.000000000000000000e-01,0.000000000000000000e+00
5.710999999999999943e+01,5.000000000000000000e-01,0.000000000000000000e+00
5.712000000000000455e+01,5.000000000000000000e-01,0.000000000000000000e+00
5.713000000000000256e+01,5.000000000000000000e-01,0.000000000000000000e+00
5.714000000000000057e+01,5.000000000000000000e-01,0.000000000000000000e+00
5.714999999999999858e+01,5.000000000000000000e-01,0.000000000000000000e+00
5.716000000000000369e+01,5.000000000000000000e-01,0.000000000000000000e+00
5.717000000000000171e+01,5.000000000000000000e-01,0.000000000000000000e+00
5.717999999999999972e+01,5.000000000000000000e-01,0.000000000000000000e+00
5.718999999999999773e+01,5.000000000000000000e-01,0.000000000000000000e+00
5.720000000000000284e+01,5.000000000000000000e-01,0.000000000000000000e+00
5.721000000000000085e+01,5.000000000000000000e-01,0.000000000000000000e+00
5.721999999999999886e+01,5.000000000000000000e-01,0.000000000000000000e+00
5.723000000000000398e+01,5.000000000000000000e-01,0.000000000000000000e+00
5.724000000000000199e+01,5.000000000000000000e-01,0.000000000000000000e+00
5.725000000000000000e+01,5.000000000000000000e-01,0.000000000000000000e+00
5.725999999999999801e+01,5.000000000000000000e-01,0.000000000000000000e+00
5.727000000000000313e+01,5.000000000000000000e-01,0.000000000000000000e+00
5.728000000000000114e+01,5.000000000000000000e-01,0.000000000000000000e+00
5.728999999999999915e+01,5.000000000000000000e-01,0.000000000000000000e+00
5.730000000000000426e+01,5.000000000000000000e-01,0.000000000000000000e+00
5.731000000000000227e+01,5.000000000000000000e-01,0.000000000000000000e+00
5.732000000000000028e+01,5.000000000000000000e-01,0.000000000000000000e+00
5.732999999999999829e+01,5.000000000000000000e-01,0.000000000000000000e+00
5.734000000000000341e+01,5.000000000000000000e-01,0.000000000000000000e+00
5.735000000000000142e+01,5.000000000000000000e-01,0.000000000000000000e+00
5.735999999999999943e+01,5.000000000000000000e-01,0.000000000000000000e+00
5.737000000000000455e+01,5.000000000000000000e-01,0.000000000000000000e+00
5.738000000000000256e+01,5.000000000000000000e-01,0.000000000000000000e+00
5.739000000000000057e+01,5.000000000000000000e-01,0.000000000000000000e+00
5.739999999999999858e+01,5.000000000000000000e-01,0.000000000000000000e+00
5.741000000000000369e+01,5.000000000000000000e-01,0.000000000000000000e+00
5.742000000000000171e+01,5.000000000000000000e-01,0.000000000000000000e+00
5.742999999999999972e+01,5.000000000000000000e-01,0.000000000000000000e+00
5.743999999999999773e+01,5.000000000000000000e-01,0.000000000000000000e+00
5.745000000000000284e+01,5.000000000000000000e-01,0.000000000000000000e+00
5.746000000000000085e+01,5.000000000000000000e-01,0.000000000000000000e+00
5.746999999999999886e+01,5.000000000000000000e-01,0.000000000000000000e+00
5.748000000000000398e+01,5.000000000000000000e-01,0.000000000000000000e+00
5.749000000000000199e+01,5.000000000000000000e-01,0.000000000000000000e+00
5.750000000000000000e+01,5.000000000000000000e-01,0.000000000000000000e+00
5.750999999999999801e+01,5.000000000000000000e-01,0.000000000000000000e+00
5.752000000000000313e+01,5.000000000000000000e-01,0.000000000000000000e+00
5.753000000000000114e+01,5.000000000000000000e-01,0.000000000000000000e+00
5.753999999999999915e+01,5.000000000000000000e-01,0.000000000000000000e+00
5.755000000000000426e+01,5.000000000000000000e-01,0.000000000000000000e+00
5.756000000000000227e+01,5.000000000000000000e-01,0.000000000000000000e+00
5.757000000000000028e+01,5.000000000000000000e-01,0.000000000000000000e+00
5.757999999999999829e+01,5.000000000000000000e-01,0.000000000000000000e+00
5.759000000000000341e+01,5.000000000000000000e-01,0.000000000000000000e+00
5.760000000000000142e+01,5.000000000000000000e-01,0.000000000000000000e+00
5.760999999999999943e+01,5.000000000000000000e-01,0.000000000000000000e+00
5.762000000000000455e+01,5.000000000000000000e-01,0.000000000000000000e+00
5.763000000000000256e+01,5.000000000000000000e-01,0.000000000000000000e+00
5.764000000000000057e+01,5.000000000000000000e-01,0.000000000000000000e+00
5.764999999999999858e+01,5.000000000000000000e-01,0.000000000000000000e+00
5.766000000000000369e+01,5.000000000000000000e-01,0.000000000000000000e+00
5.767000000000000171e+01,5.000000000000000000e-01,0.000000000000000000e+00
5.767999999999999972e+01,5.000000000000000000e-01,0.000000000000000000e+00
5.768999999999999773e+01,5.000000000000000000e-01,0.000000000000000000e+00
5.770000000000000284e+01,5.000000000000000000e-01,0.000000000000000000e+00
5.771000000000000085e+01,5.000000000000000000e-01,0.000000000000000000e+00
5.771999999999999886e+01,5.000000000000000000e-01,0.000000000000000000e+00
5.773000000000000398e+01,5.000000000000000000e-01,0.000000000000000000e+00
5.774000000000000199e+01,5.000000000000000000e-01,0.000000000000000000e+00
5.775000000000000000e+01,5.000000000000000000e-01,0.000000000000000000e+00
5.775999999999999801e+01,5.000000000000000000e-01,0.000000000000000000e+00
5.777000000000000313e+01,5.000000000000000000e-01,0.000000000000000000e+00
5.778000000000000114e+01,5.000000000000000000e-01,0.000000000000000000e+00
5.778999999999999915e+01,5.000000000000000000e-01,0.000000000000000000e+00
5.780000000000000426e+01,5.000000000000000000e-01,0.000000000000000000e+00
5.781000000000000227e+01,5.000000000000000000e-01,0.000000000000000000e+00
5.782000000000000028e+01,5.000000000000000000e-01,0.000000000000000000e+00
5.782999999999999829e+01,5.000000000000000000e-01,0.000000000000000000e+00
5.784000000000000341e+01,5.000000000000000000e-01,0.000000000000000000e+00
5.785000000000000142e+01,5.000000000000000000e-01,0.000000000000000000e+00
5.785999999999999943e+01,5.000000000000000000e-01,0.000000000000000000e+00
5.787000000000000455e+01,5.000000000000000000e-01,0.000000000000000000e+00
5.788000000000000256e+01,5.000000000000000000e-01,0.000000000000000000e+00
5.789000000000000057e+01,5.000000000000000000e-01,0.000000000000000000e+00
5.789999999999999858e+01,5.000000000000000000e-01,0.000000000000000000e+00
5.791000000000000369e+01,5.000000000000000000e-01,0.000000000000000000e+00
5.792000000000000171e+01,5.000000000000000000e-01,0.000000000000000000e+00
5.792999999999999972e+01,5.000000000000000000e-01,0.000000000000000000e+00
5.793999999999999773e+01,5.000000000000000000e-01,0.000000000000000000e+00
5.795000000000000284e+01,5.000000000000000000e-01,0.000000000000000000e+00
5.796000000000000085e+01,5.000000000000000000e-01,0.000000000000000000e+00
5.796999999999999886e+01,5.000000000000000000e-01,0.000000000000000000e+00
5.798000000000000398e+01,5.000000000000000000e-01,0.000000000000000000e+00
5.799000000000000199e+01,5.000000000000000000e-01,0.000000000000000000e+00
5.800000000000000000e+01,5.000000000000000000e-01,0.000000000000000000e+00
5.800999999999999801e+01,5.000000000000000000e-01,0.000000000000000000e+00
5.802000000000000313e+01,5.000000000000000000e-01,0.000000000000000000e+00
5.803000000000000114e+01,5.000000000000000000e-01,0.000000000000000000e+00
5.803999999999999915e+01,5.000000000000000000e-01,0.000000000000000000e+00
5.805000000000000426e+01,5.000000000000000000e-01,0.000000000000000000e+00
5.806000000000000227e+01,5.000000000000000000e-01,0.000000000000000000e+00
5.807000000000000028e+01,5.000000000000000000e-01,0.000000000000000000e+00
5.807999999999999829e+01,5.000000000000000000e-01,0.000000000000000000e+00
5.809000000000000341e+01,5.000000000000000000e-01,0.000000000000000000e+00
5.810000000000000142e+01,5.000000000000000000e-01,0.000000000000000000e+00
5.810999999999999943e+01,5.000000000000000000e-01,0.000000000000000000e+00
5.812000000000000455e+01,5.000000000000000000e-01,0.000000000000000000e+00
5.813000000000000256e+01,5.000000000000000000e-01,0.000000000000000000e+00
5.814000000000000057e+01,5.000000000000000000e-01,0.000000000000000000e+00
5.814999999999999858e+01,5.000000000000000000e-01,0.000000000000000000e+00
5.816000000000000369e+01,5.000000000000000000e-01,0.000000000000000000e+00
5.817000000000000171e+01,5.000000000000000000e-01,0.000000000000000000e+00
5.817999999999999972e+01,5.000000000000000000e-01,0.000000000000000000e+00
5.818999999999999773e+01,5.000000000000000000e-01,0.000000000000000000e+00
5.820000000000000284e+01,5.000000000000000000e-01,0.000000000000000000e+00
5.821000000000000085e+01,5.000000000000000000e-01,0.000000000000000000e+00
5.821999999999999886e+01,5.000000000000000000e-01,0.000000000000000000e+00
5.823000000000000398e+01,5.000000000000000000e-01,0.000000000000000000e+00
5.824000000000000199e+01,5.000000000000000000e-01,0.000000000000000000e+00
5.825000000000000000e+01,5.000000000000000000e-01,0.000000000000000000e+00
5.825999999999999801e+01,5.000000000000000000e-01,0.000000000000000000e+00
5.827000000000000313e+01,5.000000000000000000e-01,0.000000000000000000e+00
5.828000000000000114e+01,5.000000000000000000e-01,0.000000000000000000e+00
5.828999999999999915e+01,5.000000000000000000e-01,0.000000000000000000e+00
5.830000000000000426e+01,5.000000000000000000e-01,0.000000000000000000e+00
5.831000000000000227e+01,5.000000000000000000e-01,0.000000000000000000e+00
5.832000000000000028e+01,5.000000000000000000e-01,0.000000000000000000e+00
5.832999999999999829e+01,5.000000000000000000e-01,0.000000000000000000e+00
5.834000000000000341e+01,5.000000000000000000e-01,0.000000000000000000e+00
5.835000000000000142e+01,5.000000000000000000e-01,0.000000000000000000e+00
5.835999999999999943e+01,5.000000000000000000e-01,0.000000000000000000e+00
5.837000000000000455e+01,5.000000000000000000e-01,0.000000000000000000e+00
5.838000000000000256e+01,5.000000000000000000e-01,0.000000000000000000e+00
5.839000000000000057e+01,5.000000000000000000e-01,0.000000000000000000e+00
5.839999999999999858e+01,5.000000000000000000e-01,0.000000000000000000e+00
5.841000000000000369e+01,5.000000000000000000e-01,0.000000000000000000e+00
5.842000000000000171e+01,5.000000000000000000e-01,0.000000000000000000e+00
5.842999999999999972e+01,5.000000000000000000e-01,0.000000000000000000e+00
5.843999999999999773e+01,5.000000000000000000e-01,0.000000000000000000e+00
5.845000000000000284e+01,5.000000000000000000e-01,0.000000000000000000e+00
5.846000000000000085e+01,5.000000000000000000e-01,0.000000000000000000e+00
5.846999999999999886e+01,5.000000000000000000e-01,0.000000000000000000e+00
5.848000000000000398e+01,5.000000000000000000e-01,0.000000000000000000e+00
5.849000000000000199e+01,5.000000000000000000e-01,0.000000000000000000e+00
5.850000000000000000e+01,5.000000000000000000e-01,0.000000000000000000e+00
5.850999999999999801e+01,5.000000000000000000e-01,0.000000000000000000e+00
5.852000000000000313e+01,5.000000000000000000e-01,0.000000000000000000e+00
5.853000000000000114e+01,5.000000000000000000e-01,0.000000000000000000e+00
5.853999999999999915e+01,5.000000000000000000e-01,0.000000000000000000e+00
5.855000000000000426e+01,5.000000000000000000e-01,0.000000000000000000e+00
5.856000000000000227e+01,5.000000000000000000e-01,0.000000000000000000e+00
5.857000000000000028e+01,5.000000000000000000e-01,0.000000000000000000e+00
5.857999999999999829e+01,5.000000000000000000e-01,0.000000000000000000e+00
5.859000000000000341e+01,5.000000000000000000e-01,0.000000000000000000e+00
5.860000000000000142e+01,5.000000000000000000e-01,0.000000000000000000e+00
5.860999999999999943e+01,5.000000000000000000e-01,0.000000000000000000e+00
5.862000000000000455e+01,5.000000000000000000e-01,0.000000000000000000e+00
5.863000000000000256e+01,5.000000000000000000e-01,0.000000000000000000e+00
5.864000000000000057e+01,5.000000000000000000e-01,0.000000000000000000e+00
5.864999999999999858e+01,5.000000000000000000e-01,0.000000000000000000e+00
5.866000000000000369e+01,5.000000000000000000e-01,0.000000000000000000e+00
5.867000000000000171e+01,5.000000000000000000e-01,0.000000000000000000e+00
5.867999999999999972e+01,5.000000000000000000e-01,0.000000000000000000e+00
5.868999999999999773e+01,5.000000000000000000e-01,0.000000000000000000e+00
5.870000000000000284e+01,5.000000000000000000e-01,0.000000000000000000e+00
5.871000000000000085e+01,5.000000000000000000e-01,0.000000000000000000e+00
5.871999999999999886e+01,5.000000000000000000e-01,0.000000000000000000e+00
5.873000000000000398e+01,5.000000000000000000e-01,0.000000000000000000e+00
5.874000000000000199e+01,5.000000000000000000e-01,0.000000000000000000e+00
5.875000000000000000e+01,5.000000000000000000e-01,0.000000000000000000e+00
5.875999999999999801e+01,5.000000000000000000e-01,0.000000000000000000e+00
5.877000000000000313e+01,5.000000000000000000e-01,0.000000000000000000e+00
5.878000000000000114e+01,5.000000000000000000e-01,0.000000000000000000e+00
5.878999999999999915e+01,5.000000000000000000e-01,0.000000000000000000e+00
5.880000000000000426e+01,5.000000000000000000e-01,0.000000000000000000e+00
5.881000000000000227e+01,5.000000000000000000e-01,0.000000000000000000e+00
5.882000000000000028e+01,5.000000000000000000e-01,0.000000000000000000e+00
5.882999999999999829e+01,5.000000000000000000e-01,0.000000000000000000e+00
5.884000000000000341e+01,5.000000000000000000e-01,0.000000000000000000e+00
5.885000000000000142e+01,5.000000000000000000e-01,0.000000000000000000e+00
5.885999999999999943e+01,5.000000000000000000e-01,0.000000000000000000e+00
5.887000000000000455e+01,5.000000000000000000e-01,0.000000000000000000e+00
5.888000000000000256e+01,5.000000000000000000e-01,0.000000000000000000e+00
5.889000000000000057e+01,5.000000000000000000e-01,0.000000000000000000e+00
5.889999999999999858e+01,5.000000000000000000e-01,0.000000000000000000e+00
5.891000000000000369e+01,5.000000000000000000e-01,0.000000000000000000e+00
5.892000000000000171e+01,5.000000000000000000e-01,0.000000000000000000e+00
5.892999999999999972e+01,5.000000000000000000e-01,0.000000000000000000e+00
5.893999999999999773e+01,5.000000000000000000e-01,0.000000000000000000e+00
5.895000000000000284e+01,5.000000000000000000e-01,0.000000000000000000e+00
5.896000000000000085e+01,5.000000000000000000e-01,0.000000000000000000e+00
5.896999999999999886e+01,5.000000000000000000e-01,0.000000000000000000e+00
5.898000000000000398e+01,5.000000000000000000e-01,0.000000000000000000e+00
5.899000000000000199e+01,5.000000000000000000e-01,0.000000000000000000e+00
5.900000000000000000e+01,5.000000000000000000e-01,0.000000000000000000e+00
5.900999999999999801e+01,5.000000000000000000e-01,0.000000000000000000e+00
5.902000000000000313e+01,5.000000000000000000e-01,0.000000000000000000e+00
5.903000000000000114e+01,5.000000000000000000e-01,0.000000000000000000e+00
5.903999999999999915e+01,5.000000000000000000e-01,0.000000000000000000e+00
5.905000000000000426e+01,5.000000000000000000e-01,0.000000000000000000e+00
5.906000000000000227e+01,5.000000000000000000e-01,0.000000000000000000e+00
5.907000000000000028e+01,5.000000000000000000e-01,0.000000000000000000e+00
5.907999999999999829e+01,5.000000000000000000e-01,0.000000000000000000e+00
5.909000000000000341e+01,5.000000000000000000e-01,0.000000000000000000e+00
5.910000000000000142e+01,5.000000000000000000e-01,0.000000000000000000e+00
5.910999999999999943e+01,5.000000000000000000e-01,0.000000000000000000e+00
5.912000000000000455e+01,5.000000000000000000e-01,0.000000000000000000e+00
5.913000000000000256e+01,5.000000000000000000e-01,0.000000000000000000e+00
5.914000000000000057e+01,5.000000000000000000e-01,0.000000000000000000e+00
5.914999999999999858e+01,5.000000000000000000e-01,0.000000000000000000e+00
5.916000000000000369e+01,5.000000000000000000e-01,0.000000000000000000e+00
5.917000000000000171e+01,5.000000000000000000e-01,0.000000000000000000e+00
5.917999999999999972e+01,5.000000000000000000e-01,0.000000000000000000e+00
5.918999999999999773e+01,5.000000000000000000e-01,0.000000000000000000e+00
5.920000000000000284e+01,5.000000000000000000e-01,0.000000000000000000e+00
5.921000000000000085e+01,5.000000000000000000e-01,0.000000000000000000e+00
5.921999999999999886e+01,5.000000000000000000e-01,0.000000000000000000e+00
5.923000000000000398e+01,5.000000000000000000e-01,0.000000000000000000e+00
5.924000000000000199e+01,5.000000000000000000e-01,0.000000000000000000e+00
5.925000000000000000e+01,5.000000000000000000e-01,0.000000000000000000e+00
5.925999999999999801e+01,5.000000000000000000e-01,0.000000000000000000e+00
5.927000000000000313e+01,5.000000000000000000e-01,0.000000000000000000e+00
5.928000000000000114e+01,5.000000000000000000e-01,0.000000000000000000e+00
5.928999999999999915e+01,5.000000000000000000e-01,0.000000000000000000e+00
5.930000000000000426e+01,5.000000000000000000e-01,0.000000000000000000e+00
5.931000000000000227e+01,5.000000000000000000e-01,0.000000000000000000e+00
5.932000000000000028e+01,5.000000000000000000e-01,0.000000000000000000e+00
5.932999999999999829e+01,5.000000000000000000e-01,0.000000000000000000e+00
5.934000000000000341e+01,5.000000000000000000e-01,0.000000000000000000e+00
5.935000000000000142e+01,5.000000000000000000e-01,0.000000000000000000e+00
5.935999999999999943e+01,5.000000000000000000e-01,0.000000000000000000e+00
5.937000000000000455e+01,5.000000000000000000e-01,0.000000000000000000e+00
5.938000000000000256e+01,5.000000000000000000e-01,0.000000000000000000e+00
5.939000000000000057e+01,5.000000000000000000e-01,0.000000000000000000e+00
5.939999999999999858e+01,5.000000000000000000e-01,0.000000000000000000e+00
5.941000000000000369e+01,5.000000000000000000e-01,0.000000000000000000e+00
5.942000000000000171e+01,5.000000000000000000e-01,0.000000000000000000e+00
5.942999999999999972e+01,5.000000000000000000e-01,0.000000000000000000e+00
5.943999999999999773e+01,5.000000000000000000e-01,0.000000000000000000e+00
5.945000000000000284e+01,5.000000000000000000e-01,0.000000000000000000e+00
5.946000000000000085e+01,5.000000000000000000e-01,0.000000000000000000e+00
5.946999999999999886e+01,5.000000000000000000e-01,0.000000000000000000e+00
5.948000000000000398e+01,5.000000000000000000e-01,0.000000000000000000e+00
5.949000000000000199e+01,5.000000000000000000e-01,0.000000000000000000e+00
5.950000000000000000e+01,5.000000000000000000e-01,0.000000000000000000e+00
5.950999999999999801e+01,5.000000000000000000e-01,0.000000000000000000e+00
5.952000000000000313e+01,5.000000000000000000e-01,0.000000000000000000e+00
5.953000000000000114e+01,5.000000000000000000e-01,0.000000000000000000e+00
5.953999999999999915e+01,5.000000000000000000e-01,0.000000000000000000e+00
5.955000000000000426e+01,5.000000000000000000e-01,0.000000000000000000e+00
5.956000000000000227e+01,5.000000000000000000e-01,0.000000000000000000e+00
5.957000000000000028e+01,5.000000000000000000e-01,0.000000000000000000e+00
5.957999999999999829e+01,5.000000000000000000e-01,0.000000000000000000e+00
5.959000000000000341e+01,5.000000000000000000e-01,0.000000000000000000e+00
5.960000000000000142e+01,5.000000000000000000e-01,0.000000000000000000e+00
5.960999999999999943e+01,5.000000000000000000e-01,0.000000000000000000e+00
5.962000000000000455e+01,5.000000000000000000e-01,0.000000000000000000e+00
5.963000000000000256e+01,5.000000000000000000e-01,0.000000000000000000e+00
5.964000000000000057e+01,5.000000000000000000e-01,0.000000000000000000e+00
5.964999999999999858e+01,5.000000000000000000e-01,0.000000000000000000e+00
5.966000000000000369e+01,5.000000000000000000e-01,0.000000000000000000e+00
5.967000000000000171e+01,5.000000000000000000e-01,0.000000000000000000e+00
5.967999999999999972e+01,5.000000000000000000e-01,0.000000000000000000e+00
5.968999999999999773e+01,5.000000000000000000e-01,0.000000000000000000e+00
5.970000000000000284e+01,5.000000000000000000e-01,0.000000000000000000e+00
5.971000000000000085e+01,5.000000000000000000e-01,0.000000000000000000e+00
5.971999999999999886e+01,5.000000000000000000e-01,0.000000000000000000e+00
5.973000000000000398e+01,5.000000000000000000e-01,0.000000000000000000e+00
5.974000000000000199e+01,5.000000000000000000e-01,0.000000000000000000e+00
5.975000000000000000e+01,5.000000000000000000e-01,0.000000000000000000e+00
5.975999999999999801e+01,5.000000000000000000e-01,0.000000000000000000e+00
5.977000000000000313e+01,5.000000000000000000e-01,0.000000000000000000e+00
5.978000000000000114e+01,5.000000000000000000e-01,0.000000000000000000e+00
5.978999999999999915e+01,5.000000000000000000e-01,0.000000000000000000e+00
5.980000000000000426e+01,5.000000000000000000e-01,0.000000000000000000e+00
5.981000000000000227e+01,5.000000000000000000e-01,0.000000000000000000e+00
5.982000000000000028e+01,5.000000000000000000e-01,0.000000000000000000e+00
5.982999999999999829e+01,5.000000000000000000e-01,0.000000000000000000e+00
5.984000000000000341e+01,5.000000000000000000e-01,0.000000000000000000e+00
5.985000000000000142e+01,5.000000000000000000e-01,0.000000000000000000e+00
5.985999999999999943e+01,5.000000000000000000e-01,0.000000000000000000e+00
5.987000000000000455e+01,5.000000000000000000e-01,0.000000000000000000e+00
5.988000000000000256e+01,5.000000000000000000e-01,0.000000000000000000e+00
5.989000000000000057e+01,5.000000000000000000e-01,0.000000000000000000e+00
5.989999999999999858e+01,5.000000000000000000e-01,0.000000000000000000e+00
5.991000000000000369e+01,5.000000000000000000e-01,0.000000000000000000e+00
5.992000000000000171e+01,5.000000000000000000e-01,0.000000000000000000e+00
5.992999999999999972e+01,5.000000000000000000e-01,0.000000000000000000e+00
5.993999999999999773e+01,5.000000000000000000e-01,0.000000000000000000e+00
5.995000000000000284e+01,5.000000000000000000e-01,0.000000000000000000e+00
5.996000000000000085e+01,5.000000000000000000e-01,0.000000000000000000e+00
5.996999999999999886e+01,5.000000000000000000e-01,0.000000000000000000e+00
5.998000000000000398e+01,5.000000000000000000e-01,0.000000000000000000e+00
5.999000000000000199e+01,5.000000000000000000e-01,0.000000000000000000e+00
6.000000000000000000e+01,5.000000000000000000e-01,0.000000000000000000e+00
6.000999999999999801e+01,5.000000000000000000e-01,0.000000000000000000e+00
6.002000000000000313e+01,5.000000000000000000e-01,0.000000000000000000e+00
6.003000000000000114e+01,5.000000000000000000e-01,0.000000000000000000e+00
6.003999999999999915e+01,5.000000000000000000e-01,0.000000000000000000e+00
6.005000000000000426e+01,5.000000000000000000e-01,0.000000000000000000e+00
6.006000000000000227e+01,5.000000000000000000e-01,0.000000000000000000e+00
6.007000000000000028e+01,5.000000000000000000e-01,0.000000000000000000e+00
6.007999999999999829e+01,5.000000000000000000e-01,0.000000000000000000e+00
6.009000000000000341e+01,5.000000000000000000e-01,0.000000000000000000e+00
6.010000000000000142e+01,5.000000000000000000e-01,0.000000000000000000e+00
6.010999999999999943e+01,5.000000000000000000e-01,0.000000000000000000e+00
6.012000000000000455e+01,5.000000000000000000e-01,0.000000000000000000e+00
6.013000000000000256e+01,5.000000000000000000e-01,0.000000000000000000e+00
6.014000000000000057e+01,5.000000000000000000e-01,0.000000000000000000e+00
6.014999999999999858e+01,5.000000000000000000e-01,0.000000000000000000e+00
6.016000000000000369e+01,5.000000000000000000e-01,0.000000000000000000e+00
6.017000000000000171e+01,5.000000000000000000e-01,0.000000000000000000e+00
6.017999999999999972e+01,5.000000000000000000e-01,0.000000000000000000e+00
6.018999999999999773e+01,5.000000000000000000e-01,0.000000000000000000e+00
6.020000000000000284e+01,5.000000000000000000e-01,0.000000000000000000e+00
6.021000000000000085e+01,5.000000000000000000e-01,0.000000000000000000e+00
6.021999999999999886e+01,5.000000000000000000e-01,0.000000000000000000e+00
6.023000000000000398e+01,5.000000000000000000e-01,0.000000000000000000e+00
6.024000000000000199e+01,5.000000000000000000e-01,0.000000000000000000e+00
6.025000000000000000e+01,5.000000000000000000e-01,0.000000000000000000e+00
6.025999999999999801e+01,5.000000000000000000e-01,0.000000000000000000e+00
6.027000000000000313e+01,5.000000000000000000e-01,0.000000000000000000e+00
6.028000000000000114e+01,5.000000000000000000e-01,0.000000000000000000e+00
6.028999999999999915e+01,5.000000000000000000e-01,0.000000000000000000e+00
6.030000000000000426e+01,5.000000000000000000e-01,0.000000000000000000e+00
6.031000000000000227e+01,5.000000000000000000e-01,0.000000000000000000e+00
6.032000000000000028e+01,5.000000000000000000e-01,0.000000000000000000e+00
6.032999999999999829e+01,5.000000000000000000e-01,0.000000000000000000e+00
6.034000000000000341e+01,5.000000000000000000e-01,0.000000000000000000e+00
6.035000000000000142e+01,5.000000000000000000e-01,0.000000000000000000e+00
6.035999999999999943e+01,5.000000000000000000e-01,0.000000000000000000e+00
6.037000000000000455e+01,5.000000000000000000e-01,0.000000000000000000e+00
6.038000000000000256e+01,5.000000000000000000e-01,0.000000000000000000e+00
6.039000000000000057e+01,5.000000000000000000e-01,0.000000000000000000e+00
6.039999999999999858e+01,5.000000000000000000e-01,0.000000000000000000e+00
6.041000000000000369e+01,5.000000000000000000e-01,0.000000000000000000e+00
6.042000000000000171e+01,5.000000000000000000e-01,0.000000000000000000e+00
6.042999999999999972e+01,5.000000000000000000e-01,0.000000000000000000e+00
6.043999999999999773e+01,5.000000000000000000e-01,0.000000000000000000e+00
6.045000000000000284e+01,5.000000000000000000e-01,0.000000000000000000e+00
6.046000000000000085e+01,5.000000000000000000e-01,0.000000000000000000e+00
6.046999999999999886e+01,5.000000000000000000e-01,0.000000000000000000e+00
6.048000000000000398e+01,5.000000000000000000e-01,0.000000000000000000e+00
6.049000000000000199e+01,5.000000000000000000e-01,0.000000000000000000e+00
6.050000000000000000e+01,5.000000000000000000e-01,0.000000000000000000e+00
6.050999999999999801e+01,5.000000000000000000e-01,0.000000000000000000e+00
6.052000000000000313e+01,5.000000000000000000e-01,0.000000000000000000e+00
6.053000000000000114e+01,5.000000000000000000e-01,0.000000000000000000e+00
6.053999999999999915e+01,5.000000000000000000e-01,0.000000000000000000e+00
6.055000000000000426e+01,5.000000000000000000e-01,0.000000000000000000e+00
6.056000000000000227e+01,5.000000000000000000e-01,0.000000000000000000e+00
6.057000000000000028e+01,5.000000000000000000e-01,0.000000000000000000e+00
6.057999999999999829e+01,5.000000000000000000e-01,0.000000000000000000e+00
6.059000000000000341e+01,5.000000000000000000e-01,0.000000000000000000e+00
6.060000000000000142e+01,5.000000000000000000e-01,0.000000000000000000e+00
6.060999999999999943e+01,5.000000000000000000e-01,0.000000000000000000e+00
6.062000000000000455e+01,5.000000000000000000e-01,0.000000000000000000e+00
6.063000000000000256e+01,5.000000000000000000e-01,0.000000000000000000e+00
6.064000000000000057e+01,5.000000000000000000e-01,0.000000000000000000e+00
6.064999999999999858e+01,5.000000000000000000e-01,0.000000000000000000e+00
6.066000000000000369e+01,5.000000000000000000e-01,0.000000000000000000e+00
6.067000000000000171e+01,5.000000000000000000e-01,0.000000000000000000e+00
6.067999999999999972e+01,5.000000000000000000e-01,0.000000000000000000e+00
6.068999999999999773e+01,5.000000000000000000e-01,0.000000000000000000e+00
6.070000000000000284e+01,5.000000000000000000e-01,0.000000000000000000e+00
6.071000000000000085e+01,5.000000000000000000e-01,0.000000000000000000e+00
6.071999999999999886e+01,5.000000000000000000e-01,0.000000000000000000e+00
6.073000000000000398e+01,5.000000000000000000e-01,0.000000000000000000e+00
6.074000000000000199e+01,5.000000000000000000e-01,0.000000000000000000e+00
6.075000000000000000e+01,5.000000000000000000e-01,0.000000000000000000e+00
6.075999999999999801e+01,5.000000000000000000e-01,0.000000000000000000e+00
6.077000000000000313e+01,5.000000000000000000e-01,0.000000000000000000e+00
6.078000000000000114e+01,5.000000000000000000e-01,0.000000000000000000e+00
6.078999999999999915e+01,5.000000000000000000e-01,0.000000000000000000e+00
6.080000000000000426e+01,5.000000000000000000e-01,0.000000000000000000e+00
6.081000000000000227e+01,5.000000000000000000e-01,0.000000000000000000e+00
6.082000000000000028e+01,5.000000000000000000e-01,0.000000000000000000e+00
6.082999999999999829e+01,5.000000000000000000e-01,0.000000000000000000e+00
6.084000000000000341e+01,5.000000000000000000e-01,0.000000000000000000e+00
6.085000000000000142e+01,5.000000000000000000e-01,0.000000000000000000e+00
6.085999999999999943e+01,5.000000000000000000e-01,0.000000000000000000e+00
6.087000000000000455e+01,5.000000000000000000e-01,0.000000000000000000e+00
6.088000000000000256e+01,5.000000000000000000e-01,0.000000000000000000e+00
6.089000000000000057e+01,5.000000000000000000e-01,0.000000000000000000e+00
6.089999999999999858e+01,5.000000000000000000e-01,0.000000000000000000e+00
6.091000000000000369e+01,5.000000000000000000e-01,0.000000000000000000e+00
6.092000000000000171e+01,5.000000000000000000e-01,0.000000000000000000e+00
6.092999999999999972e+01,5.000000000000000000e-01,0.000000000000000000e+00
6.093999999999999773e+01,5.000000000000000000e-01,0.000000000000000000e+00
6.095000000000000284e+01,5.000000000000000000e-01,0.000000000000000000e+00
6.096000000000000085e+01,5.000000000000000000e-01,0.000000000000000000e+00
6.096999999999999886e+01,5.000000000000000000e-01,0.000000000000000000e+00
6.098000000000000398e+01,5.000000000000000000e-01,0.000000000000000000e+00
6.099000000000000199e+01,5.000000000000000000e-01,0.000000000000000000e+00
6.100000000000000000e+01,5.000000000000000000e-01,0.000000000000000000e+00
6.100999999999999801e+01,5.000000000000000000e-01,0.000000000000000000e+00
6.102000000000000313e+01,5.000000000000000000e-01,0.000000000000000000e+00
6.103000000000000114e+01,5.000000000000000000e-01,0.000000000000000000e+00
6.103999999999999915e+01,5.000000000000000000e-01,0.000000000000000000e+00
6.105000000000000426e+01,5.000000000000000000e-01,0.000000000000000000e+00
6.106000000000000227e+01,5.000000000000000000e-01,0.000000000000000000e+00
6.107000000000000028e+01,5.000000000000000000e-01,0.000000000000000000e+00
6.107999999999999829e+01,5.000000000000000000e-01,0.000000000000000000e+00
6.109000000000000341e+01,5.000000000000000000e-01,0.000000000000000000e+00
6.110000000000000142e+01,5.000000000000000000e-01,0.000000000000000000e+00
6.110999999999999943e+01,5.000000000000000000e-01,0.000000000000000000e+00
6.112000000000000455e+01,5.000000000000000000e-01,0.000000000000000000e+00
6.113000000000000256e+01,5.000000000000000000e-01,0.000000000000000000e+00
6.114000000000000057e+01,5.000000000000000000e-01,0.000000000000000000e+00
6.114999999999999858e+01,5.000000000000000000e-01,0.000000000000000000e+00
6.116000000000000369e+01,5.000000000000000000e-01,0.000000000000000000e+00
6.117000000000000171e+01,5.000000000000000000e-01,0.000000000000000000e+00
6.117999999999999972e+01,5.000000000000000000e-01,0.000000000000000000e+00
6.118999999999999773e+01,5.000000000000000000e-01,0.000000000000000000e+00
6.120000000000000284e+01,5.000000000000000000e-01,0.000000000000000000e+00
6.121000000000000085e+01,5.000000000000000000e-01,0.000000000000000000e+00
6.121999999999999886e+01,5.000000000000000000e-01,0.000000000000000000e+00
6.123000000000000398e+01,5.000000000000000000e-01,0.000000000000000000e+00
6.124000000000000199e+01,5.000000000000000000e-01,0.000000000000000000e+00
6.125000000000000000e+01,5.000000000000000000e-01,0.000000000000000000e+00
6.125999999999999801e+01,5.000000000000000000e-01,0.000000000000000000e+00
6.127000000000000313e+01,5.000000000000000000e-01,0.000000000000000000e+00
6.128000000000000114e+01,5.000000000000000000e-01,0.000000000000000000e+00
6.128999999999999915e+01,5.000000000000000000e-01,0.000000000000000000e+00
6.130000000000000426e+01,5.000000000000000000e-01,0.000000000000000000e+00
6.131000000000000227e+01,5.000000000000000000e-01,0.000000000000000000e+00
6.132000000000000028e+01,5.000000000000000000e-01,0.000000000000000000e+00
6.132999999999999829e+01,5.000000000000000000e-01,0.000000000000000000e+00
6.134000000000000341e+01,5.000000000000000000e-01,0.000000000000000000e+00
6.135000000000000142e+01,5.000000000000000000e-01,0.000000000000000000e+00
6.135999999999999943e+01,5.000000000000000000e-01,0.000000000000000000e+00
6.137000000000000455e+01,5.000000000000000000e-01,0.000000000000000000e+00
6.138000000000000256e+01,5.000000000000000000e-01,0.000000000000000000e+00
6.139000000000000057e+01,5.000000000000000000e-01,0.000000000000000000e+00
6.139999999999999858e+01,5.000000000000000000e-01,0.000000000000000000e+00
6.141000000000000369e+01,5.000000000000000000e-01,0.000000000000000000e+00
6.142000000000000171e+01,5.000000000000000000e-01,0.000000000000000000e+00
6.142999999999999972e+01,5.000000000000000000e-01,0.000000000000000000e+00
6.143999999999999773e+01,5.000000000000000000e-01,0.000000000000000000e+00
6.145000000000000284e+01,5.000000000000000000e-01,0.000000000000000000e+00
6.146000000000000085e+01,5.000000000000000000e-01,0.000000000000000000e+00
6.146999999999999886e+01,5.000000000000000000e-01,0.000000000000000000e+00
6.148000000000000398e+01,5.000000000000000000e-01,0.000000000000000000e+00
6.149000000000000199e+01,5.000000000000000000e-01,0.000000000000000000e+00
6.150000000000000000e+01,5.000000000000000000e-01,0.000000000000000000e+00
6.150999999999999801e+01,5.000000000000000000e-01,0.000000000000000000e+00
6.152000000000000313e+01,5.000000000000000000e-01,0.000000000000000000e+00
6.153000000000000114e+01,5.000000000000000000e-01,0.000000000000000000e+00
6.153999999999999915e+01,5.000000000000000000e-01,0.000000000000000000e+00
6.155000000000000426e+01,5.000000000000000000e-01,0.000000000000000000e+00
6.156000000000000227e+01,5.000000000000000000e-01,0.000000000000000000e+00
6.157000000000000028e+01,5.000000000000000000e-01,0.000000000000000000e+00
6.157999999999999829e+01,5.000000000000000000e-01,0.000000000000000000e+00
6.159000000000000341e+01,5.000000000000000000e-01,0.000000000000000000e+00
6.160000000000000142e+01,5.000000000000000000e-01,0.000000000000000000e+00
6.160999999999999943e+01,5.000000000000000000e-01,0.000000000000000000e+00
6.162000000000000455e+01,5.000000000000000000e-01,0.000000000000000000e+00
6.163000000000000256e+01,5.000000000000000000e-01,0.000000000000000000e+00
6.164000000000000057e+01,5.000000000000000000e-01,0.000000000000000000e+00
6.164999999999999858e+01,5.000000000000000000e-01,0.000000000000000000e+00
6.166000000000000369e+01,5.000000000000000000e-01,0.000000000000000000e+00
6.167000000000000171e+01,5.000000000000000000e-01,0.000000000000000000e+00
6.167999999999999972e+01,5.000000000000000000e-01,0.000000000000000000e+00
6.169000000000000483e+01,5.000000000000000000e-01,0.000000000000000000e+00
6.170000000000000284e+01,5.000000000000000000e-01,0.000000000000000000e+00
6.171000000000000085e+01,5.000000000000000000e-01,0.000000000000000000e+00
6.171999999999999886e+01,5.000000000000000000e-01,0.000000000000000000e+00
6.173000000000000398e+01,5.000000000000000000e-01,0.000000000000000000e+00
6.174000000000000199e+01,5.000000000000000000e-01,0.000000000000000000e+00
6.175000000000000000e+01,5.000000000000000000e-01,0.000000000000000000e+00
6.175999999999999801e+01,5.000000000000000000e-01,0.000000000000000000e+00
6.177000000000000313e+01,5.000000000000000000e-01,0.000000000000000000e+00
6.178000000000000114e+01,5.000000000000000000e-01,0.000000000000000000e+00
6.178999999999999915e+01,5.000000000000000000e-01,0.000000000000000000e+00
6.180000000000000426e+01,5.000000000000000000e-01,0.000000000000000000e+00
6.181000000000000227e+01,5.000000000000000000e-01,0.000000000000000000e+00
6.182000000000000028e+01,5.000000000000000000e-01,0.000000000000000000e+00
6.182999999999999829e+01,5.000000000000000000e-01,0.000000000000000000e+00
6.184000000000000341e+01,5.000000000000000000e-01,0.000000000000000000e+00
6.185000000000000142e+01,5.000000000000000000e-01,0.000000000000000000e+00
6.185999999999999943e+01,5.000000000000000000e-01,0.000000000000000000e+00
6.187000000000000455e+01,5.000000000000000000e-01,0.000000000000000000e+00
6.188000000000000256e+01,5.000000000000000000e-01,0.000000000000000000e+00
6.189000000000000057e+01,5.000000000000000000e-01,0.000000000000000000e+00
6.189999999999999858e+01,5.000000000000000000e-01,0.000000000000000000e+00
6.191000000000000369e+01,5.000000000000000000e-01,0.000000000000000000e+00
6.192000000000000171e+01,5.000000000000000000e-01,0.000000000000000000e+00
6.192999999999999972e+01,5.000000000000000000e-01,0.000000000000000000e+00
6.194000000000000483e+01,5.000000000000000000e-01,0.000000000000000000e+00
6.195000000000000284e+01,5.000000000000000000e-01,0.000000000000000000e+00
6.196000000000000085e+01,5.000000000000000000e-01,0.000000000000000000e+00
6.196999999999999886e+01,5.000000000000000000e-01,0.000000000000000000e+00
6.198000000000000398e+01,5.000000000000000000e-01,0.000000000000000000e+00
6.199000000000000199e+01,5.000000000000000000e-01,0.000000000000000000e+00
6.200000000000000000e+01,5.000000000000000000e-01,0.000000000000000000e+00
6.200999999999999801e+01,5.000000000000000000e-01,0.000000000000000000e+00
6.202000000000000313e+01,5.000000000000000000e-01,0.000000000000000000e+00
6.203000000000000114e+01,5.000000000000000000e-01,0.000000000000000000e+00
6.203999999999999915e+01,5.000000000000000000e-01,0.000000000000000000e+00
6.205000000000000426e+01,5.000000000000000000e-01,0.000000000000000000e+00
6.206000000000000227e+01,5.000000000000000000e-01,0.000000000000000000e+00
6.207000000000000028e+01,5.000000000000000000e-01,0.000000000000000000e+00
6.207999999999999829e+01,5.000000000000000000e-01,0.000000000000000000e+00
6.209000000000000341e+01,5.000000000000000000e-01,0.000000000000000000e+00
6.210000000000000142e+01,5.000000000000000000e-01,0.000000000000000000e+00
6.210999999999999943e+01,5.000000000000000000e-01,0.000000000000000000e+00
6.212000000000000455e+01,5.000000000000000000e-01,0.000000000000000000e+00
6.213000000000000256e+01,5.000000000000000000e-01,0.000000000000000000e+00
6.214000000000000057e+01,5.000000000000000000e-01,0.000000000000000000e+00
6.214999999999999858e+01,5.000000000000000000e-01,0.000000000000000000e+00
6.216000000000000369e+01,5.000000000000000000e-01,0.000000000000000000e+00
6.217000000000000171e+01,5.000000000000000000e-01,0.000000000000000000e+00
6.217999999999999972e+01,5.000000000000000000e-01,0.000000000000000000e+00
6.219000000000000483e+01,5.000000000000000000e-01,0.000000000000000000e+00
6.220000000000000284e+01,5.000000000000000000e-01,0.000000000000000000e+00
6.221000000000000085e+01,5.000000000000000000e-01,0.000000000000000000e+00
6.221999999999999886e+01,5.000000000000000000e-01,0.000000000000000000e+00
6.223000000000000398e+01,5.000000000000000000e-01,0.000000000000000000e+00
6.224000000000000199e+01,5.000000000000000000e-01,0.000000000000000000e+00
6.225000000000000000e+01,5.000000000000000000e-01,0.000000000000000000e+00
6.225999999999999801e+01,5.000000000000000000e-01,0.000000000000000000e+00
6.227000000000000313e+01,5.000000000000000000e-01,0.000000000000000000e+00
6.228000000000000114e+01,5.000000000000000000e-01,0.000000000000000000e+00
6.228999999999999915e+01,5.000000000000000000e-01,0.000000000000000000e+00
6.230000000000000426e+01,5.000000000000000000e-01,0.000000000000000000e+00
6.231000000000000227e+01,5.000000000000000000e-01,0.000000000000000000e+00
6.232000000000000028e+01,5.000000000000000000e-01,0.000000000000000000e+00
6.232999999999999829e+01,5.000000000000000000e-01,0.000000000000000000e+00
6.234000000000000341e+01,5.000000000000000000e-01,0.000000000000000000e+00
6.235000000000000142e+01,5.000000000000000000e-01,0.000000000000000000e+00
6.235999999999999943e+01,5.000000000000000000e-01,0.000000000000000000e+00
6.237000000000000455e+01,5.000000000000000000e-01,0.000000000000000000e+00
6.238000000000000256e+01,5.000000000000000000e-01,0.000000000000000000e+00
6.239000000000000057e+01,5.000000000000000000e-01,0.000000000000000000e+00
6.239999999999999858e+01,5.000000000000000000e-01,0.000000000000000000e+00
6.241000000000000369e+01,5.000000000000000000e-01,0.000000000000000000e+00
6.242000000000000171e+01,5.000000000000000000e-01,0.000000000000000000e+00
6.242999999999999972e+01,5.000000000000000000e-01,0.000000000000000000e+00
6.244000000000000483e+01,5.000000000000000000e-01,0.000000000000000000e+00
6.245000000000000284e+01,5.000000000000000000e-01,0.000000000000000000e+00
6.246000000000000085e+01,5.000000000000000000e-01,0.000000000000000000e+00
6.246999999999999886e+01,5.000000000000000000e-01,0.000000000000000000e+00
6.248000000000000398e+01,5.000000000000000000e-01,0.000000000000000000e+00
6.249000000000000199e+01,5.000000000000000000e-01,0.000000000000000000e+00
6.250000000000000000e+01,5.000000000000000000e-01,0.000000000000000000e+00
6.250999999999999801e+01,5.000000000000000000e-01,0.000000000000000000e+00
6.252000000000000313e+01,5.000000000000000000e-01,0.000000000000000000e+00
6.253000000000000114e+01,5.000000000000000000e-01,0.000000000000000000e+00
6.253999999999999915e+01,5.000000000000000000e-01,0.000000000000000000e+00
6.255000000000000426e+01,5.000000000000000000e-01,0.000000000000000000e+00
6.256000000000000227e+01,5.000000000000000000e-01,0.000000000000000000e+00
6.257000000000000028e+01,5.000000000000000000e-01,0.000000000000000000e+00
6.257999999999999829e+01,5.000000000000000000e-01,0.000000000000000000e+00
6.259000000000000341e+01,5.000000000000000000e-01,0.000000000000000000e+00
6.260000000000000142e+01,5.000000000000000000e-01,0.000000000000000000e+00
6.260999999999999943e+01,5.000000000000000000e-01,0.000000000000000000e+00
6.262000000000000455e+01,5.000000000000000000e-01,0.000000000000000000e+00
6.263000000000000256e+01,5.000000000000000000e-01,0.000000000000000000e+00
6.264000000000000057e+01,5.000000000000000000e-01,0.000000000000000000e+00
6.264999999999999858e+01,5.000000000000000000e-01,0.000000000000000000e+00
6.266000000000000369e+01,5.000000000000000000e-01,0.000000000000000000e+00
6.267000000000000171e+01,5.000000000000000000e-01,0.000000000000000000e+00
6.267999999999999972e+01,5.000000000000000000e-01,0.000000000000000000e+00
6.269000000000000483e+01,5.000000000000000000e-01,0.000000000000000000e+00
6.270000000000000284e+01,5.000000000000000000e-01,0.000000000000000000e+00
6.271000000000000085e+01,5.000000000000000000e-01,0.000000000000000000e+00
6.271999999999999886e+01,5.000000000000000000e-01,0.000000000000000000e+00
6.273000000000000398e+01,5.000000000000000000e-01,0.000000000000000000e+00
6.274000000000000199e+01,5.000000000000000000e-01,0.000000000000000000e+00
6.275000000000000000e+01,5.000000000000000000e-01,0.000000000000000000e+00
6.275999999999999801e+01,5.000000000000000000e-01,0.000000000000000000e+00
6.277000000000000313e+01,5.000000000000000000e-01,0.000000000000000000e+00
6.278000000000000114e+01,5.000000000000000000e-01,0.000000000000000000e+00
6.278999999999999915e+01,5.000000000000000000e-01,0.000000000000000000e+00
6.280000000000000426e+01,5.000000000000000000e-01,0.000000000000000000e+00
6.281000000000000227e+01,5.000000000000000000e-01,0.000000000000000000e+00
6.282000000000000028e+01,5.000000000000000000e-01,0.000000000000000000e+00
6.282999999999999829e+01,5.000000000000000000e-01,0.000000000000000000e+00
6.284000000000000341e+01,5.000000000000000000e-01,0.000000000000000000e+00
6.285000000000000142e+01,5.000000000000000000e-01,0.000000000000000000e+00
6.285999999999999943e+01,5.000000000000000000e-01,0.000000000000000000e+00
6.287000000000000455e+01,5.000000000000000000e-01,0.000000000000000000e+00
6.288000000000000256e+01,5.000000000000000000e-01,0.000000000000000000e+00
6.289000000000000057e+01,5.000000000000000000e-01,0.000000000000000000e+00
6.289999999999999858e+01,5.000000000000000000e-01,0.000000000000000000e+00
6.291000000000000369e+01,5.000000000000000000e-01,0.000000000000000000e+00
6.292000000000000171e+01,5.000000000000000000e-01,0.000000000000000000e+00
6.292999999999999972e+01,5.000000000000000000e-01,0.000000000000000000e+00
6.294000000000000483e+01,5.000000000000000000e-01,0.000000000000000000e+00
6.295000000000000284e+01,5.000000000000000000e-01,0.000000000000000000e+00
6.296000000000000085e+01,5.000000000000000000e-01,0.000000000000000000e+00
6.296999999999999886e+01,5.000000000000000000e-01,0.000000000000000000e+00
6.298000000000000398e+01,5.000000000000000000e-01,0.000000000000000000e+00
6.299000000000000199e+01,5.000000000000000000e-01,0.000000000000000000e+00
6.300000000000000000e+01,5.000000000000000000e-01,0.000000000000000000e+00
6.300999999999999801e+01,5.000000000000000000e-01,0.000000000000000000e+00
6.302000000000000313e+01,5.000000000000000000e-01,0.000000000000000000e+00
6.303000000000000114e+01,5.000000000000000000e-01,0.000000000000000000e+00
6.303999999999999915e+01,5.000000000000000000e-01,0.000000000000000000e+00
6.305000000000000426e+01,5.000000000000000000e-01,0.000000000000000000e+00
6.306000000000000227e+01,5.000000000000000000e-01,0.000000000000000000e+00
6.307000000000000028e+01,5.000000000000000000e-01,0.000000000000000000e+00
6.307999999999999829e+01,5.000000000000000000e-01,0.000000000000000000e+00
6.309000000000000341e+01,5.000000000000000000e-01,0.000000000000000000e+00
6.310000000000000142e+01,5.000000000000000000e-01,0.000000000000000000e+00
6.310999999999999943e+01,5.000000000000000000e-01,0.000000000000000000e+00
6.312000000000000455e+01,5.000000000000000000e-01,0.000000000000000000e+00
6.313000000000000256e+01,5.000000000000000000e-01,0.000000000000000000e+00
6.314000000000000057e+01,5.000000000000000000e-01,0.000000000000000000e+00
6.314999999999999858e+01,5.000000000000000000e-01,0.000000000000000000e+00
6.316000000000000369e+01,5.000000000000000000e-01,0.000000000000000000e+00
6.317000000000000171e+01,5.000000000000000000e-01,0.000000000000000000e+00
6.317999999999999972e+01,5.000000000000000000e-01,0.000000000000000000e+00
6.319000000000000483e+01,5.000000000000000000e-01,0.000000000000000000e+00
6.320000000000000284e+01,5.000000000000000000e-01,0.000000000000000000e+00
6.321000000000000085e+01,5.000000000000000000e-01,0.000000000000000000e+00
6.321999999999999886e+01,5.000000000000000000e-01,0.000000000000000000e+00
6.323000000000000398e+01,5.000000000000000000e-01,0.000000000000000000e+00
6.324000000000000199e+01,5.000000000000000000e-01,0.000000000000000000e+00
6.325000000000000000e+01,5.000000000000000000e-01,0.000000000000000000e+00
6.325999999999999801e+01,5.000000000000000000e-01,0.000000000000000000e+00
6.327000000000000313e+01,5.000000000000000000e-01,0.000000000000000000e+00
6.328000000000000114e+01,5.000000000000000000e-01,0.000000000000000000e+00
6.328999999999999915e+01,5.000000000000000000e-01,0.000000000000000000e+00
6.330000000000000426e+01,5.000000000000000000e-01,0.000000000000000000e+00
6.331000000000000227e+01,5.000000000000000000e-01,0.000000000000000000e+00
6.332000000000000028e+01,5.000000000000000000e-01,0.000000000000000000e+00
6.332999999999999829e+01,5.000000000000000000e-01,0.000000000000000000e+00
6.334000000000000341e+01,5.000000000000000000e-01,0.000000000000000000e+00
6.335000000000000142e+01,5.000000000000000000e-01,0.000000000000000000e+00
6.335999999999999943e+01,5.000000000000000000e-01,0.000000000000000000e+00
6.337000000000000455e+01,5.000000000000000000e-01,0.000000000000000000e+00
6.338000000000000256e+01,5.000000000000000000e-01,0.000000000000000000e+00
6.339000000000000057e+01,5.000000000000000000e-01,0.000000000000000000e+00
6.339999999999999858e+01,5.000000000000000000e-01,0.000000000000000000e+00
6.341000000000000369e+01,5.000000000000000000e-01,0.000000000000000000e+00
6.342000000000000171e+01,5.000000000000000000e-01,0.000000000000000000e+00
6.342999999999999972e+01,5.000000000000000000e-01,0.000000000000000000e+00
6.344000000000000483e+01,5.000000000000000000e-01,0.000000000000000000e+00
6.345000000000000284e+01,5.000000000000000000e-01,0.000000000000000000e+00
6.346000000000000085e+01,5.000000000000000000e-01,0.000000000000000000e+00
6.346999999999999886e+01,5.000000000000000000e-01,0.000000000000000000e+00
6.348000000000000398e+01,5.000000000000000000e-01,0.000000000000000000e+00
6.349000000000000199e+01,5.000000000000000000e-01,0.000000000000000000e+00
6.350000000000000000e+01,5.000000000000000000e-01,0.000000000000000000e+00
6.350999999999999801e+01,5.000000000000000000e-01,0.000000000000000000e+00
6.352000000000000313e+01,5.000000000000000000e-01,0.000000000000000000e+00
6.353000000000000114e+01,5.000000000000000000e-01,0.000000000000000000e+00
6.353999999999999915e+01,5.000000000000000000e-01,0.000000000000000000e+00
6.355000000000000426e+01,5.000000000000000000e-01,0.000000000000000000e+00
6.356000000000000227e+01,5.000000000000000000e-01,0.000000000000000000e+00
6.357000000000000028e+01,5.000000000000000000e-01,0.000000000000000000e+00
6.357999999999999829e+01,5.000000000000000000e-01,0.000000000000000000e+00
6.359000000000000341e+01,5.000000000000000000e-01,0.000000000000000000e+00
6.360000000000000142e+01,5.000000000000000000e-01,0.000000000000000000e+00
6.360999999999999943e+01,5.000000000000000000e-01,0.000000000000000000e+00
6.362000000000000455e+01,5.000000000000000000e-01,0.000000000000000000e+00
6.363000000000000256e+01,5.000000000000000000e-01,0.000000000000000000e+00
6.364000000000000057e+01,5.000000000000000000e-01,0.000000000000000000e+00
6.364999999999999858e+01,5.000000000000000000e-01,0.000000000000000000e+00
6.366000000000000369e+01,5.000000000000000000e-01,0.000000000000000000e+00
6.367000000000000171e+01,5.000000000000000000e-01,0.000000000000000000e+00
6.367999999999999972e+01,5.000000000000000000e-01,0.000000000000000000e+00
6.369000000000000483e+01,5.000000000000000000e-01,0.000000000000000000e+00
6.370000000000000284e+01,5.000000000000000000e-01,0.000000000000000000e+00
6.371000000000000085e+01,5.000000000000000000e-01,0.000000000000000000e+00
6.371999999999999886e+01,5.000000000000000000e-01,0.000000000000000000e+00
6.373000000000000398e+01,5.000000000000000000e-01,0.000000000000000000e+00
6.374000000000000199e+01,5.000000000000000000e-01,0.000000000000000000e+00
6.375000000000000000e+01,5.000000000000000000e-01,0.000000000000000000e+00
6.375999999999999801e+01,5.000000000000000000e-01,0.000000000000000000e+00
6.377000000000000313e+01,5.000000000000000000e-01,0.000000000000000000e+00
6.378000000000000114e+01,5.000000000000000000e-01,0.000000000000000000e+00
6.378999999999999915e+01,5.000000000000000000e-01,0.000000000000000000e+00
6.380000000000000426e+01,5.000000000000000000e-01,0.000000000000000000e+00
6.381000000000000227e+01,5.000000000000000000e-01,0.000000000000000000e+00
6.382000000000000028e+01,5.000000000000000000e-01,0.000000000000000000e+00
6.382999999999999829e+01,5.000000000000000000e-01,0.000000000000000000e+00
6.384000000000000341e+01,5.000000000000000000e-01,0.000000000000000000e+00
6.385000000000000142e+01,5.000000000000000000e-01,0.000000000000000000e+00
6.385999999999999943e+01,5.000000000000000000e-01,0.000000000000000000e+00
6.387000000000000455e+01,5.000000000000000000e-01,0.000000000000000000e+00
6.388000000000000256e+01,5.000000000000000000e-01,0.000000000000000000e+00
6.389000000000000057e+01,5.000000000000000000e-01,0.000000000000000000e+00
6.389999999999999858e+01,5.000000000000000000e-01,0.000000000000000000e+00
6.391000000000000369e+01,5.000000000000000000e-01,0.000000000000000000e+00
6.392000000000000171e+01,5.000000000000000000e-01,0.000000000000000000e+00
6.392999999999999972e+01,5.000000000000000000e-01,0.000000000000000000e+00
6.394000000000000483e+01,5.000000000000000000e-01,0.000000000000000000e+00
6.395000000000000284e+01,5.000000000000000000e-01,0.000000000000000000e+00
6.396000000000000085e+01,5.000000000000000000e-01,0.000000000000000000e+00
6.396999999999999886e+01,5.000000000000000000e-01,0.000000000000000000e+00
6.398000000000000398e+01,5.000000000000000000e-01,0.000000000000000000e+00
6.399000000000000199e+01,5.000000000000000000e-01,0.000000000000000000e+00
6.400000000000000000e+01,5.000000000000000000e-01,0.000000000000000000e+00
6.401000000000000512e+01,5.000000000000000000e-01,0.000000000000000000e+00
6.401999999999999602e+01,5.000000000000000000e-01,0.000000000000000000e+00
6.403000000000000114e+01,5.000000000000000000e-01,0.000000000000000000e+00
6.404000000000000625e+01,5.000000000000000000e-01,0.000000000000000000e+00
6.404999999999999716e+01,5.000000000000000000e-01,0.000000000000000000e+00
6.406000000000000227e+01,5.000000000000000000e-01,0.000000000000000000e+00
6.407000000000000739e+01,5.000000000000000000e-01,0.000000000000000000e+00
6.407999999999999829e+01,5.000000000000000000e-01,0.000000000000000000e+00
6.409000000000000341e+01,5.000000000000000000e-01,0.000000000000000000e+00
6.409999999999999432e+01,5.000000000000000000e-01,0.000000000000000000e+00
6.410999999999999943e+01,5.000000000000000000e-01,0.000000000000000000e+00
6.412000000000000455e+01,5.000000000000000000e-01,0.000000000000000000e+00
6.412999999999999545e+01,5.000000000000000000e-01,0.000000000000000000e+00
6.414000000000000057e+01,5.000000000000000000e-01,0.000000000000000000e+00
6.415000000000000568e+01,5.000000000000000000e-01,0.000000000000000000e+00
6.415999999999999659e+01,5.000000000000000000e-01,0.000000000000000000e+00
6.417000000000000171e+01,5.000000000000000000e-01,0.000000000000000000e+00
6.418000000000000682e+01,5.000000000000000000e-01,0.000000000000000000e+00
6.418999999999999773e+01,5.000000000000000000e-01,0.000000000000000000e+00
6.420000000000000284e+01,5.000000000000000000e-01,0.000000000000000000e+00
6.421000000000000796e+01,5.000000000000000000e-01,0.000000000000000000e+00
6.421999999999999886e+01,5.000000000000000000e-01,0.000000000000000000e+00
6.423000000000000398e+01,5.000000000000000000e-01,0.000000000000000000e+00
6.423999999999999488e+01,5.000000000000000000e-01,0.000000000000000000e+00
6.425000000000000000e+01,5.000000000000000000e-01,0.000000000000000000e+00
6.426000000000000512e+01,5.000000000000000000e-01,0.000000000000000000e+00
6.426999999999999602e+01,5.000000000000000000e-01,0.000000000000000000e+00
6.428000000000000114e+01,5.000000000000000000e-01,0.000000000000000000e+00
6.429000000000000625e+01,5.000000000000000000e-01,0.000000000000000000e+00
6.429999999999999716e+01,5.000000000000000000e-01,0.000000000000000000e+00
6.431000000000000227e+01,5.000000000000000000e-01,0.000000000000000000e+00
6.432000000000000739e+01,5.000000000000000000e-01,0.000000000000000000e+00
6.432999999999999829e+01,5.000000000000000000e-01,0.000000000000000000e+00
6.434000000000000341e+01,5.000000000000000000e-01,0.000000000000000000e+00
6.434999999999999432e+01,5.000000000000000000e-01,0.000000000000000000e+00
6.435999999999999943e+01,5.000000000000000000e-01,0.000000000000000000e+00
6.437000000000000455e+01,5.000000000000000000e-01,0.000000000000000000e+00
6.437999999999999545e+01,5.000000000000000000e-01,0.000000000000000000e+00
6.439000000000000057e+01,5.000000000000000000e-01,0.000000000000000000e+00
6.440000000000000568e+01,5.000000000000000000e-01,0.000000000000000000e+00
6.440999999999999659e+01,5.000000000000000000e-01,0.000000000000000000e+00
6.442000000000000171e+01,5.000000000000000000e-01,0.000000000000000000e+00
6.443000000000000682e+01,5.000000000000000000e-01,0.000000000000000000e+00
6.443999999999999773e+01,5.000000000000000000e-01,0.000000000000000000e+00
6.445000000000000284e+01,5.000000000000000000e-01,0.000000000000000000e+00
6.446000000000000796e+01,5.000000000000000000e-01,0.000000000000000000e+00
6.446999999999999886e+01,5.000000000000000000e-01,0.000000000000000000e+00
6.448000000000000398e+01,5.000000000000000000e-01,0.000000000000000000e+00
6.448999999999999488e+01,5.000000000000000000e-01,0.000000000000000000e+00
6.450000000000000000e+01,5.000000000000000000e-01,0.000000000000000000e+00
6.451000000000000512e+01,5.000000000000000000e-01,0.000000000000000000e+00
6.451999999999999602e+01,5.000000000000000000e-01,0.000000000000000000e+00
6.453000000000000114e+01,5.000000000000000000e-01,0.000000000000000000e+00
6.454000000000000625e+01,5.000000000000000000e-01,0.000000000000000000e+00
6.454999999999999716e+01,5.000000000000000000e-01,0.000000000000000000e+00
6.456000000000000227e+01,5.000000000000000000e-01,0.000000000000000000e+00
6.457000000000000739e+01,5.000000000000000000e-01,0.000000000000000000e+00
6.457999999999999829e+01,5.000000000000000000e-01,0.000000000000000000e+00
6.459000000000000341e+01,5.000000000000000000e-01,0.000000000000000000e+00
6.459999999999999432e+01,5.000000000000000000e-01,0.000000000000000000e+00
6.460999999999999943e+01,5.000000000000000000e-01,0.000000000000000000e+00
6.462000000000000455e+01,5.000000000000000000e-01,0.000000000000000000e+00
6.462999999999999545e+01,5.000000000000000000e-01,0.000000000000000000e+00
6.464000000000000057e+01,5.000000000000000000e-01,0.000000000000000000e+00
6.465000000000000568e+01,5.000000000000000000e-01,0.000000000000000000e+00
6.465999999999999659e+01,5.000000000000000000e-01,0.000000000000000000e+00
6.467000000000000171e+01,5.000000000000000000e-01,0.000000000000000000e+00
6.468000000000000682e+01,5.000000000000000000e-01,0.000000000000000000e+00
6.468999999999999773e+01,5.000000000000000000e-01,0.000000000000000000e+00
6.470000000000000284e+01,5.000000000000000000e-01,0.000000000000000000e+00
6.471000000000000796e+01,5.000000000000000000e-01,0.000000000000000000e+00
6.471999999999999886e+01,5.000000000000000000e-01,0.000000000000000000e+00
6.473000000000000398e+01,5.000000000000000000e-01,0.000000000000000000e+00
6.473999999999999488e+01,5.000000000000000000e-01,0.000000000000000000e+00
6.475000000000000000e+01,5.000000000000000000e-01,0.000000000000000000e+00
6.476000000000000512e+01,5.000000000000000000e-01,0.000000000000000000e+00
6.476999999999999602e+01,5.000000000000000000e-01,0.000000000000000000e+00
6.478000000000000114e+01,5.000000000000000000e-01,0.000000000000000000e+00
6.479000000000000625e+01,5.000000000000000000e-01,0.000000000000000000e+00
6.479999999999999716e+01,5.000000000000000000e-01,0.000000000000000000e+00
6.481000000000000227e+01,5.000000000000000000e-01,0.000000000000000000e+00
6.482000000000000739e+01,5.000000000000000000e-01,0.000000000000000000e+00
6.482999999999999829e+01,5.000000000000000000e-01,0.000000000000000000e+00
6.484000000000000341e+01,5.000000000000000000e-01,0.000000000000000000e+00
6.484999999999999432e+01,5.000000000000000000e-01,0.000000000000000000e+00
6.485999999999999943e+01,5.000000000000000000e-01,0.000000000000000000e+00
6.487000000000000455e+01,5.000000000000000000e-01,0.000000000000000000e+00
6.487999999999999545e+01,5.000000000000000000e-01,0.000000000000000000e+00
6.489000000000000057e+01,5.000000000000000000e-01,0.000000000000000000e+00
6.490000000000000568e+01,5.000000000000000000e-01,0.000000000000000000e+00
6.490999999999999659e+01,5.000000000000000000e-01,0.000000000000000000e+00
6.492000000000000171e+01,5.000000000000000000e-01,0.000000000000000000e+00
6.493000000000000682e+01,5.000000000000000000e-01,0.000000000000000000e+00
6.493999999999999773e+01,5.000000000000000000e-01,0.000000000000000000e+00
6.495000000000000284e+01,5.000000000000000000e-01,0.000000000000000000e+00
6.496000000000000796e+01,5.000000000000000000e-01,0.000000000000000000e+00
6.496999999999999886e+01,5.000000000000000000e-01,0.000000000000000000e+00
6.498000000000000398e+01,5.000000000000000000e-01,0.000000000000000000e+00
6.498999999999999488e+01,5.000000000000000000e-01,0.000000000000000000e+00
6.500000000000000000e+01,5.000000000000000000e-01,0.000000000000000000e+00
6.501000000000000512e+01,5.000000000000000000e-01,0.000000000000000000e+00
6.501999999999999602e+01,5.000000000000000000e-01,0.000000000000000000e+00
6.503000000000000114e+01,5.000000000000000000e-01,0.000000000000000000e+00
6.504000000000000625e+01,5.000000000000000000e-01,0.000000000000000000e+00
6.504999999999999716e+01,5.000000000000000000e-01,0.000000000000000000e+00
6.506000000000000227e+01,5.000000000000000000e-01,0.000000000000000000e+00
6.507000000000000739e+01,5.000000000000000000e-01,0.000000000000000000e+00
6.507999999999999829e+01,5.000000000000000000e-01,0.000000000000000000e+00
6.509000000000000341e+01,5.000000000000000000e-01,0.000000000000000000e+00
6.509999999999999432e+01,5.000000000000000000e-01,0.000000000000000000e+00
6.510999999999999943e+01,5.000000000000000000e-01,0.000000000000000000e+00
6.512000000000000455e+01,5.000000000000000000e-01,0.000000000000000000e+00
6.512999999999999545e+01,5.000000000000000000e-01,0.000000000000000000e+00
6.514000000000000057e+01,5.000000000000000000e-01,0.000000000000000000e+00
6.515000000000000568e+01,5.000000000000000000e-01,0.000000000000000000e+00
6.515999999999999659e+01,5.000000000000000000e-01,0.000000000000000000e+00
6.517000000000000171e+01,5.000000000000000000e-01,0.000000000000000000e+00
6.518000000000000682e+01,5.000000000000000000e-01,0.000000000000000000e+00
6.518999999999999773e+01,5.000000000000000000e-01,0.000000000000000000e+00
6.520000000000000284e+01,5.000000000000000000e-01,0.000000000000000000e+00
6.521000000000000796e+01,5.000000000000000000e-01,0.000000000000000000e+00
6.521999999999999886e+01,5.000000000000000000e-01,0.000000000000000000e+00
6.523000000000000398e+01,5.000000000000000000e-01,0.000000000000000000e+00
6.523999999999999488e+01,5.000000000000000000e-01,0.000000000000000000e+00
6.525000000000000000e+01,5.000000000000000000e-01,0.000000000000000000e+00
6.526000000000000512e+01,5.000000000000000000e-01,0.000000000000000000e+00
6.526999999999999602e+01,5.000000000000000000e-01,0.000000000000000000e+00
6.528000000000000114e+01,5.000000000000000000e-01,0.000000000000000000e+00
6.529000000000000625e+01,5.000000000000000000e-01,0.000000000000000000e+00
6.529999999999999716e+01,5.000000000000000000e-01,0.000000000000000000e+00
6.531000000000000227e+01,5.000000000000000000e-01,0.000000000000000000e+00
6.532000000000000739e+01,5.000000000000000000e-01,0.000000000000000000e+00
6.532999999999999829e+01,5.000000000000000000e-01,0.000000000000000000e+00
6.534000000000000341e+01,5.000000000000000000e-01,0.000000000000000000e+00
6.534999999999999432e+01,5.000000000000000000e-01,0.000000000000000000e+00
6.535999999999999943e+01,5.000000000000000000e-01,0.000000000000000000e+00
6.537000000000000455e+01,5.000000000000000000e-01,0.000000000000000000e+00
6.537999999999999545e+01,5.000000000000000000e-01,0.000000000000000000e+00
6.539000000000000057e+01,5.000000000000000000e-01,0.000000000000000000e+00
6.540000000000000568e+01,5.000000000000000000e-01,0.000000000000000000e+00
6.540999999999999659e+01,5.000000000000000000e-01,0.000000000000000000e+00
6.542000000000000171e+01,5.000000000000000000e-01,0.000000000000000000e+00
6.543000000000000682e+01,5.000000000000000000e-01,0.000000000000000000e+00
6.543999999999999773e+01,5.000000000000000000e-01,0.000000000000000000e+00
6.545000000000000284e+01,5.000000000000000000e-01,0.000000000000000000e+00
6.546000000000000796e+01,5.000000000000000000e-01,0.000000000000000000e+00
6.546999999999999886e+01,5.000000000000000000e-01,0.000000000000000000e+00
6.548000000000000398e+01,5.000000000000000000e-01,0.000000000000000000e+00
6.548999999999999488e+01,5.000000000000000000e-01,0.000000000000000000e+00
6.550000000000000000e+01,5.000000000000000000e-01,0.000000000000000000e+00
6.551000000000000512e+01,5.000000000000000000e-01,0.000000000000000000e+00
6.551999999999999602e+01,5.000000000000000000e-01,0.000000000000000000e+00
6.553000000000000114e+01,5.000000000000000000e-01,0.000000000000000000e+00
6.554000000000000625e+01,5.000000000000000000e-01,0.000000000000000000e+00
6.554999999999999716e+01,5.000000000000000000e-01,0.000000000000000000e+00
6.556000000000000227e+01,5.000000000000000000e-01,0.000000000000000000e+00
6.557000000000000739e+01,5.000000000000000000e-01,0.000000000000000000e+00
6.557999999999999829e+01,5.000000000000000000e-01,0.000000000000000000e+00
6.559000000000000341e+01,5.000000000000000000e-01,0.000000000000000000e+00
6.559999999999999432e+01,5.000000000000000000e-01,0.000000000000000000e+00
6.560999999999999943e+01,5.000000000000000000e-01,0.000000000000000000e+00
6.562000000000000455e+01,5.000000000000000000e-01,0.000000000000000000e+00
6.562999999999999545e+01,5.000000000000000000e-01,0.000000000000000000e+00
6.564000000000000057e+01,5.000000000000000000e-01,0.000000000000000000e+00
6.565000000000000568e+01,5.000000000000000000e-01,0.000000000000000000e+00
6.565999999999999659e+01,5.000000000000000000e-01,0.000000000000000000e+00
6.567000000000000171e+01,5.000000000000000000e-01,0.000000000000000000e+00
6.568000000000000682e+01,5.000000000000000000e-01,0.000000000000000000e+00
6.568999999999999773e+01,5.000000000000000000e-01,0.000000000000000000e+00
6.570000000000000284e+01,5.000000000000000000e-01,0.000000000000000000e+00
6.571000000000000796e+01,5.000000000000000000e-01,0.000000000000000000e+00
6.571999999999999886e+01,5.000000000000000000e-01,0.000000000000000000e+00
6.573000000000000398e+01,5.000000000000000000e-01,0.000000000000000000e+00
6.573999999999999488e+01,5.000000000000000000e-01,0.000000000000000000e+00
6.575000000000000000e+01,5.000000000000000000e-01,0.000000000000000000e+00
6.576000000000000512e+01,5.000000000000000000e-01,0.000000000000000000e+00
6.576999999999999602e+01,5.000000000000000000e-01,0.000000000000000000e+00
6.578000000000000114e+01,5.000000000000000000e-01,0.000000000000000000e+00
6.579000000000000625e+01,5.000000000000000000e-01,0.000000000000000000e+00
6.579999999999999716e+01,5.000000000000000000e-01,0.000000000000000000e+00
6.581000000000000227e+01,5.000000000000000000e-01,0.000000000000000000e+00
6.582000000000000739e+01,5.000000000000000000e-01,0.000000000000000000e+00
6.582999999999999829e+01,5.000000000000000000e-01,0.000000000000000000e+00
6.584000000000000341e+01,5.000000000000000000e-01,0.000000000000000000e+00
6.584999999999999432e+01,5.000000000000000000e-01,0.000000000000000000e+00
6.585999999999999943e+01,5.000000000000000000e-01,0.000000000000000000e+00
6.587000000000000455e+01,5.000000000000000000e-01,0.000000000000000000e+00
6.587999999999999545e+01,5.000000000000000000e-01,0.000000000000000000e+00
6.589000000000000057e+01,5.000000000000000000e-01,0.000000000000000000e+00
6.590000000000000568e+01,5.000000000000000000e-01,0.000000000000000000e+00
6.590999999999999659e+01,5.000000000000000000e-01,0.000000000000000000e+00
6.592000000000000171e+01,5.000000000000000000e-01,0.000000000000000000e+00
6.593000000000000682e+01,5.000000000000000000e-01,0.000000000000000000e+00
6.593999999999999773e+01,5.000000000000000000e-01,0.000000000000000000e+00
6.595000000000000284e+01,5.000000000000000000e-01,0.000000000000000000e+00
6.596000000000000796e+01,5.000000000000000000e-01,0.000000000000000000e+00
6.596999999999999886e+01,5.000000000000000000e-01,0.000000000000000000e+00
6.598000000000000398e+01,5.000000000000000000e-01,0.000000000000000000e+00
6.598999999999999488e+01,5.000000000000000000e-01,0.000000000000000000e+00
6.600000000000000000e+01,5.000000000000000000e-01,0.000000000000000000e+00
6.601000000000000512e+01,5.000000000000000000e-01,0.000000000000000000e+00
6.601999999999999602e+01,5.000000000000000000e-01,0.000000000000000000e+00
6.603000000000000114e+01,5.000000000000000000e-01,0.000000000000000000e+00
6.604000000000000625e+01,5.000000000000000000e-01,0.000000000000000000e+00
6.604999999999999716e+01,5.000000000000000000e-01,0.000000000000000000e+00
6.606000000000000227e+01,5.000000000000000000e-01,0.000000000000000000e+00
6.607000000000000739e+01,5.000000000000000000e-01,0.000000000000000000e+00
6.607999999999999829e+01,5.000000000000000000e-01,0.000000000000000000e+00
6.609000000000000341e+01,5.000000000000000000e-01,0.000000000000000000e+00
6.609999999999999432e+01,5.000000000000000000e-01,0.000000000000000000e+00
6.610999999999999943e+01,5.000000000000000000e-01,0.000000000000000000e+00
6.612000000000000455e+01,5.000000000000000000e-01,0.000000000000000000e+00
6.612999999999999545e+01,5.000000000000000000e-01,0.000000000000000000e+00
6.614000000000000057e+01,5.000000000000000000e-01,0.000000000000000000e+00
6.615000000000000568e+01,5.000000000000000000e-01,0.000000000000000000e+00
6.615999999999999659e+01,5.000000000000000000e-01,0.000000000000000000e+00
6.617000000000000171e+01,5.000000000000000000e-01,0.000000000000000000e+00
6.618000000000000682e+01,5.000000000000000000e-01,0.000000000000000000e+00
6.618999999999999773e+01,5.000000000000000000e-01,0.000000000000000000e+00
6.620000000000000284e+01,5.000000000000000000e-01,0.000000000000000000e+00
6.621000000000000796e+01,5.000000000000000000e-01,0.000000000000000000e+00
6.621999999999999886e+01,5.000000000000000000e-01,0.000000000000000000e+00
6.623000000000000398e+01,5.000000000000000000e-01,0.000000000000000000e+00
6.623999999999999488e+01,5.000000000000000000e-01,0.000000000000000000e+00
6.625000000000000000e+01,5.000000000000000000e-01,0.000000000000000000e+00
6.626000000000000512e+01,5.000000000000000000e-01,0.000000000000000000e+00
6.626999999999999602e+01,5.000000000000000000e-01,0.000000000000000000e+00
6.628000000000000114e+01,5.000000000000000000e-01,0.000000000000000000e+00
6.629000000000000625e+01,5.000000000000000000e-01,0.000000000000000000e+00
6.629999999999999716e+01,5.000000000000000000e-01,0.000000000000000000e+00
6.631000000000000227e+01,5.000000000000000000e-01,0.000000000000000000e+00
6.632000000000000739e+01,5.000000000000000000e-01,0.000000000000000000e+00
6.632999999999999829e+01,5.000000000000000000e-01,0.000000000000000000e+00
6.634000000000000341e+01,5.000000000000000000e-01,0.000000000000000000e+00
6.634999999999999432e+01,5.000000000000000000e-01,0.000000000000000000e+00
6.635999999999999943e+01,5.000000000000000000e-01,0.000000000000000000e+00
6.637000000000000455e+01,5.000000000000000000e-01,0.000000000000000000e+00
6.637999999999999545e+01,5.000000000000000000e-01,0.000000000000000000e+00
6.639000000000000057e+01,5.000000000000000000e-01,0.000000000000000000e+00
6.640000000000000568e+01,5.000000000000000000e-01,0.000000000000000000e+00
6.640999999999999659e+01,5.000000000000000000e-01,0.000000000000000000e+00
6.642000000000000171e+01,5.000000000000000000e-01,0.000000000000000000e+00
6.643000000000000682e+01,5.000000000000000000e-01,0.000000000000000000e+00
6.643999999999999773e+01,5.000000000000000000e-01,0.000000000000000000e+00
6.645000000000000284e+01,5.000000000000000000e-01,0.000000000000000000e+00
6.646000000000000796e+01,5.000000000000000000e-01,0.000000000000000000e+00
6.646999999999999886e+01,5.000000000000000000e-01,0.000000000000000000e+00
6.648000000000000398e+01,5.000000000000000000e-01,0.000000000000000000e+00
6.648999999999999488e+01,5.000000000000000000e-01,0.000000000000000000e+00
6.650000000000000000e+01,5.000000000000000000e-01,0.000000000000000000e+00
6.651000000000000512e+01,5.000000000000000000e-01,0.000000000000000000e+00
6.651999999999999602e+01,5.000000000000000000e-01,0.000000000000000000e+00
6.653000000000000114e+01,5.000000000000000000e-01,0.000000000000000000e+00
6.654000000000000625e+01,5.000000000000000000e-01,0.000000000000000000e+00
6.654999999999999716e+01,5.000000000000000000e-01,0.000000000000000000e+00
6.656000000000000227e+01,5.000000000000000000e-01,0.000000000000000000e+00
6.657000000000000739e+01,5.000000000000000000e-01,0.000000000000000000e+00
6.657999999999999829e+01,5.000000000000000000e-01,0.000000000000000000e+00
6.659000000000000341e+01,5.000000000000000000e-01,0.000000000000000000e+00
6.659999999999999432e+01,5.000000000000000000e-01,0.000000000000000000e+00
6.660999999999999943e+01,5.000000000000000000e-01,0.000000000000000000e+00
6.662000000000000455e+01,5.000000000000000000e-01,0.000000000000000000e+00
6.662999999999999545e+01,5.000000000000000000e-01,0.000000000000000000e+00
6.664000000000000057e+01,5.000000000000000000e-01,0.000000000000000000e+00
6.665000000000000568e+01,5.000000000000000000e-01,0.000000000000000000e+00
6.665999999999999659e+01,5.000000000000000000e-01,0.000000000000000000e+00
6.667000000000000171e+01,5.000000000000000000e-01,0.000000000000000000e+00
6.668000000000000682e+01,5.000000000000000000e-01,0.000000000000000000e+00
6.668999999999999773e+01,5.000000000000000000e-01,0.000000000000000000e+00
6.670000000000000284e+01,5.000000000000000000e-01,0.000000000000000000e+00
6.671000000000000796e+01,5.000000000000000000e-01,0.000000000000000000e+00
6.671999999999999886e+01,5.000000000000000000e-01,0.000000000000000000e+00
6.673000000000000398e+01,5.000000000000000000e-01,0.000000000000000000e+00
6.673999999999999488e+01,5.000000000000000000e-01,0.000000000000000000e+00
6.675000000000000000e+01,5.000000000000000000e-01,0.000000000000000000e+00
6.676000000000000512e+01,5.000000000000000000e-01,0.000000000000000000e+00
6.676999999999999602e+01,5.000000000000000000e-01,0.000000000000000000e+00
6.678000000000000114e+01,5.000000000000000000e-01,0.000000000000000000e+00
6.679000000000000625e+01,5.000000000000000000e-01,0.000000000000000000e+00
6.679999999999999716e+01,5.000000000000000000e-01,0.000000000000000000e+00
6.681000000000000227e+01,5.000000000000000000e-01,0.000000000000000000e+00
6.682000000000000739e+01,5.000000000000000000e-01,0.000000000000000000e+00
6.682999999999999829e+01,5.000000000000000000e-01,0.000000000000000000e+00
6.684000000000000341e+01,5.000000000000000000e-01,0.000000000000000000e+00
6.684999999999999432e+01,5.000000000000000000e-01,0.000000000000000000e+00
6.685999999999999943e+01,5.000000000000000000e-01,0.000000000000000000e+00
6.687000000000000455e+01,5.000000000000000000e-01,0.000000000000000000e+00
6.687999999999999545e+01,5.000000000000000000e-01,0.000000000000000000e+00
6.689000000000000057e+01,5.000000000000000000e-01,0.000000000000000000e+00
6.690000000000000568e+01,5.000000000000000000e-01,0.000000000000000000e+00
6.690999999999999659e+01,5.000000000000000000e-01,0.000000000000000000e+00
6.692000000000000171e+01,5.000000000000000000e-01,0.000000000000000000e+00
6.693000000000000682e+01,5.000000000000000000e-01,0.000000000000000000e+00
6.693999999999999773e+01,5.000000000000000000e-01,0.000000000000000000e+00
6.695000000000000284e+01,5.000000000000000000e-01,0.000000000000000000e+00
6.696000000000000796e+01,5.000000000000000000e-01,0.000000000000000000e+00
6.696999999999999886e+01,5.000000000000000000e-01,0.000000000000000000e+00
6.698000000000000398e+01,5.000000000000000000e-01,0.000000000000000000e+00
6.698999999999999488e+01,5.000000000000000000e-01,0.000000000000000000e+00
6.700000000000000000e+01,5.000000000000000000e-01,0.000000000000000000e+00
6.701000000000000512e+01,5.000000000000000000e-01,0.000000000000000000e+00
6.701999999999999602e+01,5.000000000000000000e-01,0.000000000000000000e+00
6.703000000000000114e+01,5.000000000000000000e-01,0.000000000000000000e+00
6.704000000000000625e+01,5.000000000000000000e-01,0.000000000000000000e+00
6.704999999999999716e+01,5.000000000000000000e-01,0.000000000000000000e+00
6.706000000000000227e+01,5.000000000000000000e-01,0.000000000000000000e+00
6.707000000000000739e+01,5.000000000000000000e-01,0.000000000000000000e+00
6.707999999999999829e+01,5.000000000000000000e-01,0.000000000000000000e+00
6.709000000000000341e+01,5.000000000000000000e-01,0.000000000000000000e+00
6.709999999999999432e+01,5.000000000000000000e-01,0.000000000000000000e+00
6.710999999999999943e+01,5.000000000000000000e-01,0.000000000000000000e+00
6.712000000000000455e+01,5.000000000000000000e-01,0.000000000000000000e+00
6.712999999999999545e+01,5.000000000000000000e-01,0.000000000000000000e+00
6.714000000000000057e+01,5.000000000000000000e-01,0.000000000000000000e+00
6.715000000000000568e+01,5.000000000000000000e-01,0.000000000000000000e+00
6.715999999999999659e+01,5.000000000000000000e-01,0.000000000000000000e+00
6.717000000000000171e+01,5.000000000000000000e-01,0.000000000000000000e+00
6.718000000000000682e+01,5.000000000000000000e-01,0.000000000000000000e+00
6.718999999999999773e+01,5.000000000000000000e-01,0.000000000000000000e+00
6.720000000000000284e+01,5.000000000000000000e-01,0.000000000000000000e+00
6.721000000000000796e+01,5.000000000000000000e-01,0.000000000000000000e+00
6.721999999999999886e+01,5.000000000000000000e-01,0.000000000000000000e+00
6.723000000000000398e+01,5.000000000000000000e-01,0.000000000000000000e+00
6.723999999999999488e+01,5.000000000000000000e-01,0.000000000000000000e+00
6.725000000000000000e+01,5.000000000000000000e-01,0.000000000000000000e+00
6.726000000000000512e+01,5.000000000000000000e-01,0.000000000000000000e+00
6.726999999999999602e+01,5.000000000000000000e-01,0.000000000000000000e+00
6.728000000000000114e+01,5.000000000000000000e-01,0.000000000000000000e+00
6.729000000000000625e+01,5.000000000000000000e-01,0.000000000000000000e+00
6.729999999999999716e+01,5.000000000000000000e-01,0.000000000000000000e+00
6.731000000000000227e+01,5.000000000000000000e-01,0.000000000000000000e+00
6.732000000000000739e+01,5.000000000000000000e-01,0.000000000000000000e+00
6.732999999999999829e+01,5.000000000000000000e-01,0.000000000000000000e+00
6.734000000000000341e+01,5.000000000000000000e-01,0.000000000000000000e+00
6.734999999999999432e+01,5.000000000000000000e-01,0.000000000000000000e+00
6.735999999999999943e+01,5.000000000000000000e-01,0.000000000000000000e+00
6.737000000000000455e+01,5.000000000000000000e-01,0.000000000000000000e+00
6.737999999999999545e+01,5.000000000000000000e-01,0.000000000000000000e+00
6.739000000000000057e+01,5.000000000000000000e-01,0.000000000000000000e+00
6.740000000000000568e+01,5.000000000000000000e-01,0.000000000000000000e+00
6.740999999999999659e+01,5.000000000000000000e-01,0.000000000000000000e+00
6.742000000000000171e+01,5.000000000000000000e-01,0.000000000000000000e+00
6.743000000000000682e+01,5.000000000000000000e-01,0.000000000000000000e+00
6.743999999999999773e+01,5.000000000000000000e-01,0.000000000000000000e+00
6.745000000000000284e+01,5.000000000000000000e-01,0.000000000000000000e+00
6.746000000000000796e+01,5.000000000000000000e-01,0.000000000000000000e+00
6.746999999999999886e+01,5.000000000000000000e-01,0.000000000000000000e+00
6.748000000000000398e+01,5.000000000000000000e-01,0.000000000000000000e+00
6.748999999999999488e+01,5.000000000000000000e-01,0.000000000000000000e+00
6.750000000000000000e+01,5.000000000000000000e-01,0.000000000000000000e+00
6.751000000000000512e+01,5.000000000000000000e-01,0.000000000000000000e+00
6.751999999999999602e+01,5.000000000000000000e-01,0.000000000000000000e+00
6.753000000000000114e+01,5.000000000000000000e-01,0.000000000000000000e+00
6.754000000000000625e+01,5.000000000000000000e-01,0.000000000000000000e+00
6.754999999999999716e+01,5.000000000000000000e-01,0.000000000000000000e+00
6.756000000000000227e+01,5.000000000000000000e-01,0.000000000000000000e+00
6.757000000000000739e+01,5.000000000000000000e-01,0.000000000000000000e+00
6.757999999999999829e+01,5.000000000000000000e-01,0.000000000000000000e+00
6.759000000000000341e+01,5.000000000000000000e-01,0.000000000000000000e+00
6.759999999999999432e+01,5.000000000000000000e-01,0.000000000000000000e+00
6.760999999999999943e+01,5.000000000000000000e-01,0.000000000000000000e+00
6.762000000000000455e+01,5.000000000000000000e-01,0.000000000000000000e+00
6.762999999999999545e+01,5.000000000000000000e-01,0.000000000000000000e+00
6.764000000000000057e+01,5.000000000000000000e-01,0.000000000000000000e+00
6.765000000000000568e+01,5.000000000000000000e-01,0.000000000000000000e+00
6.765999999999999659e+01,5.000000000000000000e-01,0.000000000000000000e+00
6.767000000000000171e+01,5.000000000000000000e-01,0.000000000000000000e+00
6.768000000000000682e+01,5.000000000000000000e-01,0.000000000000000000e+00
6.768999999999999773e+01,5.000000000000000000e-01,0.000000000000000000e+00
6.770000000000000284e+01,5.000000000000000000e-01,0.000000000000000000e+00
6.771000000000000796e+01,5.000000000000000000e-01,0.000000000000000000e+00
6.771999999999999886e+01,5.000000000000000000e-01,0.000000000000000000e+00
6.773000000000000398e+01,5.000000000000000000e-01,0.000000000000000000e+00
6.773999999999999488e+01,5.000000000000000000e-01,0.000000000000000000e+00
6.775000000000000000e+01,5.000000000000000000e-01,0.000000000000000000e+00
6.776000000000000512e+01,5.000000000000000000e-01,0.000000000000000000e+00
6.776999999999999602e+01,5.000000000000000000e-01,0.000000000000000000e+00
6.778000000000000114e+01,5.000000000000000000e-01,0.000000000000000000e+00
6.779000000000000625e+01,5.000000000000000000e-01,0.000000000000000000e+00
6.779999999999999716e+01,5.000000000000000000e-01,0.000000000000000000e+00
6.781000000000000227e+01,5.000000000000000000e-01,0.000000000000000000e+00
6.782000000000000739e+01,5.000000000000000000e-01,0.000000000000000000e+00
6.782999999999999829e+01,5.000000000000000000e-01,0.000000000000000000e+00
6.784000000000000341e+01,5.000000000000000000e-01,0.000000000000000000e+00
6.784999999999999432e+01,5.000000000000000000e-01,0.000000000000000000e+00
6.785999999999999943e+01,5.000000000000000000e-01,0.000000000000000000e+00
6.787000000000000455e+01,5.000000000000000000e-01,0.000000000000000000e+00
6.787999999999999545e+01,5.000000000000000000e-01,0.000000000000000000e+00
6.789000000000000057e+01,5.000000000000000000e-01,0.000000000000000000e+00
6.790000000000000568e+01,5.000000000000000000e-01,0.000000000000000000e+00
6.790999999999999659e+01,5.000000000000000000e-01,0.000000000000000000e+00
6.792000000000000171e+01,5.000000000000000000e-01,0.000000000000000000e+00
6.793000000000000682e+01,5.000000000000000000e-01,0.000000000000000000e+00
6.793999999999999773e+01,5.000000000000000000e-01,0.000000000000000000e+00
6.795000000000000284e+01,5.000000000000000000e-01,0.000000000000000000e+00
6.796000000000000796e+01,5.000000000000000000e-01,0.000000000000000000e+00
6.796999999999999886e+01,5.000000000000000000e-01,0.000000000000000000e+00
6.798000000000000398e+01,5.000000000000000000e-01,0.000000000000000000e+00
6.798999999999999488e+01,5.000000000000000000e-01,0.000000000000000000e+00
6.800000000000000000e+01,5.000000000000000000e-01,0.000000000000000000e+00
6.801000000000000512e+01,5.000000000000000000e-01,0.000000000000000000e+00
6.801999999999999602e+01,5.000000000000000000e-01,0.000000000000000000e+00
6.803000000000000114e+01,5.000000000000000000e-01,0.000000000000000000e+00
6.804000000000000625e+01,5.000000000000000000e-01,0.000000000000000000e+00
6.804999999999999716e+01,5.000000000000000000e-01,0.000000000000000000e+00
6.806000000000000227e+01,5.000000000000000000e-01,0.000000000000000000e+00
6.807000000000000739e+01,5.000000000000000000e-01,0.000000000000000000e+00
6.807999999999999829e+01,5.000000000000000000e-01,0.000000000000000000e+00
6.809000000000000341e+01,5.000000000000000000e-01,0.000000000000000000e+00
6.809999999999999432e+01,5.000000000000000000e-01,0.000000000000000000e+00
6.810999999999999943e+01,5.000000000000000000e-01,0.000000000000000000e+00
6.812000000000000455e+01,5.000000000000000000e-01,0.000000000000000000e+00
6.812999999999999545e+01,5.000000000000000000e-01,0.000000000000000000e+00
6.814000000000000057e+01,5.000000000000000000e-01,0.000000000000000000e+00
6.815000000000000568e+01,5.000000000000000000e-01,0.000000000000000000e+00
6.815999999999999659e+01,5.000000000000000000e-01,0.000000000000000000e+00
6.817000000000000171e+01,5.000000000000000000e-01,0.000000000000000000e+00
6.818000000000000682e+01,5.000000000000000000e-01,0.000000000000000000e+00
6.818999999999999773e+01,5.000000000000000000e-01,0.000000000000000000e+00
6.820000000000000284e+01,5.000000000000000000e-01,0.000000000000000000e+00
6.821000000000000796e+01,5.000000000000000000e-01,0.000000000000000000e+00
6.821999999999999886e+01,5.000000000000000000e-01,0.000000000000000000e+00
6.823000000000000398e+01,5.000000000000000000e-01,0.000000000000000000e+00
6.823999999999999488e+01,5.000000000000000000e-01,0.000000000000000000e+00
6.825000000000000000e+01,5.000000000000000000e-01,0.000000000000000000e+00
6.826000000000000512e+01,5.000000000000000000e-01,0.000000000000000000e+00
6.826999999999999602e+01,5.000000000000000000e-01,0.000000000000000000e+00
6.828000000000000114e+01,5.000000000000000000e-01,0.000000000000000000e+00
6.829000000000000625e+01,5.000000000000000000e-01,0.000000000000000000e+00
6.829999999999999716e+01,5.000000000000000000e-01,0.000000000000000000e+00
6.831000000000000227e+01,5.000000000000000000e-01,0.000000000000000000e+00
6.832000000000000739e+01,5.000000000000000000e-01,0.000000000000000000e+00
6.832999999999999829e+01,5.000000000000000000e-01,0.000000000000000000e+00
6.834000000000000341e+01,5.000000000000000000e-01,0.000000000000000000e+00
6.835000000000000853e+01,5.000000000000000000e-01,0.000000000000000000e+00
6.835999999999999943e+01,5.000000000000000000e-01,0.000000000000000000e+00
6.837000000000000455e+01,5.000000000000000000e-01,0.000000000000000000e+00
6.837999999999999545e+01,5.000000000000000000e-01,0.000000000000000000e+00
6.839000000000000057e+01,5.000000000000000000e-01,0.000000000000000000e+00
6.840000000000000568e+01,5.000000000000000000e-01,0.000000000000000000e+00
6.840999999999999659e+01,5.000000000000000000e-01,0.000000000000000000e+00
6.842000000000000171e+01,5.000000000000000000e-01,0.000000000000000000e+00
6.843000000000000682e+01,5.000000000000000000e-01,0.000000000000000000e+00
6.843999999999999773e+01,5.000000000000000000e-01,0.000000000000000000e+00
6.845000000000000284e+01,5.000000000000000000e-01,0.000000000000000000e+00
6.846000000000000796e+01,5.000000000000000000e-01,0.000000000000000000e+00
6.846999999999999886e+01,5.000000000000000000e-01,0.000000000000000000e+00
6.848000000000000398e+01,5.000000000000000000e-01,0.000000000000000000e+00
6.848999999999999488e+01,5.000000000000000000e-01,0.000000000000000000e+00
6.850000000000000000e+01,5.000000000000000000e-01,0.000000000000000000e+00
6.851000000000000512e+01,5.000000000000000000e-01,0.000000000000000000e+00
6.851999999999999602e+01,5.000000000000000000e-01,0.000000000000000000e+00
6.853000000000000114e+01,5.000000000000000000e-01,0.000000000000000000e+00
6.854000000000000625e+01,5.000000000000000000e-01,0.000000000000000000e+00
6.854999999999999716e+01,5.000000000000000000e-01,0.000000000000000000e+00
6.856000000000000227e+01,5.000000000000000000e-01,0.000000000000000000e+00
6.857000000000000739e+01,5.000000000000000000e-01,0.000000000000000000e+00
6.857999999999999829e+01,5.000000000000000000e-01,0.000000000000000000e+00
6.859000000000000341e+01,5.000000000000000000e-01,0.000000000000000000e+00
6.860000000000000853e+01,5.000000000000000000e-01,0.000000000000000000e+00
6.860999999999999943e+01,5.000000000000000000e-01,0.000000000000000000e+00
6.862000000000000455e+01,5.000000000000000000e-01,0.000000000000000000e+00
6.862999999999999545e+01,5.000000000000000000e-01,0.000000000000000000e+00
6.864000000000000057e+01,5.000000000000000000e-01,0.000000000000000000e+00
6.865000000000000568e+01,5.000000000000000000e-01,0.000000000000000000e+00
6.865999999999999659e+01,5.000000000000000000e-01,0.000000000000000000e+00
6.867000000000000171e+01,5.000000000000000000e-01,0.000000000000000000e+00
6.868000000000000682e+01,5.000000000000000000e-01,0.000000000000000000e+00
6.868999999999999773e+01,5.000000000000000000e-01,0.000000000000000000e+00
6.870000000000000284e+01,5.000000000000000000e-01,0.000000000000000000e+00
6.871000000000000796e+01,5.000000000000000000e-01,0.000000000000000000e+00
6.871999999999999886e+01,5.000000000000000000e-01,0.000000000000000000e+00
6.873000000000000398e+01,5.000000000000000000e-01,0.000000000000000000e+00
6.873999999999999488e+01,5.000000000000000000e-01,0.000000000000000000e+00
6.875000000000000000e+01,5.000000000000000000e-01,0.000000000000000000e+00
6.876000000000000512e+01,5.000000000000000000e-01,0.000000000000000000e+00
6.876999999999999602e+01,5.000000000000000000e-01,0.000000000000000000e+00
6.878000000000000114e+01,5.000000000000000000e-01,0.000000000000000000e+00
6.879000000000000625e+01,5.000000000000000000e-01,0.000000000000000000e+00
6.879999999999999716e+01,5.000000000000000000e-01,0.000000000000000000e+00
6.881000000000000227e+01,5.000000000000000000e-01,0.000000000000000000e+00
6.882000000000000739e+01,5.000000000000000000e-01,0.000000000000000000e+00
6.882999999999999829e+01,5.000000000000000000e-01,0.000000000000000000e+00
6.884000000000000341e+01,5.000000000000000000e-01,0.000000000000000000e+00
6.885000000000000853e+01,5.000000000000000000e-01,0.000000000000000000e+00
6.885999999999999943e+01,5.000000000000000000e-01,0.000000000000000000e+00
6.887000000000000455e+01,5.000000000000000000e-01,0.000000000000000000e+00
6.887999999999999545e+01,5.000000000000000000e-01,0.000000000000000000e+00
6.889000000000000057e+01,5.000000000000000000e-01,0.000000000000000000e+00
6.890000000000000568e+01,5.000000000000000000e-01,0.000000000000000000e+00
6.890999999999999659e+01,5.000000000000000000e-01,0.000000000000000000e+00
6.892000000000000171e+01,5.000000000000000000e-01,0.000000000000000000e+00
6.893000000000000682e+01,5.000000000000000000e-01,0.000000000000000000e+00
6.893999999999999773e+01,5.000000000000000000e-01,0.000000000000000000e+00
6.895000000000000284e+01,5.000000000000000000e-01,0.000000000000000000e+00
6.896000000000000796e+01,5.000000000000000000e-01,0.000000000000000000e+00
6.896999999999999886e+01,5.000000000000000000e-01,0.000000000000000000e+00
6.898000000000000398e+01,5.000000000000000000e-01,0.000000000000000000e+00
6.898999999999999488e+01,5.000000000000000000e-01,0.000000000000000000e+00
6.900000000000000000e+01,5.000000000000000000e-01,0.000000000000000000e+00
6.901000000000000512e+01,5.000000000000000000e-01,0.000000000000000000e+00
6.901999999999999602e+01,5.000000000000000000e-01,0.000000000000000000e+00
6.903000000000000114e+01,5.000000000000000000e-01,0.000000000000000000e+00
6.904000000000000625e+01,5.000000000000000000e-01,0.000000000000000000e+00
6.904999999999999716e+01,5.000000000000000000e-01,0.000000000000000000e+00
6.906000000000000227e+01,5.000000000000000000e-01,0.000000000000000000e+00
6.907000000000000739e+01,5.000000000000000000e-01,0.000000000000000000e+00
6.907999999999999829e+01,5.000000000000000000e-01,0.000000000000000000e+00
6.909000000000000341e+01,5.000000000000000000e-01,0.000000000000000000e+00
6.910000000000000853e+01,5.000000000000000000e-01,0.000000000000000000e+00
6.910999999999999943e+01,5.000000000000000000e-01,0.000000000000000000e+00
6.912000000000000455e+01,5.000000000000000000e-01,0.000000000000000000e+00
6.912999999999999545e+01,5.000000000000000000e-01,0.000000000000000000e+00
6.914000000000000057e+01,5.000000000000000000e-01,0.000000000000000000e+00
6.915000000000000568e+01,5.000000000000000000e-01,0.000000000000000000e+00
6.915999999999999659e+01,5.000000000000000000e-01,0.000000000000000000e+00
6.917000000000000171e+01,5.000000000000000000e-01,0.000000000000000000e+00
6.918000000000000682e+01,5.000000000000000000e-01,0.000000000000000000e+00
6.918999999999999773e+01,5.000000000000000000e-01,0.000000000000000000e+00
6.920000000000000284e+01,5.000000000000000000e-01,0.000000000000000000e+00
6.921000000000000796e+01,5.000000000000000000e-01,0.000000000000000000e+00
6.921999999999999886e+01,5.000000000000000000e-01,0.000000000000000000e+00
6.923000000000000398e+01,5.000000000000000000e-01,0.000000000000000000e+00
6.923999999999999488e+01,5.000000000000000000e-01,0.000000000000000000e+00
6.925000000000000000e+01,5.000000000000000000e-01,0.000000000000000000e+00
6.926000000000000512e+01,5.000000000000000000e-01,0.000000000000000000e+00
6.926999999999999602e+01,5.000000000000000000e-01,0.000000000000000000e+00
6.928000000000000114e+01,5.000000000000000000e-01,0.000000000000000000e+00
6.929000000000000625e+01,5.000000000000000000e-01,0.000000000000000000e+00
6.929999999999999716e+01,5.000000000000000000e-01,0.000000000000000000e+00
6.931000000000000227e+01,5.000000000000000000e-01,0.000000000000000000e+00
6.932000000000000739e+01,5.000000000000000000e-01,0.000000000000000000e+00
6.932999999999999829e+01,5.000000000000000000e-01,0.000000000000000000e+00
6.934000000000000341e+01,5.000000000000000000e-01,0.000000000000000000e+00
6.935000000000000853e+01,5.000000000000000000e-01,0.000000000000000000e+00
6.935999999999999943e+01,5.000000000000000000e-01,0.000000000000000000e+00
6.937000000000000455e+01,5.000000000000000000e-01,0.000000000000000000e+00
6.937999999999999545e+01,5.000000000000000000e-01,0.000000000000000000e+00
6.939000000000000057e+01,5.000000000000000000e-01,0.000000000000000000e+00
6.940000000000000568e+01,5.000000000000000000e-01,0.000000000000000000e+00
6.940999999999999659e+01,5.000000000000000000e-01,0.000000000000000000e+00
6.942000000000000171e+01,5.000000000000000000e-01,0.000000000000000000e+00
6.943000000000000682e+01,5.000000000000000000e-01,0.000000000000000000e+00
6.943999999999999773e+01,5.000000000000000000e-01,0.000000000000000000e+00
6.945000000000000284e+01,5.000000000000000000e-01,0.000000000000000000e+00
6.946000000000000796e+01,5.000000000000000000e-01,0.000000000000000000e+00
6.946999999999999886e+01,5.000000000000000000e-01,0.000000000000000000e+00
6.948000000000000398e+01,5.000000000000000000e-01,0.000000000000000000e+00
6.948999999999999488e+01,5.000000000000000000e-01,0.000000000000000000e+00
6.950000000000000000e+01,5.000000000000000000e-01,0.000000000000000000e+00
6.951000000000000512e+01,5.000000000000000000e-01,0.000000000000000000e+00
6.951999999999999602e+01,5.000000000000000000e-01,0.000000000000000000e+00
6.953000000000000114e+01,5.000000000000000000e-01,0.000000000000000000e+00
6.954000000000000625e+01,5.000000000000000000e-01,0.000000000000000000e+00
6.954999999999999716e+01,5.000000000000000000e-01,0.000000000000000000e+00
6.956000000000000227e+01,5.000000000000000000e-01,0.000000000000000000e+00
6.957000000000000739e+01,5.000000000000000000e-01,0.000000000000000000e+00
6.957999999999999829e+01,5.000000000000000000e-01,0.000000000000000000e+00
6.959000000000000341e+01,5.000000000000000000e-01,0.000000000000000000e+00
6.960000000000000853e+01,5.000000000000000000e-01,0.000000000000000000e+00
6.960999999999999943e+01,5.000000000000000000e-01,0.000000000000000000e+00
6.962000000000000455e+01,5.000000000000000000e-01,0.000000000000000000e+00
6.962999999999999545e+01,5.000000000000000000e-01,0.000000000000000000e+00
6.964000000000000057e+01,5.000000000000000000e-01,0.000000000000000000e+00
6.965000000000000568e+01,5.000000000000000000e-01,0.000000000000000000e+00
6.965999999999999659e+01,5.000000000000000000e-01,0.000000000000000000e+00
6.967000000000000171e+01,5.000000000000000000e-01,0.000000000000000000e+00
6.968000000000000682e+01,5.000000000000000000e-01,0.000000000000000000e+00
6.968999999999999773e+01,5.000000000000000000e-01,0.000000000000000000e+00
6.970000000000000284e+01,5.000000000000000000e-01,0.000000000000000000e+00
6.971000000000000796e+01,5.000000000000000000e-01,0.000000000000000000e+00
6.971999999999999886e+01,5.000000000000000000e-01,0.000000000000000000e+00
6.973000000000000398e+01,5.000000000000000000e-01,0.000000000000000000e+00
6.973999999999999488e+01,5.000000000000000000e-01,0.000000000000000000e+00
6.975000000000000000e+01,5.000000000000000000e-01,0.000000000000000000e+00
6.976000000000000512e+01,5.000000000000000000e-01,0.000000000000000000e+00
6.976999999999999602e+01,5.000000000000000000e-01,0.000000000000000000e+00
6.978000000000000114e+01,5.000000000000000000e-01,0.000000000000000000e+00
6.979000000000000625e+01,5.000000000000000000e-01,0.000000000000000000e+00
6.979999999999999716e+01,5.000000000000000000e-01,0.000000000000000000e+00
6.981000000000000227e+01,5.000000000000000000e-01,0.000000000000000000e+00
6.982000000000000739e+01,5.000000000000000000e-01,0.000000000000000000e+00
6.982999999999999829e+01,5.000000000000000000e-01,0.000000000000000000e+00
6.984000000000000341e+01,5.000000000000000000e-01,0.000000000000000000e+00
6.985000000000000853e+01,5.000000000000000000e-01,0.000000000000000000e+00
6.985999999999999943e+01,5.000000000000000000e-01,0.000000000000000000e+00
6.987000000000000455e+01,5.000000000000000000e-01,0.000000000000000000e+00
6.987999999999999545e+01,5.000000000000000000e-01,0.000000000000000000e+00
6.989000000000000057e+01,5.000000000000000000e-01,0.000000000000000000e+00
6.990000000000000568e+01,5.000000000000000000e-01,0.000000000000000000e+00
6.990999999999999659e+01,5.000000000000000000e-01,0.000000000000000000e+00
6.992000000000000171e+01,5.000000000000000000e-01,0.000000000000000000e+00
6.993000000000000682e+01,5.000000000000000000e-01,0.000000000000000000e+00
6.993999999999999773e+01,5.000000000000000000e-01,0.000000000000000000e+00
6.995000000000000284e+01,5.000000000000000000e-01,0.000000000000000000e+00
6.996000000000000796e+01,5.000000000000000000e-01,0.000000000000000000e+00
6.996999999999999886e+01,5.000000000000000000e-01,0.000000000000000000e+00
6.998000000000000398e+01,5.000000000000000000e-01,0.000000000000000000e+00
6.998999999999999488e+01,5.000000000000000000e-01,0.000000000000000000e+00
7.000000000000000000e+01,5.000000000000000000e-01,0.000000000000000000e+00
7.001000000000000512e+01,5.000000000000000000e-01,0.000000000000000000e+00
7.001999999999999602e+01,5.000000000000000000e-01,0.000000000000000000e+00
7.003000000000000114e+01,5.000000000000000000e-01,0.000000000000000000e+00
7.004000000000000625e+01,5.000000000000000000e-01,0.000000000000000000e+00
7.004999999999999716e+01,5.000000000000000000e-01,0.000000000000000000e+00
7.006000000000000227e+01,5.000000000000000000e-01,0.000000000000000000e+00
7.007000000000000739e+01,5.000000000000000000e-01,0.000000000000000000e+00
7.007999999999999829e+01,5.000000000000000000e-01,0.000000000000000000e+00
7.009000000000000341e+01,5.000000000000000000e-01,0.000000000000000000e+00
7.010000000000000853e+01,5.000000000000000000e-01,0.000000000000000000e+00
7.010999999999999943e+01,5.000000000000000000e-01,0.000000000000000000e+00
7.012000000000000455e+01,5.000000000000000000e-01,0.000000000000000000e+00
7.012999999999999545e+01,5.000000000000000000e-01,0.000000000000000000e+00
7.014000000000000057e+01,5.000000000000000000e-01,0.000000000000000000e+00
7.015000000000000568e+01,5.000000000000000000e-01,0.000000000000000000e+00
7.015999999999999659e+01,5.000000000000000000e-01,0.000000000000000000e+00
7.017000000000000171e+01,5.000000000000000000e-01,0.000000000000000000e+00
7.018000000000000682e+01,5.000000000000000000e-01,0.000000000000000000e+00
7.018999999999999773e+01,5.000000000000000000e-01,0.000000000000000000e+00
7.020000000000000284e+01,5.000000000000000000e-01,0.000000000000000000e+00
7.021000000000000796e+01,5.000000000000000000e-01,0.000000000000000000e+00
7.021999999999999886e+01,5.000000000000000000e-01,0.000000000000000000e+00
7.023000000000000398e+01,5.000000000000000000e-01,0.000000000000000000e+00
7.023999999999999488e+01,5.000000000000000000e-01,0.000000000000000000e+00
7.025000000000000000e+01,5.000000000000000000e-01,0.000000000000000000e+00
7.026000000000000512e+01,5.000000000000000000e-01,0.000000000000000000e+00
7.026999999999999602e+01,5.000000000000000000e-01,0.000000000000000000e+00
7.028000000000000114e+01,5.000000000000000000e-01,0.000000000000000000e+00
7.029000000000000625e+01,5.000000000000000000e-01,0.000000000000000000e+00
7.029999999999999716e+01,5.000000000000000000e-01,0.000000000000000000e+00
7.031000000000000227e+01,5.000000000000000000e-01,0.000000000000000000e+00
7.032000000000000739e+01,5.000000000000000000e-01,0.000000000000000000e+00
7.032999999999999829e+01,5.000000000000000000e-01,0.000000000000000000e+00
7.034000000000000341e+01,5.000000000000000000e-01,0.000000000000000000e+00
7.035000000000000853e+01,5.000000000000000000e-01,0.000000000000000000e+00
7.035999999999999943e+01,5.000000000000000000e-01,0.000000000000000000e+00
7.037000000000000455e+01,5.000000000000000000e-01,0.000000000000000000e+00
7.037999999999999545e+01,5.000000000000000000e-01,0.000000000000000000e+00
7.039000000000000057e+01,5.000000000000000000e-01,0.000000000000000000e+00
7.040000000000000568e+01,5.000000000000000000e-01,0.000000000000000000e+00
7.040999999999999659e+01,5.000000000000000000e-01,0.000000000000000000e+00
7.042000000000000171e+01,5.000000000000000000e-01,0.000000000000000000e+00
7.043000000000000682e+01,5.000000000000000000e-01,0.000000000000000000e+00
7.043999999999999773e+01,5.000000000000000000e-01,0.000000000000000000e+00
7.045000000000000284e+01,5.000000000000000000e-01,0.000000000000000000e+00
7.046000000000000796e+01,5.000000000000000000e-01,0.000000000000000000e+00
7.046999999999999886e+01,5.000000000000000000e-01,0.000000000000000000e+00
7.048000000000000398e+01,5.000000000000000000e-01,0.000000000000000000e+00
7.048999999999999488e+01,5.000000000000000000e-01,0.000000000000000000e+00
7.050000000000000000e+01,5.000000000000000000e-01,0.000000000000000000e+00
7.051000000000000512e+01,5.000000000000000000e-01,0.000000000000000000e+00
7.051999999999999602e+01,5.000000000000000000e-01,0.000000000000000000e+00
7.053000000000000114e+01,5.000000000000000000e-01,0.000000000000000000e+00
7.054000000000000625e+01,5.000000000000000000e-01,0.000000000000000000e+00
7.054999999999999716e+01,5.000000000000000000e-01,0.000000000000000000e+00
7.056000000000000227e+01,5.000000000000000000e-01,0.000000000000000000e+00
7.057000000000000739e+01,5.000000000000000000e-01,0.000000000000000000e+00
7.057999999999999829e+01,5.000000000000000000e-01,0.000000000000000000e+00
7.059000000000000341e+01,5.000000000000000000e-01,0.000000000000000000e+00
7.060000000000000853e+01,5.000000000000000000e-01,0.000000000000000000e+00
7.060999999999999943e+01,5.000000000000000000e-01,0.000000000000000000e+00
7.062000000000000455e+01,5.000000000000000000e-01,0.000000000000000000e+00
7.062999999999999545e+01,5.000000000000000000e-01,0.000000000000000000e+00
7.064000000000000057e+01,5.000000000000000000e-01,0.000000000000000000e+00
7.065000000000000568e+01,5.000000000000000000e-01,0.000000000000000000e+00
7.065999999999999659e+01,5.000000000000000000e-01,0.000000000000000000e+00
7.067000000000000171e+01,5.000000000000000000e-01,0.000000000000000000e+00
7.068000000000000682e+01,5.000000000000000000e-01,0.000000000000000000e+00
7.068999999999999773e+01,5.000000000000000000e-01,0.000000000000000000e+00
7.070000000000000284e+01,5.000000000000000000e-01,0.000000000000000000e+00
7.071000000000000796e+01,5.000000000000000000e-01,0.000000000000000000e+00
7.071999999999999886e+01,5.000000000000000000e-01,0.000000000000000000e+00
7.073000000000000398e+01,5.000000000000000000e-01,0.000000000000000000e+00
7.073999999999999488e+01,5.000000000000000000e-01,0.000000000000000000e+00
7.075000000000000000e+01,5.000000000000000000e-01,0.000000000000000000e+00
7.076000000000000512e+01,5.000000000000000000e-01,0.000000000000000000e+00
7.076999999999999602e+01,5.000000000000000000e-01,0.000000000000000000e+00
7.078000000000000114e+01,5.000000000000000000e-01,0.000000000000000000e+00
7.079000000000000625e+01,5.000000000000000000e-01,0.000000000000000000e+00
7.079999999999999716e+01,5.000000000000000000e-01,0.000000000000000000e+00
7.081000000000000227e+01,5.000000000000000000e-01,0.000000000000000000e+00
7.082000000000000739e+01,5.000000000000000000e-01,0.000000000000000000e+00
7.082999999999999829e+01,5.000000000000000000e-01,0.000000000000000000e+00
7.084000000000000341e+01,5.000000000000000000e-01,0.000000000000000000e+00
7.085000000000000853e+01,5.000000000000000000e-01,0.000000000000000000e+00
7.085999999999999943e+01,5.000000000000000000e-01,0.000000000000000000e+00
7.087000000000000455e+01,5.000000000000000000e-01,0.000000000000000000e+00
7.087999999999999545e+01,5.000000000000000000e-01,0.000000000000000000e+00
7.089000000000000057e+01,5.000000000000000000e-01,0.000000000000000000e+00
7.090000000000000568e+01,5.000000000000000000e-01,0.000000000000000000e+00
7.090999999999999659e+01,5.000000000000000000e-01,0.000000000000000000e+00
7.092000000000000171e+01,5.000000000000000000e-01,0.000000000000000000e+00
7.093000000000000682e+01,5.000000000000000000e-01,0.000000000000000000e+00
7.093999999999999773e+01,5.000000000000000000e-01,0.000000000000000000e+00
7.095000000000000284e+01,5.000000000000000000e-01,0.000000000000000000e+00
7.096000000000000796e+01,5.000000000000000000e-01,0.000000000000000000e+00
7.096999999999999886e+01,5.000000000000000000e-01,0.000000000000000000e+00
7.098000000000000398e+01,5.000000000000000000e-01,0.000000000000000000e+00
7.098999999999999488e+01,5.000000000000000000e-01,0.000000000000000000e+00
7.100000000000000000e+01,5.000000000000000000e-01,0.000000000000000000e+00
7.101000000000000512e+01,5.000000000000000000e-01,0.000000000000000000e+00
7.101999999999999602e+01,5.000000000000000000e-01,0.000000000000000000e+00
7.103000000000000114e+01,5.000000000000000000e-01,0.000000000000000000e+00
7.104000000000000625e+01,5.000000000000000000e-01,0.000000000000000000e+00
7.104999999999999716e+01,5.000000000000000000e-01,0.000000000000000000e+00
7.106000000000000227e+01,5.000000000000000000e-01,0.000000000000000000e+00
7.107000000000000739e+01,5.000000000000000000e-01,0.000000000000000000e+00
7.107999999999999829e+01,5.000000000000000000e-01,0.000000000000000000e+00
7.109000000000000341e+01,5.000000000000000000e-01,0.000000000000000000e+00
7.110000000000000853e+01,5.000000000000000000e-01,0.000000000000000000e+00
7.110999999999999943e+01,5.000000000000000000e-01,0.000000000000000000e+00
7.112000000000000455e+01,5.000000000000000000e-01,0.000000000000000000e+00
7.112999999999999545e+01,5.000000000000000000e-01,0.000000000000000000e+00
7.114000000000000057e+01,5.000000000000000000e-01,0.000000000000000000e+00
7.115000000000000568e+01,5.000000000000000000e-01,0.000000000000000000e+00
7.115999999999999659e+01,5.000000000000000000e-01,0.000000000000000000e+00
7.117000000000000171e+01,5.000000000000000000e-01,0.000000000000000000e+00
7.118000000000000682e+01,5.000000000000000000e-01,0.000000000000000000e+00
7.118999999999999773e+01,5.000000000000000000e-01,0.000000000000000000e+00
7.120000000000000284e+01,5.000000000000000000e-01,0.000000000000000000e+00
7.121000000000000796e+01,5.000000000000000000e-01,0.000000000000000000e+00
7.121999999999999886e+01,5.000000000000000000e-01,0.000000000000000000e+00
7.123000000000000398e+01,5.000000000000000000e-01,0.000000000000000000e+00
7.123999999999999488e+01,5.000000000000000000e-01,0.000000000000000000e+00
7.125000000000000000e+01,5.000000000000000000e-01,0.000000000000000000e+00
7.126000000000000512e+01,5.000000000000000000e-01,0.000000000000000000e+00
7.126999999999999602e+01,5.000000000000000000e-01,0.000000000000000000e+00
7.128000000000000114e+01,5.000000000000000000e-01,0.000000000000000000e+00
7.129000000000000625e+01,5.000000000000000000e-01,0.000000000000000000e+00
7.129999999999999716e+01,5.000000000000000000e-01,0.000000000000000000e+00
7.131000000000000227e+01,5.000000000000000000e-01,0.000000000000000000e+00
7.132000000000000739e+01,5.000000000000000000e-01,0.000000000000000000e+00
7.132999999999999829e+01,5.000000000000000000e-01,0.000000000000000000e+00
7.134000000000000341e+01,5.000000000000000000e-01,0.000000000000000000e+00
7.135000000000000853e+01,5.000000000000000000e-01,0.000000000000000000e+00
7.135999999999999943e+01,5.000000000000000000e-01,0.000000000000000000e+00
7.137000000000000455e+01,5.000000000000000000e-01,0.000000000000000000e+00
7.137999999999999545e+01,5.000000000000000000e-01,0.000000000000000000e+00
7.139000000000000057e+01,5.000000000000000000e-01,0.000000000000000000e+00
7.140000000000000568e+01,5.000000000000000000e-01,0.000000000000000000e+00
7.140999999999999659e+01,5.000000000000000000e-01,0.000000000000000000e+00
7.142000000000000171e+01,5.000000000000000000e-01,0.000000000000000000e+00
7.143000000000000682e+01,5.000000000000000000e-01,0.000000000000000000e+00
7.143999999999999773e+01,5.000000000000000000e-01,0.000000000000000000e+00
7.145000000000000284e+01,5.000000000000000000e-01,0.000000000000000000e+00
7.146000000000000796e+01,5.000000000000000000e-01,0.000000000000000000e+00
7.146999999999999886e+01,5.000000000000000000e-01,0.000000000000000000e+00
7.148000000000000398e+01,5.000000000000000000e-01,0.000000000000000000e+00
7.148999999999999488e+01,5.000000000000000000e-01,0.000000000000000000e+00
7.150000000000000000e+01,5.000000000000000000e-01,0.000000000000000000e+00
7.151000000000000512e+01,5.000000000000000000e-01,0.000000000000000000e+00
7.151999999999999602e+01,5.000000000000000000e-01,0.000000000000000000e+00
7.153000000000000114e+01,5.000000000000000000e-01,0.000000000000000000e+00
7.154000000000000625e+01,5.000000000000000000e-01,0.000000000000000000e+00
7.154999999999999716e+01,5.000000000000000000e-01,0.000000000000000000e+00
7.156000000000000227e+01,5.000000000000000000e-01,0.000000000000000000e+00
7.157000000000000739e+01,5.000000000000000000e-01,0.000000000000000000e+00
7.157999999999999829e+01,5.000000000000000000e-01,0.000000000000000000e+00
7.159000000000000341e+01,5.000000000000000000e-01,0.000000000000000000e+00
7.160000000000000853e+01,5.000000000000000000e-01,0.000000000000000000e+00
7.160999999999999943e+01,5.000000000000000000e-01,0.000000000000000000e+00
7.162000000000000455e+01,5.000000000000000000e-01,0.000000000000000000e+00
7.162999999999999545e+01,5.000000000000000000e-01,0.000000000000000000e+00
7.164000000000000057e+01,5.000000000000000000e-01,0.000000000000000000e+00
7.165000000000000568e+01,5.000000000000000000e-01,0.000000000000000000e+00
7.165999999999999659e+01,5.000000000000000000e-01,0.000000000000000000e+00
7.167000000000000171e+01,5.000000000000000000e-01,0.000000000000000000e+00
7.168000000000000682e+01,5.000000000000000000e-01,0.000000000000000000e+00
7.168999999999999773e+01,5.000000000000000000e-01,0.000000000000000000e+00
7.170000000000000284e+01,5.000000000000000000e-01,0.000000000000000000e+00
7.171000000000000796e+01,5.000000000000000000e-01,0.000000000000000000e+00
7.171999999999999886e+01,5.000000000000000000e-01,0.000000000000000000e+00
7.173000000000000398e+01,5.000000000000000000e-01,0.000000000000000000e+00
7.173999999999999488e+01,5.000000000000000000e-01,0.000000000000000000e+00
7.175000000000000000e+01,5.000000000000000000e-01,0.000000000000000000e+00
7.176000000000000512e+01,5.000000000000000000e-01,0.000000000000000000e+00
7.176999999999999602e+01,5.000000000000000000e-01,0.000000000000000000e+00
7.178000000000000114e+01,5.000000000000000000e-01,0.000000000000000000e+00
7.179000000000000625e+01,5.000000000000000000e-01,0.000000000000000000e+00
7.179999999999999716e+01,5.000000000000000000e-01,0.000000000000000000e+00
7.181000000000000227e+01,5.000000000000000000e-01,0.000000000000000000e+00
7.182000000000000739e+01,5.000000000000000000e-01,0.000000000000000000e+00
7.182999999999999829e+01,5.000000000000000000e-01,0.000000000000000000e+00
7.184000000000000341e+01,5.000000000000000000e-01,0.000000000000000000e+00
7.185000000000000853e+01,5.000000000000000000e-01,0.000000000000000000e+00
7.185999999999999943e+01,5.000000000000000000e-01,0.000000000000000000e+00
7.187000000000000455e+01,5.000000000000000000e-01,0.000000000000000000e+00
7.187999999999999545e+01,5.000000000000000000e-01,0.000000000000000000e+00
7.189000000000000057e+01,5.000000000000000000e-01,0.000000000000000000e+00
7.190000000000000568e+01,5.000000000000000000e-01,0.000000000000000000e+00
7.190999999999999659e+01,5.000000000000000000e-01,0.000000000000000000e+00
7.192000000000000171e+01,5.000000000000000000e-01,0.000000000000000000e+00
7.193000000000000682e+01,5.000000000000000000e-01,0.000000000000000000e+00
7.193999999999999773e+01,5.000000000000000000e-01,0.000000000000000000e+00
7.195000000000000284e+01,5.000000000000000000e-01,0.000000000000000000e+00
7.196000000000000796e+01,5.000000000000000000e-01,0.000000000000000000e+00
7.196999999999999886e+01,5.000000000000000000e-01,0.000000000000000000e+00
7.198000000000000398e+01,5.000000000000000000e-01,0.000000000000000000e+00
7.198999999999999488e+01,5.000000000000000000e-01,0.000000000000000000e+00
7.200000000000000000e+01,5.000000000000000000e-01,0.000000000000000000e+00
7.201000000000000512e+01,5.000000000000000000e-01,0.000000000000000000e+00
7.201999999999999602e+01,5.000000000000000000e-01,0.000000000000000000e+00
7.203000000000000114e+01,5.000000000000000000e-01,0.000000000000000000e+00
7.204000000000000625e+01,5.000000000000000000e-01,0.000000000000000000e+00
7.204999999999999716e+01,5.000000000000000000e-01,0.000000000000000000e+00
7.206000000000000227e+01,5.000000000000000000e-01,0.000000000000000000e+00
7.207000000000000739e+01,5.000000000000000000e-01,0.000000000000000000e+00
7.207999999999999829e+01,5.000000000000000000e-01,0.000000000000000000e+00
7.209000000000000341e+01,5.000000000000000000e-01,0.000000000000000000e+00
7.210000000000000853e+01,5.000000000000000000e-01,0.000000000000000000e+00
7.210999999999999943e+01,5.000000000000000000e-01,0.000000000000000000e+00
7.212000000000000455e+01,5.000000000000000000e-01,0.000000000000000000e+00
7.212999999999999545e+01,5.000000000000000000e-01,0.000000000000000000e+00
7.214000000000000057e+01,5.000000000000000000e-01,0.000000000000000000e+00
7.215000000000000568e+01,5.000000000000000000e-01,0.000000000000000000e+00
7.215999999999999659e+01,5.000000000000000000e-01,0.000000000000000000e+00
7.217000000000000171e+01,5.000000000000000000e-01,0.000000000000000000e+00
7.218000000000000682e+01,5.000000000000000000e-01,0.000000000000000000e+00
7.218999999999999773e+01,5.000000000000000000e-01,0.000000000000000000e+00
7.220000000000000284e+01,5.000000000000000000e-01,0.000000000000000000e+00
7.221000000000000796e+01,5.000000000000000000e-01,0.000000000000000000e+00
7.221999999999999886e+01,5.000000000000000000e-01,0.000000000000000000e+00
7.223000000000000398e+01,5.000000000000000000e-01,0.000000000000000000e+00
7.223999999999999488e+01,5.000000000000000000e-01,0.000000000000000000e+00
7.225000000000000000e+01,5.000000000000000000e-01,0.000000000000000000e+00
7.226000000000000512e+01,5.000000000000000000e-01,0.000000000000000000e+00
7.226999999999999602e+01,5.000000000000000000e-01,0.000000000000000000e+00
7.228000000000000114e+01,5.000000000000000000e-01,0.000000000000000000e+00
7.229000000000000625e+01,5.000000000000000000e-01,0.000000000000000000e+00
7.229999999999999716e+01,5.000000000000000000e-01,0.000000000000000000e+00
7.231000000000000227e+01,5.000000000000000000e-01,0.000000000000000000e+00
7.232000000000000739e+01,5.000000000000000000e-01,0.000000000000000000e+00
7.232999999999999829e+01,5.000000000000000000e-01,0.000000000000000000e+00
7.234000000000000341e+01,5.000000000000000000e-01,0.000000000000000000e+00
7.235000000000000853e+01,5.000000000000000000e-01,0.000000000000000000e+00
7.235999999999999943e+01,5.000000000000000000e-01,0.000000000000000000e+00
7.237000000000000455e+01,5.000000000000000000e-01,0.000000000000000000e+00
7.237999999999999545e+01,5.000000000000000000e-01,0.000000000000000000e+00
7.239000000000000057e+01,5.000000000000000000e-01,0.000000000000000000e+00
7.240000000000000568e+01,5.000000000000000000e-01,0.000000000000000000e+00
7.240999999999999659e+01,5.000000000000000000e-01,0.000000000000000000e+00
7.242000000000000171e+01,5.000000000000000000e-01,0.000000000000000000e+00
7.243000000000000682e+01,5.000000000000000000e-01,0.000000000000000000e+00
7.243999999999999773e+01,5.000000000000000000e-01,0.000000000000000000e+00
7.245000000000000284e+01,5.000000000000000000e-01,0.000000000000000000e+00
7.246000000000000796e+01,5.000000000000000000e-01,0.000000000000000000e+00
7.246999999999999886e+01,5.000000000000000000e-01,0.000000000000000000e+00
7.248000000000000398e+01,5.000000000000000000e-01,0.000000000000000000e+00
7.248999999999999488e+01,5.000000000000000000e-01,0.000000000000000000e+00
7.250000000000000000e+01,5.000000000000000000e-01,0.000000000000000000e+00
7.251000000000000512e+01,5.000000000000000000e-01,0.000000000000000000e+00
7.251999999999999602e+01,5.000000000000000000e-01,0.000000000000000000e+00
7.253000000000000114e+01,5.000000000000000000e-01,0.000000000000000000e+00
7.254000000000000625e+01,5.000000000000000000e-01,0.000000000000000000e+00
7.254999999999999716e+01,5.000000000000000000e-01,0.000000000000000000e+00
7.256000000000000227e+01,5.000000000000000000e-01,0.000000000000000000e+00
7.257000000000000739e+01,5.000000000000000000e-01,0.000000000000000000e+00
7.257999999999999829e+01,5.000000000000000000e-01,0.000000000000000000e+00
7.259000000000000341e+01,5.000000000000000000e-01,0.000000000000000000e+00
7.260000000000000853e+01,5.000000000000000000e-01,0.000000000000000000e+00
7.260999999999999943e+01,5.000000000000000000e-01,0.000000000000000000e+00
7.262000000000000455e+01,5.000000000000000000e-01,0.000000000000000000e+00
7.262999999999999545e+01,5.000000000000000000e-01,0.000000000000000000e+00
7.264000000000000057e+01,5.000000000000000000e-01,0.000000000000000000e+00
7.265000000000000568e+01,5.000000000000000000e-01,0.000000000000000000e+00
7.265999999999999659e+01,5.000000000000000000e-01,0.000000000000000000e+00
7.267000000000000171e+01,5.000000000000000000e-01,0.000000000000000000e+00
7.268000000000000682e+01,5.000000000000000000e-01,0.000000000000000000e+00
7.268999999999999773e+01,5.000000000000000000e-01,0.000000000000000000e+00
7.270000000000000284e+01,5.000000000000000000e-01,0.000000000000000000e+00
7.271000000000000796e+01,5.000000000000000000e-01,0.000000000000000000e+00
7.271999999999999886e+01,5.000000000000000000e-01,0.000000000000000000e+00
7.273000000000000398e+01,5.000000000000000000e-01,0.000000000000000000e+00
7.273999999999999488e+01,5.000000000000000000e-01,0.000000000000000000e+00
7.275000000000000000e+01,5.000000000000000000e-01,0.000000000000000000e+00
7.276000000000000512e+01,5.000000000000000000e-01,0.000000000000000000e+00
7.276999999999999602e+01,5.000000000000000000e-01,0.000000000000000000e+00
7.278000000000000114e+01,5.000000000000000000e-01,0.000000000000000000e+00
7.279000000000000625e+01,5.000000000000000000e-01,0.000000000000000000e+00
7.279999999999999716e+01,5.000000000000000000e-01,0.000000000000000000e+00
7.281000000000000227e+01,5.000000000000000000e-01,0.000000000000000000e+00
7.282000000000000739e+01,5.000000000000000000e-01,0.000000000000000000e+00
7.282999999999999829e+01,5.000000000000000000e-01,0.000000000000000000e+00
7.284000000000000341e+01,5.000000000000000000e-01,0.000000000000000000e+00
7.285000000000000853e+01,5.000000000000000000e-01,0.000000000000000000e+00
7.285999999999999943e+01,5.000000000000000000e-01,0.000000000000000000e+00
7.287000000000000455e+01,5.000000000000000000e-01,0.000000000000000000e+00
7.287999999999999545e+01,5.000000000000000000e-01,0.000000000000000000e+00
7.289000000000000057e+01,5.000000000000000000e-01,0.000000000000000000e+00
7.290000000000000568e+01,5.000000000000000000e-01,0.000000000000000000e+00
7.290999999999999659e+01,5.000000000000000000e-01,0.000000000000000000e+00
7.292000000000000171e+01,5.000000000000000000e-01,0.000000000000000000e+00
7.293000000000000682e+01,5.000000000000000000e-01,0.000000000000000000e+00
7.293999999999999773e+01,5.000000000000000000e-01,0.000000000000000000e+00
7.295000000000000284e+01,5.000000000000000000e-01,0.000000000000000000e+00
7.296000000000000796e+01,5.000000000000000000e-01,0.000000000000000000e+00
7.296999999999999886e+01,5.000000000000000000e-01,0.000000000000000000e+00
7.298000000000000398e+01,5.000000000000000000e-01,0.000000000000000000e+00
7.298999999999999488e+01,5.000000000000000000e-01,0.000000000000000000e+00
7.300000000000000000e+01,5.000000000000000000e-01,0.000000000000000000e+00
7.301000000000000512e+01,5.000000000000000000e-01,0.000000000000000000e+00
7.301999999999999602e+01,5.000000000000000000e-01,0.000000000000000000e+00
7.303000000000000114e+01,5.000000000000000000e-01,0.000000000000000000e+00
7.304000000000000625e+01,5.000000000000000000e-01,0.000000000000000000e+00
7.304999999999999716e+01,5.000000000000000000e-01,0.000000000000000000e+00
7.306000000000000227e+01,5.000000000000000000e-01,0.000000000000000000e+00
7.307000000000000739e+01,5.000000000000000000e-01,0.000000000000000000e+00
7.307999999999999829e+01,5.000000000000000000e-01,0.000000000000000000e+00
7.309000000000000341e+01,5.000000000000000000e-01,0.000000000000000000e+00
7.310000000000000853e+01,5.000000000000000000e-01,0.000000000000000000e+00
7.310999999999999943e+01,5.000000000000000000e-01,0.000000000000000000e+00
7.312000000000000455e+01,5.000000000000000000e-01,0.000000000000000000e+00
7.312999999999999545e+01,5.000000000000000000e-01,0.000000000000000000e+00
7.314000000000000057e+01,5.000000000000000000e-01,0.000000000000000000e+00
7.315000000000000568e+01,5.000000000000000000e-01,0.000000000000000000e+00
7.315999999999999659e+01,5.000000000000000000e-01,0.000000000000000000e+00
7.317000000000000171e+01,5.000000000000000000e-01,0.000000000000000000e+00
7.318000000000000682e+01,5.000000000000000000e-01,0.000000000000000000e+00
7.318999999999999773e+01,5.000000000000000000e-01,0.000000000000000000e+00
7.320000000000000284e+01,5.000000000000000000e-01,0.000000000000000000e+00
7.321000000000000796e+01,5.000000000000000000e-01,0.000000000000000000e+00
7.321999999999999886e+01,5.000000000000000000e-01,0.000000000000000000e+00
7.323000000000000398e+01,5.000000000000000000e-01,0.000000000000000000e+00
7.323999999999999488e+01,5.000000000000000000e-01,0.000000000000000000e+00
7.325000000000000000e+01,5.000000000000000000e-01,0.000000000000000000e+00
7.326000000000000512e+01,5.000000000000000000e-01,0.000000000000000000e+00
7.326999999999999602e+01,5.000000000000000000e-01,0.000000000000000000e+00
7.328000000000000114e+01,5.000000000000000000e-01,0.000000000000000000e+00
7.329000000000000625e+01,5.000000000000000000e-01,0.000000000000000000e+00
7.329999999999999716e+01,5.000000000000000000e-01,0.000000000000000000e+00
7.331000000000000227e+01,5.000000000000000000e-01,0.000000000000000000e+00
7.332000000000000739e+01,5.000000000000000000e-01,0.000000000000000000e+00
7.332999999999999829e+01,5.000000000000000000e-01,0.000000000000000000e+00
7.334000000000000341e+01,5.000000000000000000e-01,0.000000000000000000e+00
7.335000000000000853e+01,5.000000000000000000e-01,0.000000000000000000e+00
7.335999999999999943e+01,5.000000000000000000e-01,0.000000000000000000e+00
7.337000000000000455e+01,5.000000000000000000e-01,0.000000000000000000e+00
7.337999999999999545e+01,5.000000000000000000e-01,0.000000000000000000e+00
7.339000000000000057e+01,5.000000000000000000e-01,0.000000000000000000e+00
7.340000000000000568e+01,5.000000000000000000e-01,0.000000000000000000e+00
7.340999999999999659e+01,5.000000000000000000e-01,0.000000000000000000e+00
7.342000000000000171e+01,5.000000000000000000e-01,0.000000000000000000e+00
7.343000000000000682e+01,5.000000000000000000e-01,0.000000000000000000e+00
7.343999999999999773e+01,5.000000000000000000e-01,0.000000000000000000e+00
7.345000000000000284e+01,5.000000000000000000e-01,0.000000000000000000e+00
7.346000000000000796e+01,5.000000000000000000e-01,0.000000000000000000e+00
7.346999999999999886e+01,5.000000000000000000e-01,0.000000000000000000e+00
7.348000000000000398e+01,5.000000000000000000e-01,0.000000000000000000e+00
7.348999999999999488e+01,5.000000000000000000e-01,0.000000000000000000e+00
7.350000000000000000e+01,5.000000000000000000e-01,0.000000000000000000e+00
7.351000000000000512e+01,5.000000000000000000e-01,0.000000000000000000e+00
7.351999999999999602e+01,5.000000000000000000e-01,0.000000000000000000e+00
7.353000000000000114e+01,5.000000000000000000e-01,0.000000000000000000e+00
7.354000000000000625e+01,5.000000000000000000e-01,0.000000000000000000e+00
7.354999999999999716e+01,5.000000000000000000e-01,0.000000000000000000e+00
7.356000000000000227e+01,5.000000000000000000e-01,0.000000000000000000e+00
7.357000000000000739e+01,5.000000000000000000e-01,0.000000000000000000e+00
7.357999999999999829e+01,5.000000000000000000e-01,0.000000000000000000e+00
7.359000000000000341e+01,5.000000000000000000e-01,0.000000000000000000e+00
7.360000000000000853e+01,5.000000000000000000e-01,0.000000000000000000e+00
7.360999999999999943e+01,5.000000000000000000e-01,0.000000000000000000e+00
7.362000000000000455e+01,5.000000000000000000e-01,0.000000000000000000e+00
7.362999999999999545e+01,5.000000000000000000e-01,0.000000000000000000e+00
7.364000000000000057e+01,5.000000000000000000e-01,0.000000000000000000e+00
7.365000000000000568e+01,5.000000000000000000e-01,0.000000000000000000e+00
7.365999999999999659e+01,5.000000000000000000e-01,0.000000000000000000e+00
7.367000000000000171e+01,5.000000000000000000e-01,0.000000000000000000e+00
7.368000000000000682e+01,5.000000000000000000e-01,0.000000000000000000e+00
7.368999999999999773e+01,5.000000000000000000e-01,0.000000000000000000e+00
7.370000000000000284e+01,5.000000000000000000e-01,0.000000000000000000e+00
7.371000000000000796e+01,5.000000000000000000e-01,0.000000000000000000e+00
7.371999999999999886e+01,5.000000000000000000e-01,0.000000000000000000e+00
7.373000000000000398e+01,5.000000000000000000e-01,0.000000000000000000e+00
7.373999999999999488e+01,5.000000000000000000e-01,0.000000000000000000e+00
7.375000000000000000e+01,5.000000000000000000e-01,0.000000000000000000e+00
7.376000000000000512e+01,5.000000000000000000e-01,0.000000000000000000e+00
7.376999999999999602e+01,5.000000000000000000e-01,0.000000000000000000e+00
7.378000000000000114e+01,5.000000000000000000e-01,0.000000000000000000e+00
7.379000000000000625e+01,5.000000000000000000e-01,0.000000000000000000e+00
7.379999999999999716e+01,5.000000000000000000e-01,0.000000000000000000e+00
7.381000000000000227e+01,5.000000000000000000e-01,0.000000000000000000e+00
7.382000000000000739e+01,5.000000000000000000e-01,0.000000000000000000e+00
7.382999999999999829e+01,5.000000000000000000e-01,0.000000000000000000e+00
7.384000000000000341e+01,5.000000000000000000e-01,0.000000000000000000e+00
7.385000000000000853e+01,5.000000000000000000e-01,0.000000000000000000e+00
7.385999999999999943e+01,5.000000000000000000e-01,0.000000000000000000e+00
7.387000000000000455e+01,5.000000000000000000e-01,0.000000000000000000e+00
7.387999999999999545e+01,5.000000000000000000e-01,0.000000000000000000e+00
7.389000000000000057e+01,5.000000000000000000e-01,0.000000000000000000e+00
7.390000000000000568e+01,5.000000000000000000e-01,0.000000000000000000e+00
7.390999999999999659e+01,5.000000000000000000e-01,0.000000000000000000e+00
7.392000000000000171e+01,5.000000000000000000e-01,0.000000000000000000e+00
7.393000000000000682e+01,5.000000000000000000e-01,0.000000000000000000e+00
7.393999999999999773e+01,5.000000000000000000e-01,0.000000000000000000e+00
7.395000000000000284e+01,5.000000000000000000e-01,0.000000000000000000e+00
7.396000000000000796e+01,5.000000000000000000e-01,0.000000000000000000e+00
7.396999999999999886e+01,5.000000000000000000e-01,0.000000000000000000e+00
7.398000000000000398e+01,5.000000000000000000e-01,0.000000000000000000e+00
7.398999999999999488e+01,5.000000000000000000e-01,0.000000000000000000e+00
7.400000000000000000e+01,5.000000000000000000e-01,0.000000000000000000e+00
7.401000000000000512e+01,5.000000000000000000e-01,0.000000000000000000e+00
7.401999999999999602e+01,5.000000000000000000e-01,0.000000000000000000e+00
7.403000000000000114e+01,5.000000000000000000e-01,0.000000000000000000e+00
7.404000000000000625e+01,5.000000000000000000e-01,0.000000000000000000e+00
7.404999999999999716e+01,5.000000000000000000e-01,0.000000000000000000e+00
7.406000000000000227e+01,5.000000000000000000e-01,0.000000000000000000e+00
7.407000000000000739e+01,5.000000000000000000e-01,0.000000000000000000e+00
7.407999999999999829e+01,5.000000000000000000e-01,0.000000000000000000e+00
7.409000000000000341e+01,5.000000000000000000e-01,0.000000000000000000e+00
7.410000000000000853e+01,5.000000000000000000e-01,0.000000000000000000e+00
7.410999999999999943e+01,5.000000000000000000e-01,0.000000000000000000e+00
7.412000000000000455e+01,5.000000000000000000e-01,0.000000000000000000e+00
7.412999999999999545e+01,5.000000000000000000e-01,0.000000000000000000e+00
7.414000000000000057e+01,5.000000000000000000e-01,0.000000000000000000e+00
7.415000000000000568e+01,5.000000000000000000e-01,0.000000000000000000e+00
7.415999999999999659e+01,5.000000000000000000e-01,0.000000000000000000e+00
7.417000000000000171e+01,5.000000000000000000e-01,0.000000000000000000e+00
7.418000000000000682e+01,5.000000000000000000e-01,0.000000000000000000e+00
7.418999999999999773e+01,5.000000000000000000e-01,0.000000000000000000e+00
7.420000000000000284e+01,5.000000000000000000e-01,0.000000000000000000e+00
7.421000000000000796e+01,5.000000000000000000e-01,0.000000000000000000e+00
7.421999999999999886e+01,5.000000000000000000e-01,0.000000000000000000e+00
7.423000000000000398e+01,5.000000000000000000e-01,0.000000000000000000e+00
7.423999999999999488e+01,5.000000000000000000e-01,0.000000000000000000e+00
7.425000000000000000e+01,5.000000000000000000e-01,0.000000000000000000e+00
7.426000000000000512e+01,5.000000000000000000e-01,0.000000000000000000e+00
7.426999999999999602e+01,5.000000000000000000e-01,0.000000000000000000e+00
7.428000000000000114e+01,5.000000000000000000e-01,0.000000000000000000e+00
7.429000000000000625e+01,5.000000000000000000e-01,0.000000000000000000e+00
7.429999999999999716e+01,5.000000000000000000e-01,0.000000000000000000e+00
7.431000000000000227e+01,5.000000000000000000e-01,0.000000000000000000e+00
7.432000000000000739e+01,5.000000000000000000e-01,0.000000000000000000e+00
7.432999999999999829e+01,5.000000000000000000e-01,0.000000000000000000e+00
7.434000000000000341e+01,5.000000000000000000e-01,0.000000000000000000e+00
7.435000000000000853e+01,5.000000000000000000e-01,0.000000000000000000e+00
7.435999999999999943e+01,5.000000000000000000e-01,0.000000000000000000e+00
7.437000000000000455e+01,5.000000000000000000e-01,0.000000000000000000e+00
7.437999999999999545e+01,5.000000000000000000e-01,0.000000000000000000e+00
7.439000000000000057e+01,5.000000000000000000e-01,0.000000000000000000e+00
7.440000000000000568e+01,5.000000000000000000e-01,0.000000000000000000e+00
7.440999999999999659e+01,5.000000000000000000e-01,0.000000000000000000e+00
7.442000000000000171e+01,5.000000000000000000e-01,0.000000000000000000e+00
7.443000000000000682e+01,5.000000000000000000e-01,0.000000000000000000e+00
7.443999999999999773e+01,5.000000000000000000e-01,0.000000000000000000e+00
7.445000000000000284e+01,5.000000000000000000e-01,0.000000000000000000e+00
7.446000000000000796e+01,5.000000000000000000e-01,0.000000000000000000e+00
7.446999999999999886e+01,5.000000000000000000e-01,0.000000000000000000e+00
7.448000000000000398e+01,5.000000000000000000e-01,0.000000000000000000e+00
7.448999999999999488e+01,5.000000000000000000e-01,0.000000000000000000e+00
7.450000000000000000e+01,5.000000000000000000e-01,0.000000000000000000e+00
7.451000000000000512e+01,5.000000000000000000e-01,0.000000000000000000e+00
7.451999999999999602e+01,5.000000000000000000e-01,0.000000000000000000e+00
7.453000000000000114e+01,5.000000000000000000e-01,0.000000000000000000e+00
7.454000000000000625e+01,5.000000000000000000e-01,0.000000000000000000e+00
7.454999999999999716e+01,5.000000000000000000e-01,0.000000000000000000e+00
7.456000000000000227e+01,5.000000000000000000e-01,0.000000000000000000e+00
7.457000000000000739e+01,5.000000000000000000e-01,0.000000000000000000e+00
7.457999999999999829e+01,5.000000000000000000e-01,0.000000000000000000e+00
7.459000000000000341e+01,5.000000000000000000e-01,0.000000000000000000e+00
7.460000000000000853e+01,5.000000000000000000e-01,0.000000000000000000e+00
7.460999999999999943e+01,5.000000000000000000e-01,0.000000000000000000e+00
7.462000000000000455e+01,5.000000000000000000e-01,0.000000000000000000e+00
7.462999999999999545e+01,5.000000000000000000e-01,0.000000000000000000e+00
7.464000000000000057e+01,5.000000000000000000e-01,0.000000000000000000e+00
7.465000000000000568e+01,5.000000000000000000e-01,0.000000000000000000e+00
7.465999999999999659e+01,5.000000000000000000e-01,0.000000000000000000e+00
7.467000000000000171e+01,5.000000000000000000e-01,0.000000000000000000e+00
7.468000000000000682e+01,5.000000000000000000e-01,0.000000000000000000e+00
7.468999999999999773e+01,5.000000000000000000e-01,0.000000000000000000e+00
7.470000000000000284e+01,5.000000000000000000e-01,0.000000000000000000e+00
7.471000000000000796e+01,5.000000000000000000e-01,0.000000000000000000e+00
7.471999999999999886e+01,5.000000000000000000e-01,0.000000000000000000e+00
7.473000000000000398e+01,5.000000000000000000e-01,0.000000000000000000e+00
7.473999999999999488e+01,5.000000000000000000e-01,0.000000000000000000e+00
7.475000000000000000e+01,5.000000000000000000e-01,0.000000000000000000e+00
7.476000000000000512e+01,5.000000000000000000e-01,0.000000000000000000e+00
7.476999999999999602e+01,5.000000000000000000e-01,0.000000000000000000e+00
7.478000000000000114e+01,5.000000000000000000e-01,0.000000000000000000e+00
7.479000000000000625e+01,5.000000000000000000e-01,0.000000000000000000e+00
7.479999999999999716e+01,5.000000000000000000e-01,0.000000000000000000e+00
7.481000000000000227e+01,5.000000000000000000e-01,0.000000000000000000e+00
7.482000000000000739e+01,5.000000000000000000e-01,0.000000000000000000e+00
7.482999999999999829e+01,5.000000000000000000e-01,0.000000000000000000e+00
7.484000000000000341e+01,5.000000000000000000e-01,0.000000000000000000e+00
7.485000000000000853e+01,5.000000000000000000e-01,0.000000000000000000e+00
7.485999999999999943e+01,5.000000000000000000e-01,0.000000000000000000e+00
7.487000000000000455e+01,5.000000000000000000e-01,0.000000000000000000e+00
7.487999999999999545e+01,5.000000000000000000e-01,0.000000000000000000e+00
7.489000000000000057e+01,5.000000000000000000e-01,0.000000000000000000e+00
7.490000000000000568e+01,5.000000000000000000e-01,0.000000000000000000e+00
7.490999999999999659e+01,5.000000000000000000e-01,0.000000000000000000e+00
7.492000000000000171e+01,5.000000000000000000e-01,0.000000000000000000e+00
7.493000000000000682e+01,5.000000000000000000e-01,0.000000000000000000e+00
7.493999999999999773e+01,5.000000000000000000e-01,0.000000000000000000e+00
7.495000000000000284e+01,5.000000000000000000e-01,0.000000000000000000e+00
7.496000000000000796e+01,5.000000000000000000e-01,0.000000000000000000e+00
7.496999999999999886e+01,5.000000000000000000e-01,0.000000000000000000e+00
7.498000000000000398e+01,5.000000000000000000e-01,0.000000000000000000e+00
7.498999999999999488e+01,5.000000000000000000e-01,0.000000000000000000e+00
7.500000000000000000e+01,5.000000000000000000e-01,0.000000000000000000e+00
7.501000000000000512e+01,5.000000000000000000e-01,0.000000000000000000e+00
7.501999999999999602e+01,5.000000000000000000e-01,0.000000000000000000e+00
7.503000000000000114e+01,5.000000000000000000e-01,0.000000000000000000e+00
7.504000000000000625e+01,5.000000000000000000e-01,0.000000000000000000e+00
7.504999999999999716e+01,5.000000000000000000e-01,0.000000000000000000e+00
7.506000000000000227e+01,5.000000000000000000e-01,0.000000000000000000e+00
7.507000000000000739e+01,5.000000000000000000e-01,0.000000000000000000e+00
7.507999999999999829e+01,5.000000000000000000e-01,0.000000000000000000e+00
7.509000000000000341e+01,5.000000000000000000e-01,0.000000000000000000e+00
7.510000000000000853e+01,5.000000000000000000e-01,0.000000000000000000e+00
7.510999999999999943e+01,5.000000000000000000e-01,0.000000000000000000e+00
7.512000000000000455e+01,5.000000000000000000e-01,0.000000000000000000e+00
7.512999999999999545e+01,5.000000000000000000e-01,0.000000000000000000e+00
7.514000000000000057e+01,5.000000000000000000e-01,0.000000000000000000e+00
7.515000000000000568e+01,5.000000000000000000e-01,0.000000000000000000e+00
7.515999999999999659e+01,5.000000000000000000e-01,0.000000000000000000e+00
7.517000000000000171e+01,5.000000000000000000e-01,0.000000000000000000e+00
7.518000000000000682e+01,5.000000000000000000e-01,0.000000000000000000e+00
7.518999999999999773e+01,5.000000000000000000e-01,0.000000000000000000e+00
7.520000000000000284e+01,5.000000000000000000e-01,0.000000000000000000e+00
7.521000000000000796e+01,5.000000000000000000e-01,0.000000000000000000e+00
7.521999999999999886e+01,5.000000000000000000e-01,0.000000000000000000e+00
7.523000000000000398e+01,5.000000000000000000e-01,0.000000000000000000e+00
7.523999999999999488e+01,5.000000000000000000e-01,0.000000000000000000e+00
7.525000000000000000e+01,5.000000000000000000e-01,0.000000000000000000e+00
7.526000000000000512e+01,5.000000000000000000e-01,0.000000000000000000e+00
7.526999999999999602e+01,5.000000000000000000e-01,0.000000000000000000e+00
7.528000000000000114e+01,5.000000000000000000e-01,0.000000000000000000e+00
7.529000000000000625e+01,5.000000000000000000e-01,0.000000000000000000e+00
7.529999999999999716e+01,5.000000000000000000e-01,0.000000000000000000e+00
7.531000000000000227e+01,5.000000000000000000e-01,0.000000000000000000e+00
7.532000000000000739e+01,5.000000000000000000e-01,0.000000000000000000e+00
7.532999999999999829e+01,5.000000000000000000e-01,0.000000000000000000e+00
7.534000000000000341e+01,5.000000000000000000e-01,0.000000000000000000e+00
7.535000000000000853e+01,5.000000000000000000e-01,0.000000000000000000e+00
7.535999999999999943e+01,5.000000000000000000e-01,0.000000000000000000e+00
7.537000000000000455e+01,5.000000000000000000e-01,0.000000000000000000e+00
7.537999999999999545e+01,5.000000000000000000e-01,0.000000000000000000e+00
7.539000000000000057e+01,5.000000000000000000e-01,0.000000000000000000e+00
7.540000000000000568e+01,5.000000000000000000e-01,0.000000000000000000e+00
7.540999999999999659e+01,5.000000000000000000e-01,0.000000000000000000e+00
7.542000000000000171e+01,5.000000000000000000e-01,0.000000000000000000e+00
7.543000000000000682e+01,5.000000000000000000e-01,0.000000000000000000e+00
7.543999999999999773e+01,5.000000000000000000e-01,0.000000000000000000e+00
7.545000000000000284e+01,5.000000000000000000e-01,0.000000000000000000e+00
7.546000000000000796e+01,5.000000000000000000e-01,0.000000000000000000e+00
7.546999999999999886e+01,5.000000000000000000e-01,0.000000000000000000e+00
7.548000000000000398e+01,5.000000000000000000e-01,0.000000000000000000e+00
7.548999999999999488e+01,5.000000000000000000e-01,0.000000000000000000e+00
7.550000000000000000e+01,5.000000000000000000e-01,0.000000000000000000e+00
7.551000000000000512e+01,5.000000000000000000e-01,0.000000000000000000e+00
7.551999999999999602e+01,5.000000000000000000e-01,0.000000000000000000e+00
7.553000000000000114e+01,5.000000000000000000e-01,0.000000000000000000e+00
7.554000000000000625e+01,5.000000000000000000e-01,0.000000000000000000e+00
7.554999999999999716e+01,5.000000000000000000e-01,0.000000000000000000e+00
7.556000000000000227e+01,5.000000000000000000e-01,0.000000000000000000e+00
7.557000000000000739e+01,5.000000000000000000e-01,0.000000000000000000e+00
7.557999999999999829e+01,5.000000000000000000e-01,0.000000000000000000e+00
7.559000000000000341e+01,5.000000000000000000e-01,0.000000000000000000e+00
7.560000000000000853e+01,5.000000000000000000e-01,0.000000000000000000e+00
7.560999999999999943e+01,5.000000000000000000e-01,0.000000000000000000e+00
7.562000000000000455e+01,5.000000000000000000e-01,0.000000000000000000e+00
7.562999999999999545e+01,5.000000000000000000e-01,0.000000000000000000e+00
7.564000000000000057e+01,5.000000000000000000e-01,0.000000000000000000e+00
7.565000000000000568e+01,5.000000000000000000e-01,0.000000000000000000e+00
7.565999999999999659e+01,5.000000000000000000e-01,0.000000000000000000e+00
7.567000000000000171e+01,5.000000000000000000e-01,0.000000000000000000e+00
7.568000000000000682e+01,5.000000000000000000e-01,0.000000000000000000e+00
7.568999999999999773e+01,5.000000000000000000e-01,0.000000000000000000e+00
7.570000000000000284e+01,5.000000000000000000e-01,0.000000000000000000e+00
7.571000000000000796e+01,5.000000000000000000e-01,0.000000000000000000e+00
7.571999999999999886e+01,5.000000000000000000e-01,0.000000000000000000e+00
7.573000000000000398e+01,5.000000000000000000e-01,0.000000000000000000e+00
7.573999999999999488e+01,5.000000000000000000e-01,0.000000000000000000e+00
7.575000000000000000e+01,5.000000000000000000e-01,0.000000000000000000e+00
7.576000000000000512e+01,5.000000000000000000e-01,0.000000000000000000e+00
7.576999999999999602e+01,5.000000000000000000e-01,0.000000000000000000e+00
7.578000000000000114e+01,5.000000000000000000e-01,0.000000000000000000e+00
7.579000000000000625e+01,5.000000000000000000e-01,0.000000000000000000e+00
7.579999999999999716e+01,5.000000000000000000e-01,0.000000000000000000e+00
7.581000000000000227e+01,5.000000000000000000e-01,0.000000000000000000e+00
7.582000000000000739e+01,5.000000000000000000e-01,0.000000000000000000e+00
7.582999999999999829e+01,5.000000000000000000e-01,0.000000000000000000e+00
7.584000000000000341e+01,5.000000000000000000e-01,0.000000000000000000e+00
7.585000000000000853e+01,5.000000000000000000e-01,0.000000000000000000e+00
7.585999999999999943e+01,5.000000000000000000e-01,0.000000000000000000e+00
7.587000000000000455e+01,5.000000000000000000e-01,0.000000000000000000e+00
7.587999999999999545e+01,5.000000000000000000e-01,0.000000000000000000e+00
7.589000000000000057e+01,5.000000000000000000e-01,0.000000000000000000e+00
7.590000000000000568e+01,5.000000000000000000e-01,0.000000000000000000e+00
7.590999999999999659e+01,5.000000000000000000e-01,0.000000000000000000e+00
7.592000000000000171e+01,5.000000000000000000e-01,0.000000000000000000e+00
7.593000000000000682e+01,5.000000000000000000e-01,0.000000000000000000e+00
7.593999999999999773e+01,5.000000000000000000e-01,0.000000000000000000e+00
7.595000000000000284e+01,5.000000000000000000e-01,0.000000000000000000e+00
7.596000000000000796e+01,5.000000000000000000e-01,0.000000000000000000e+00
7.596999999999999886e+01,5.000000000000000000e-01,0.000000000000000000e+00
7.598000000000000398e+01,5.000000000000000000e-01,0.000000000000000000e+00
7.598999999999999488e+01,5.000000000000000000e-01,0.000000000000000000e+00
7.600000000000000000e+01,5.000000000000000000e-01,0.000000000000000000e+00
7.601000000000000512e+01,5.000000000000000000e-01,0.000000000000000000e+00
7.601999999999999602e+01,5.000000000000000000e-01,0.000000000000000000e+00
7.603000000000000114e+01,5.000000000000000000e-01,0.000000000000000000e+00
7.604000000000000625e+01,5.000000000000000000e-01,0.000000000000000000e+00
7.604999999999999716e+01,5.000000000000000000e-01,0.000000000000000000e+00
7.606000000000000227e+01,5.000000000000000000e-01,0.000000000000000000e+00
7.607000000000000739e+01,5.000000000000000000e-01,0.000000000000000000e+00
7.607999999999999829e+01,5.000000000000000000e-01,0.000000000000000000e+00
7.609000000000000341e+01,5.000000000000000000e-01,0.000000000000000000e+00
7.610000000000000853e+01,5.000000000000000000e-01,0.000000000000000000e+00
7.610999999999999943e+01,5.000000000000000000e-01,0.000000000000000000e+00
7.612000000000000455e+01,5.000000000000000000e-01,0.000000000000000000e+00
7.612999999999999545e+01,5.000000000000000000e-01,0.000000000000000000e+00
7.614000000000000057e+01,5.000000000000000000e-01,0.000000000000000000e+00
7.615000000000000568e+01,5.000000000000000000e-01,0.000000000000000000e+00
7.615999999999999659e+01,5.000000000000000000e-01,0.000000000000000000e+00
7.617000000000000171e+01,5.000000000000000000e-01,0.000000000000000000e+00
7.618000000000000682e+01,5.000000000000000000e-01,0.000000000000000000e+00
7.618999999999999773e+01,5.000000000000000000e-01,0.000000000000000000e+00
7.620000000000000284e+01,5.000000000000000000e-01,0.000000000000000000e+00
7.621000000000000796e+01,5.000000000000000000e-01,0.000000000000000000e+00
7.621999999999999886e+01,5.000000000000000000e-01,0.000000000000000000e+00
7.623000000000000398e+01,5.000000000000000000e-01,0.000000000000000000e+00
7.623999999999999488e+01,5.000000000000000000e-01,0.000000000000000000e+00
7.625000000000000000e+01,5.000000000000000000e-01,0.000000000000000000e+00
7.626000000000000512e+01,5.000000000000000000e-01,0.000000000000000000e+00
7.626999999999999602e+01,5.000000000000000000e-01,0.000000000000000000e+00
7.628000000000000114e+01,5.000000000000000000e-01,0.000000000000000000e+00
7.629000000000000625e+01,5.000000000000000000e-01,0.000000000000000000e+00
7.629999999999999716e+01,5.000000000000000000e-01,0.000000000000000000e+00
7.631000000000000227e+01,5.000000000000000000e-01,0.000000000000000000e+00
7.632000000000000739e+01,5.000000000000000000e-01,0.000000000000000000e+00
7.632999999999999829e+01,5.000000000000000000e-01,0.000000000000000000e+00
7.634000000000000341e+01,5.000000000000000000e-01,0.000000000000000000e+00
7.635000000000000853e+01,5.000000000000000000e-01,0.000000000000000000e+00
7.635999999999999943e+01,5.000000000000000000e-01,0.000000000000000000e+00
7.637000000000000455e+01,5.000000000000000000e-01,0.000000000000000000e+00
7.637999999999999545e+01,5.000000000000000000e-01,0.000000000000000000e+00
7.639000000000000057e+01,5.000000000000000000e-01,0.000000000000000000e+00
7.640000000000000568e+01,5.000000000000000000e-01,0.000000000000000000e+00
7.640999999999999659e+01,5.000000000000000000e-01,0.000000000000000000e+00
7.642000000000000171e+01,5.000000000000000000e-01,0.000000000000000000e+00
7.643000000000000682e+01,5.000000000000000000e-01,0.000000000000000000e+00
7.643999999999999773e+01,5.000000000000000000e-01,0.000000000000000000e+00
7.645000000000000284e+01,5.000000000000000000e-01,0.000000000000000000e+00
7.646000000000000796e+01,5.000000000000000000e-01,0.000000000000000000e+00
7.646999999999999886e+01,5.000000000000000000e-01,0.000000000000000000e+00
7.648000000000000398e+01,5.000000000000000000e-01,0.000000000000000000e+00
7.648999999999999488e+01,5.000000000000000000e-01,0.000000000000000000e+00
7.650000000000000000e+01,5.000000000000000000e-01,0.000000000000000000e+00
7.651000000000000512e+01,5.000000000000000000e-01,0.000000000000000000e+00
7.651999999999999602e+01,5.000000000000000000e-01,0.000000000000000000e+00
7.653000000000000114e+01,5.000000000000000000e-01,0.000000000000000000e+00
7.654000000000000625e+01,5.000000000000000000e-01,0.000000000000000000e+00
7.654999999999999716e+01,5.000000000000000000e-01,0.000000000000000000e+00
7.656000000000000227e+01,5.000000000000000000e-01,0.000000000000000000e+00
7.657000000000000739e+01,5.000000000000000000e-01,0.000000000000000000e+00
7.657999999999999829e+01,5.000000000000000000e-01,0.000000000000000000e+00
7.659000000000000341e+01,5.000000000000000000e-01,0.000000000000000000e+00
7.660000000000000853e+01,5.000000000000000000e-01,0.000000000000000000e+00
7.660999999999999943e+01,5.000000000000000000e-01,0.000000000000000000e+00
7.662000000000000455e+01,5.000000000000000000e-01,0.000000000000000000e+00
7.662999999999999545e+01,5.000000000000000000e-01,0.000000000000000000e+00
7.664000000000000057e+01,5.000000000000000000e-01,0.000000000000000000e+00
7.665000000000000568e+01,5.000000000000000000e-01,0.000000000000000000e+00
7.665999999999999659e+01,5.000000000000000000e-01,0.000000000000000000e+00
7.667000000000000171e+01,5.000000000000000000e-01,0.000000000000000000e+00
7.668000000000000682e+01,5.000000000000000000e-01,0.000000000000000000e+00
7.668999999999999773e+01,5.000000000000000000e-01,0.000000000000000000e+00
7.670000000000000284e+01,5.000000000000000000e-01,0.000000000000000000e+00
7.671000000000000796e+01,5.000000000000000000e-01,0.000000000000000000e+00
7.671999999999999886e+01,5.000000000000000000e-01,0.000000000000000000e+00
7.673000000000000398e+01,5.000000000000000000e-01,0.000000000000000000e+00
7.673999999999999488e+01,5.000000000000000000e-01,0.000000000000000000e+00
7.675000000000000000e+01,5.000000000000000000e-01,0.000000000000000000e+00
7.676000000000000512e+01,5.000000000000000000e-01,0.000000000000000000e+00
7.676999999999999602e+01,5.000000000000000000e-01,0.000000000000000000e+00
7.678000000000000114e+01,5.000000000000000000e-01,0.000000000000000000e+00
7.679000000000000625e+01,5.000000000000000000e-01,0.000000000000000000e+00
7.679999999999999716e+01,5.000000000000000000e-01,0.000000000000000000e+00
7.681000000000000227e+01,5.000000000000000000e-01,0.000000000000000000e+00
7.682000000000000739e+01,5.000000000000000000e-01,0.000000000000000000e+00
7.682999999999999829e+01,5.000000000000000000e-01,0.000000000000000000e+00
7.684000000000000341e+01,5.000000000000000000e-01,0.000000000000000000e+00
7.685000000000000853e+01,5.000000000000000000e-01,0.000000000000000000e+00
7.685999999999999943e+01,5.000000000000000000e-01,0.000000000000000000e+00
7.687000000000000455e+01,5.000000000000000000e-01,0.000000000000000000e+00
7.687999999999999545e+01,5.000000000000000000e-01,0.000000000000000000e+00
7.689000000000000057e+01,5.000000000000000000e-01,0.000000000000000000e+00
7.690000000000000568e+01,5.000000000000000000e-01,0.000000000000000000e+00
7.690999999999999659e+01,5.000000000000000000e-01,0.000000000000000000e+00
7.692000000000000171e+01,5.000000000000000000e-01,0.000000000000000000e+00
7.693000000000000682e+01,5.000000000000000000e-01,0.000000000000000000e+00
7.693999999999999773e+01,5.000000000000000000e-01,0.000000000000000000e+00
7.695000000000000284e+01,5.000000000000000000e-01,0.000000000000000000e+00
7.696000000000000796e+01,5.000000000000000000e-01,0.000000000000000000e+00
7.696999999999999886e+01,5.000000000000000000e-01,0.000000000000000000e+00
7.698000000000000398e+01,5.000000000000000000e-01,0.000000000000000000e+00
7.698999999999999488e+01,5.000000000000000000e-01,0.000000000000000000e+00
7.700000000000000000e+01,5.000000000000000000e-01,0.000000000000000000e+00
7.701000000000000512e+01,5.000000000000000000e-01,0.000000000000000000e+00
7.701999999999999602e+01,5.000000000000000000e-01,0.000000000000000000e+00
7.703000000000000114e+01,5.000000000000000000e-01,0.000000000000000000e+00
7.704000000000000625e+01,5.000000000000000000e-01,0.000000000000000000e+00
7.704999999999999716e+01,5.000000000000000000e-01,0.000000000000000000e+00
7.706000000000000227e+01,5.000000000000000000e-01,0.000000000000000000e+00
7.707000000000000739e+01,5.000000000000000000e-01,0.000000000000000000e+00
7.707999999999999829e+01,5.000000000000000000e-01,0.000000000000000000e+00
7.709000000000000341e+01,5.000000000000000000e-01,0.000000000000000000e+00
7.710000000000000853e+01,5.000000000000000000e-01,0.000000000000000000e+00
7.710999999999999943e+01,5.000000000000000000e-01,0.000000000000000000e+00
7.712000000000000455e+01,5.000000000000000000e-01,0.000000000000000000e+00
7.712999999999999545e+01,5.000000000000000000e-01,0.000000000000000000e+00
7.714000000000000057e+01,5.000000000000000000e-01,0.000000000000000000e+00
7.715000000000000568e+01,5.000000000000000000e-01,0.000000000000000000e+00
7.715999999999999659e+01,5.000000000000000000e-01,0.000000000000000000e+00
7.717000000000000171e+01,5.000000000000000000e-01,0.000000000000000000e+00
7.718000000000000682e+01,5.000000000000000000e-01,0.000000000000000000e+00
7.718999999999999773e+01,5.000000000000000000e-01,0.000000000000000000e+00
7.720000000000000284e+01,5.000000000000000000e-01,0.000000000000000000e+00
7.721000000000000796e+01,5.000000000000000000e-01,0.000000000000000000e+00
7.721999999999999886e+01,5.000000000000000000e-01,0.000000000000000000e+00
7.723000000000000398e+01,5.000000000000000000e-01,0.000000000000000000e+00
7.723999999999999488e+01,5.000000000000000000e-01,0.000000000000000000e+00
7.725000000000000000e+01,5.000000000000000000e-01,0.000000000000000000e+00
7.726000000000000512e+01,5.000000000000000000e-01,0.000000000000000000e+00
7.726999999999999602e+01,5.000000000000000000e-01,0.000000000000000000e+00
7.728000000000000114e+01,5.000000000000000000e-01,0.000000000000000000e+00
7.729000000000000625e+01,5.000000000000000000e-01,0.000000000000000000e+00
7.729999999999999716e+01,5.000000000000000000e-01,0.000000000000000000e+00
7.731000000000000227e+01,5.000000000000000000e-01,0.000000000000000000e+00
7.732000000000000739e+01,5.000000000000000000e-01,0.000000000000000000e+00
7.732999999999999829e+01,5.000000000000000000e-01,0.000000000000000000e+00
7.734000000000000341e+01,5.000000000000000000e-01,0.000000000000000000e+00
7.735000000000000853e+01,5.000000000000000000e-01,0.000000000000000000e+00
7.735999999999999943e+01,5.000000000000000000e-01,0.000000000000000000e+00
7.737000000000000455e+01,5.000000000000000000e-01,0.000000000000000000e+00
7.737999999999999545e+01,5.000000000000000000e-01,0.000000000000000000e+00
7.739000000000000057e+01,5.000000000000000000e-01,0.000000000000000000e+00
7.740000000000000568e+01,5.000000000000000000e-01,0.000000000000000000e+00
7.740999999999999659e+01,5.000000000000000000e-01,0.000000000000000000e+00
7.742000000000000171e+01,5.000000000000000000e-01,0.000000000000000000e+00
7.743000000000000682e+01,5.000000000000000000e-01,0.000000000000000000e+00
7.743999999999999773e+01,5.000000000000000000e-01,0.000000000000000000e+00
7.745000000000000284e+01,5.000000000000000000e-01,0.000000000000000000e+00
7.746000000000000796e+01,5.000000000000000000e-01,0.000000000000000000e+00
7.746999999999999886e+01,5.000000000000000000e-01,0.000000000000000000e+00
7.748000000000000398e+01,5.000000000000000000e-01,0.000000000000000000e+00
7.748999999999999488e+01,5.000000000000000000e-01,0.000000000000000000e+00
7.750000000000000000e+01,5.000000000000000000e-01,0.000000000000000000e+00
7.751000000000000512e+01,5.000000000000000000e-01,0.000000000000000000e+00
7.751999999999999602e+01,5.000000000000000000e-01,0.000000000000000000e+00
7.753000000000000114e+01,5.000000000000000000e-01,0.000000000000000000e+00
7.754000000000000625e+01,5.000000000000000000e-01,0.000000000000000000e+00
7.754999999999999716e+01,5.000000000000000000e-01,0.000000000000000000e+00
7.756000000000000227e+01,5.000000000000000000e-01,0.000000000000000000e+00
7.757000000000000739e+01,5.000000000000000000e-01,0.000000000000000000e+00
7.757999999999999829e+01,5.000000000000000000e-01,0.000000000000000000e+00
7.759000000000000341e+01,5.000000000000000000e-01,0.000000000000000000e+00
7.760000000000000853e+01,5.000000000000000000e-01,0.000000000000000000e+00
7.760999999999999943e+01,5.000000000000000000e-01,0.000000000000000000e+00
7.762000000000000455e+01,5.000000000000000000e-01,0.000000000000000000e+00
7.762999999999999545e+01,5.000000000000000000e-01,0.000000000000000000e+00
7.764000000000000057e+01,5.000000000000000000e-01,0.000000000000000000e+00
7.765000000000000568e+01,5.000000000000000000e-01,0.000000000000000000e+00
7.765999999999999659e+01,5.000000000000000000e-01,0.000000000000000000e+00
7.767000000000000171e+01,5.000000000000000000e-01,0.000000000000000000e+00
7.768000000000000682e+01,5.000000000000000000e-01,0.000000000000000000e+00
7.768999999999999773e+01,5.000000000000000000e-01,0.000000000000000000e+00
7.770000000000000284e+01,5.000000000000000000e-01,0.000000000000000000e+00
7.771000000000000796e+01,5.000000000000000000e-01,0.000000000000000000e+00
7.771999999999999886e+01,5.000000000000000000e-01,0.000000000000000000e+00
7.773000000000000398e+01,5.000000000000000000e-01,0.000000000000000000e+00
7.773999999999999488e+01,5.000000000000000000e-01,0.000000000000000000e+00
7.775000000000000000e+01,5.000000000000000000e-01,0.000000000000000000e+00
7.776000000000000512e+01,5.000000000000000000e-01,0.000000000000000000e+00
7.776999999999999602e+01,5.000000000000000000e-01,0.000000000000000000e+00
7.778000000000000114e+01,5.000000000000000000e-01,0.000000000000000000e+00
7.779000000000000625e+01,5.000000000000000000e-01,0.000000000000000000e+00
7.779999999999999716e+01,5.000000000000000000e-01,0.000000000000000000e+00
7.781000000000000227e+01,5.000000000000000000e-01,0.000000000000000000e+00
7.782000000000000739e+01,5.000000000000000000e-01,0.000000000000000000e+00
7.782999999999999829e+01,5.000000000000000000e-01,0.000000000000000000e+00
7.784000000000000341e+01,5.000000000000000000e-01,0.000000000000000000e+00
7.785000000000000853e+01,5.000000000000000000e-01,0.000000000000000000e+00
7.785999999999999943e+01,5.000000000000000000e-01,0.000000000000000000e+00
7.787000000000000455e+01,5.000000000000000000e-01,0.000000000000000000e+00
7.787999999999999545e+01,5.000000000000000000e-01,0.000000000000000000e+00
7.789000000000000057e+01,5.000000000000000000e-01,0.000000000000000000e+00
7.790000000000000568e+01,5.000000000000000000e-01,0.000000000000000000e+00
7.790999999999999659e+01,5.000000000000000000e-01,0.000000000000000000e+00
7.792000000000000171e+01,5.000000000000000000e-01,0.000000000000000000e+00
7.793000000000000682e+01,5.000000000000000000e-01,0.000000000000000000e+00
7.793999999999999773e+01,5.000000000000000000e-01,0.000000000000000000e+00
7.795000000000000284e+01,5.000000000000000000e-01,0.000000000000000000e+00
7.796000000000000796e+01,5.000000000000000000e-01,0.000000000000000000e+00
7.796999999999999886e+01,5.000000000000000000e-01,0.000000000000000000e+00
7.798000000000000398e+01,5.000000000000000000e-01,0.000000000000000000e+00
7.798999999999999488e+01,5.000000000000000000e-01,0.000000000000000000e+00
7.800000000000000000e+01,5.000000000000000000e-01,0.000000000000000000e+00
7.801000000000000512e+01,5.000000000000000000e-01,0.000000000000000000e+00
7.801999999999999602e+01,5.000000000000000000e-01,0.000000000000000000e+00
7.803000000000000114e+01,5.000000000000000000e-01,0.000000000000000000e+00
7.804000000000000625e+01,5.000000000000000000e-01,0.000000000000000000e+00
7.804999999999999716e+01,5.000000000000000000e-01,0.000000000000000000e+00
7.806000000000000227e+01,5.000000000000000000e-01,0.000000000000000000e+00
7.807000000000000739e+01,5.000000000000000000e-01,0.000000000000000000e+00
7.807999999999999829e+01,5.000000000000000000e-01,0.000000000000000000e+00
7.809000000000000341e+01,5.000000000000000000e-01,0.000000000000000000e+00
7.810000000000000853e+01,5.000000000000000000e-01,0.000000000000000000e+00
7.810999999999999943e+01,5.000000000000000000e-01,0.000000000000000000e+00
7.812000000000000455e+01,5.000000000000000000e-01,0.000000000000000000e+00
7.812999999999999545e+01,5.000000000000000000e-01,0.000000000000000000e+00
7.814000000000000057e+01,5.000000000000000000e-01,0.000000000000000000e+00
7.815000000000000568e+01,5.000000000000000000e-01,0.000000000000000000e+00
7.815999999999999659e+01,5.000000000000000000e-01,0.000000000000000000e+00
7.817000000000000171e+01,5.000000000000000000e-01,0.000000000000000000e+00
7.818000000000000682e+01,5.000000000000000000e-01,0.000000000000000000e+00
7.818999999999999773e+01,5.000000000000000000e-01,0.000000000000000000e+00
7.820000000000000284e+01,5.000000000000000000e-01,0.000000000000000000e+00
7.821000000000000796e+01,5.000000000000000000e-01,0.000000000000000000e+00
7.821999999999999886e+01,5.000000000000000000e-01,0.000000000000000000e+00
7.823000000000000398e+01,5.000000000000000000e-01,0.000000000000000000e+00
7.823999999999999488e+01,5.000000000000000000e-01,0.000000000000000000e+00
7.825000000000000000e+01,5.000000000000000000e-01,0.000000000000000000e+00
7.826000000000000512e+01,5.000000000000000000e-01,0.000000000000000000e+00
7.826999999999999602e+01,5.000000000000000000e-01,0.000000000000000000e+00
7.828000000000000114e+01,5.000000000000000000e-01,0.000000000000000000e+00
7.829000000000000625e+01,5.000000000000000000e-01,0.000000000000000000e+00
7.829999999999999716e+01,5.000000000000000000e-01,0.000000000000000000e+00
7.831000000000000227e+01,5.000000000000000000e-01,0.000000000000000000e+00
7.832000000000000739e+01,5.000000000000000000e-01,0.000000000000000000e+00
7.832999999999999829e+01,5.000000000000000000e-01,0.000000000000000000e+00
7.834000000000000341e+01,5.000000000000000000e-01,0.000000000000000000e+00
7.835000000000000853e+01,5.000000000000000000e-01,0.000000000000000000e+00
7.835999999999999943e+01,5.000000000000000000e-01,0.000000000000000000e+00
7.837000000000000455e+01,5.000000000000000000e-01,0.000000000000000000e+00
7.837999999999999545e+01,5.000000000000000000e-01,0.000000000000000000e+00
7.839000000000000057e+01,5.000000000000000000e-01,0.000000000000000000e+00
7.840000000000000568e+01,5.000000000000000000e-01,0.000000000000000000e+00
7.840999999999999659e+01,5.000000000000000000e-01,0.000000000000000000e+00
7.842000000000000171e+01,5.000000000000000000e-01,0.000000000000000000e+00
7.843000000000000682e+01,5.000000000000000000e-01,0.000000000000000000e+00
7.843999999999999773e+01,5.000000000000000000e-01,0.000000000000000000e+00
7.845000000000000284e+01,5.000000000000000000e-01,0.000000000000000000e+00
7.846000000000000796e+01,5.000000000000000000e-01,0.000000000000000000e+00
7.846999999999999886e+01,5.000000000000000000e-01,0.000000000000000000e+00
7.848000000000000398e+01,5.000000000000000000e-01,0.000000000000000000e+00
7.848999999999999488e+01,5.000000000000000000e-01,0.000000000000000000e+00
7.850000000000000000e+01,5.000000000000000000e-01,0.000000000000000000e+00
7.851000000000000512e+01,5.000000000000000000e-01,0.000000000000000000e+00
7.851999999999999602e+01,5.000000000000000000e-01,0.000000000000000000e+00
7.853000000000000114e+01,5.000000000000000000e-01,0.000000000000000000e+00
7.854000000000000625e+01,5.000000000000000000e-01,0.000000000000000000e+00
7.854999999999999716e+01,5.000000000000000000e-01,0.000000000000000000e+00
7.856000000000000227e+01,5.000000000000000000e-01,0.000000000000000000e+00
7.857000000000000739e+01,5.000000000000000000e-01,0.000000000000000000e+00
7.857999999999999829e+01,5.000000000000000000e-01,0.000000000000000000e+00
7.859000000000000341e+01,5.000000000000000000e-01,0.000000000000000000e+00
7.860000000000000853e+01,5.000000000000000000e-01,0.000000000000000000e+00
7.860999999999999943e+01,5.000000000000000000e-01,0.000000000000000000e+00
7.862000000000000455e+01,5.000000000000000000e-01,0.000000000000000000e+00
7.862999999999999545e+01,5.000000000000000000e-01,0.000000000000000000e+00
7.864000000000000057e+01,5.000000000000000000e-01,0.000000000000000000e+00
7.865000000000000568e+01,5.000000000000000000e-01,0.000000000000000000e+00
7.865999999999999659e+01,5.000000000000000000e-01,0.000000000000000000e+00
7.867000000000000171e+01,5.000000000000000000e-01,0.000000000000000000e+00
7.868000000000000682e+01,5.000000000000000000e-01,0.000000000000000000e+00
7.868999999999999773e+01,5.000000000000000000e-01,0.000000000000000000e+00
7.870000000000000284e+01,5.000000000000000000e-01,0.000000000000000000e+00
7.871000000000000796e+01,5.000000000000000000e-01,0.000000000000000000e+00
7.871999999999999886e+01,5.000000000000000000e-01,0.000000000000000000e+00
7.873000000000000398e+01,5.000000000000000000e-01,0.000000000000000000e+00
7.873999999999999488e+01,5.000000000000000000e-01,0.000000000000000000e+00
7.875000000000000000e+01,5.000000000000000000e-01,0.000000000000000000e+00
7.876000000000000512e+01,5.000000000000000000e-01,0.000000000000000000e+00
7.876999999999999602e+01,5.000000000000000000e-01,0.000000000000000000e+00
7.878000000000000114e+01,5.000000000000000000e-01,0.000000000000000000e+00
7.879000000000000625e+01,5.000000000000000000e-01,0.000000000000000000e+00
7.879999999999999716e+01,5.000000000000000000e-01,0.000000000000000000e+00
7.881000000000000227e+01,5.000000000000000000e-01,0.000000000000000000e+00
7.882000000000000739e+01,5.000000000000000000e-01,0.000000000000000000e+00
7.882999999999999829e+01,5.000000000000000000e-01,0.000000000000000000e+00
7.884000000000000341e+01,5.000000000000000000e-01,0.000000000000000000e+00
7.885000000000000853e+01,5.000000000000000000e-01,0.000000000000000000e+00
7.885999999999999943e+01,5.000000000000000000e-01,0.000000000000000000e+00
7.887000000000000455e+01,5.000000000000000000e-01,0.000000000000000000e+00
7.887999999999999545e+01,5.000000000000000000e-01,0.000000000000000000e+00
7.889000000000000057e+01,5.000000000000000000e-01,0.000000000000000000e+00
7.890000000000000568e+01,5.000000000000000000e-01,0.000000000000000000e+00
7.890999999999999659e+01,5.000000000000000000e-01,0.000000000000000000e+00
7.892000000000000171e+01,5.000000000000000000e-01,0.000000000000000000e+00
7.893000000000000682e+01,5.000000000000000000e-01,0.000000000000000000e+00
7.893999999999999773e+01,5.000000000000000000e-01,0.000000000000000000e+00
7.895000000000000284e+01,5.000000000000000000e-01,0.000000000000000000e+00
7.896000000000000796e+01,5.000000000000000000e-01,0.000000000000000000e+00
7.896999999999999886e+01,5.000000000000000000e-01,0.000000000000000000e+00
7.898000000000000398e+01,5.000000000000000000e-01,0.000000000000000000e+00
7.898999999999999488e+01,5.000000000000000000e-01,0.000000000000000000e+00
7.900000000000000000e+01,5.000000000000000000e-01,0.000000000000000000e+00
7.901000000000000512e+01,5.000000000000000000e-01,0.000000000000000000e+00
7.901999999999999602e+01,5.000000000000000000e-01,0.000000000000000000e+00
7.903000000000000114e+01,5.000000000000000000e-01,0.000000000000000000e+00
7.904000000000000625e+01,5.000000000000000000e-01,0.000000000000000000e+00
7.904999999999999716e+01,5.000000000000000000e-01,0.000000000000000000e+00
7.906000000000000227e+01,5.000000000000000000e-01,0.000000000000000000e+00
7.907000000000000739e+01,5.000000000000000000e-01,0.000000000000000000e+00
7.907999999999999829e+01,5.000000000000000000e-01,0.000000000000000000e+00
7.909000000000000341e+01,5.000000000000000000e-01,0.000000000000000000e+00
7.910000000000000853e+01,5.000000000000000000e-01,0.000000000000000000e+00
7.910999999999999943e+01,5.000000000000000000e-01,0.000000000000000000e+00
7.912000000000000455e+01,5.000000000000000000e-01,0.000000000000000000e+00
7.912999999999999545e+01,5.000000000000000000e-01,0.000000000000000000e+00
7.914000000000000057e+01,5.000000000000000000e-01,0.000000000000000000e+00
7.915000000000000568e+01,5.000000000000000000e-01,0.000000000000000000e+00
7.915999999999999659e+01,5.000000000000000000e-01,0.000000000000000000e+00
7.917000000000000171e+01,5.000000000000000000e-01,0.000000000000000000e+00
7.918000000000000682e+01,5.000000000000000000e-01,0.000000000000000000e+00
7.918999999999999773e+01,5.000000000000000000e-01,0.000000000000000000e+00
7.920000000000000284e+01,5.000000000000000000e-01,0.000000000000000000e+00
7.921000000000000796e+01,5.000000000000000000e-01,0.000000000000000000e+00
7.921999999999999886e+01,5.000000000000000000e-01,0.000000000000000000e+00
7.923000000000000398e+01,5.000000000000000000e-01,0.000000000000000000e+00
7.923999999999999488e+01,5.000000000000000000e-01,0.000000000000000000e+00
7.925000000000000000e+01,5.000000000000000000e-01,0.000000000000000000e+00
7.926000000000000512e+01,5.000000000000000000e-01,0.000000000000000000e+00
7.926999999999999602e+01,5.000000000000000000e-01,0.000000000000000000e+00
7.928000000000000114e+01,5.000000000000000000e-01,0.000000000000000000e+00
7.929000000000000625e+01,5.000000000000000000e-01,0.000000000000000000e+00
7.929999999999999716e+01,5.000000000000000000e-01,0.000000000000000000e+00
7.931000000000000227e+01,5.000000000000000000e-01,0.000000000000000000e+00
7.932000000000000739e+01,5.000000000000000000e-01,0.000000000000000000e+00
7.932999999999999829e+01,5.000000000000000000e-01,0.000000000000000000e+00
7.934000000000000341e+01,5.000000000000000000e-01,0.000000000000000000e+00
7.935000000000000853e+01,5.000000000000000000e-01,0.000000000000000000e+00
7.935999999999999943e+01,5.000000000000000000e-01,0.000000000000000000e+00
7.937000000000000455e+01,5.000000000000000000e-01,0.000000000000000000e+00
7.937999999999999545e+01,5.000000000000000000e-01,0.000000000000000000e+00
7.939000000000000057e+01,5.000000000000000000e-01,0.000000000000000000e+00
7.940000000000000568e+01,5.000000000000000000e-01,0.000000000000000000e+00
7.940999999999999659e+01,5.000000000000000000e-01,0.000000000000000000e+00
7.942000000000000171e+01,5.000000000000000000e-01,0.000000000000000000e+00
7.943000000000000682e+01,5.000000000000000000e-01,0.000000000000000000e+00
7.943999999999999773e+01,5.000000000000000000e-01,0.000000000000000000e+00
7.945000000000000284e+01,5.000000000000000000e-01,0.000000000000000000e+00
7.946000000000000796e+01,5.000000000000000000e-01,0.000000000000000000e+00
7.946999999999999886e+01,5.000000000000000000e-01,0.000000000000000000e+00
7.948000000000000398e+01,5.000000000000000000e-01,0.000000000000000000e+00
7.948999999999999488e+01,5.000000000000000000e-01,0.000000000000000000e+00
7.950000000000000000e+01,5.000000000000000000e-01,0.000000000000000000e+00
7.951000000000000512e+01,5.000000000000000000e-01,0.000000000000000000e+00
7.951999999999999602e+01,5.000000000000000000e-01,0.000000000000000000e+00
7.953000000000000114e+01,5.000000000000000000e-01,0.000000000000000000e+00
7.954000000000000625e+01,5.000000000000000000e-01,0.000000000000000000e+00
7.954999999999999716e+01,5.000000000000000000e-01,0.000000000000000000e+00
7.956000000000000227e+01,5.000000000000000000e-01,0.000000000000000000e+00
7.957000000000000739e+01,5.000000000000000000e-01,0.000000000000000000e+00
7.957999999999999829e+01,5.000000000000000000e-01,0.000000000000000000e+00
7.959000000000000341e+01,5.000000000000000000e-01,0.000000000000000000e+00
7.960000000000000853e+01,5.000000000000000000e-01,0.000000000000000000e+00
7.960999999999999943e+01,5.000000000000000000e-01,0.000000000000000000e+00
7.962000000000000455e+01,5.000000000000000000e-01,0.000000000000000000e+00
7.962999999999999545e+01,5.000000000000000000e-01,0.000000000000000000e+00
7.964000000000000057e+01,5.000000000000000000e-01,0.000000000000000000e+00
7.965000000000000568e+01,5.000000000000000000e-01,0.000000000000000000e+00
7.965999999999999659e+01,5.000000000000000000e-01,0.000000000000000000e+00
7.967000000000000171e+01,5.000000000000000000e-01,0.000000000000000000e+00
7.968000000000000682e+01,5.000000000000000000e-01,0.000000000000000000e+00
7.968999999999999773e+01,5.000000000000000000e-01,0.000000000000000000e+00
7.970000000000000284e+01,5.000000000000000000e-01,0.000000000000000000e+00
7.971000000000000796e+01,5.000000000000000000e-01,0.000000000000000000e+00
7.971999999999999886e+01,5.000000000000000000e-01,0.000000000000000000e+00
7.973000000000000398e+01,5.000000000000000000e-01,0.000000000000000000e+00
7.973999999999999488e+01,5.000000000000000000e-01,0.000000000000000000e+00
7.975000000000000000e+01,5.000000000000000000e-01,0.000000000000000000e+00
7.976000000000000512e+01,5.000000000000000000e-01,0.000000000000000000e+00
7.976999999999999602e+01,5.000000000000000000e-01,0.000000000000000000e+00
7.978000000000000114e+01,5.000000000000000000e-01,0.000000000000000000e+00
7.979000000000000625e+01,5.000000000000000000e-01,0.000000000000000000e+00
7.979999999999999716e+01,5.000000000000000000e-01,0.000000000000000000e+00
7.981000000000000227e+01,5.000000000000000000e-01,0.000000000000000000e+00
7.982000000000000739e+01,5.000000000000000000e-01,0.000000000000000000e+00
7.982999999999999829e+01,5.000000000000000000e-01,0.000000000000000000e+00
7.984000000000000341e+01,5.000000000000000000e-01,0.000000000000000000e+00
7.985000000000000853e+01,5.000000000000000000e-01,0.000000000000000000e+00
7.985999999999999943e+01,5.000000000000000000e-01,0.000000000000000000e+00
7.987000000000000455e+01,5.000000000000000000e-01,0.000000000000000000e+00
7.987999999999999545e+01,5.000000000000000000e-01,0.000000000000000000e+00
7.989000000000000057e+01,5.000000000000000000e-01,0.000000000000000000e+00
7.990000000000000568e+01,5.000000000000000000e-01,0.000000000000000000e+00
7.990999999999999659e+01,5.000000000000000000e-01,0.000000000000000000e+00
7.992000000000000171e+01,5.000000000000000000e-01,0.000000000000000000e+00
7.993000000000000682e+01,5.000000000000000000e-01,0.000000000000000000e+00
7.993999999999999773e+01,5.000000000000000000e-01,0.000000000000000000e+00
7.995000000000000284e+01,5.000000000000000000e-01,0.000000000000000000e+00
7.996000000000000796e+01,5.000000000000000000e-01,0.000000000000000000e+00
7.996999999999999886e+01,5.000000000000000000e-01,0.000000000000000000e+00
7.998000000000000398e+01,5.000000000000000000e-01,0.000000000000000000e+00
7.998999999999999488e+01,5.000000000000000000e-01,0.000000000000000000e+00
8.000000000000000000e+01,5.000000000000000000e-01,0.000000000000000000e+00
8.001000000000000512e+01,5.000000000000000000e-01,0.000000000000000000e+00
8.001999999999999602e+01,5.000000000000000000e-01,0.000000000000000000e+00
8.003000000000000114e+01,5.000000000000000000e-01,0.000000000000000000e+00
8.004000000000000625e+01,5.000000000000000000e-01,0.000000000000000000e+00
8.004999999999999716e+01,5.000000000000000000e-01,0.000000000000000000e+00
8.006000000000000227e+01,5.000000000000000000e-01,0.000000000000000000e+00
8.007000000000000739e+01,5.000000000000000000e-01,0.000000000000000000e+00
8.007999999999999829e+01,5.000000000000000000e-01,0.000000000000000000e+00
8.009000000000000341e+01,5.000000000000000000e-01,0.000000000000000000e+00
8.010000000000000853e+01,5.000000000000000000e-01,0.000000000000000000e+00
8.010999999999999943e+01,5.000000000000000000e-01,0.000000000000000000e+00
8.012000000000000455e+01,5.000000000000000000e-01,0.000000000000000000e+00
8.012999999999999545e+01,5.000000000000000000e-01,0.000000000000000000e+00
8.014000000000000057e+01,5.000000000000000000e-01,0.000000000000000000e+00
8.015000000000000568e+01,5.000000000000000000e-01,0.000000000000000000e+00
8.015999999999999659e+01,5.000000000000000000e-01,0.000000000000000000e+00
8.017000000000000171e+01,5.000000000000000000e-01,0.000000000000000000e+00
8.018000000000000682e+01,5.000000000000000000e-01,0.000000000000000000e+00
8.018999999999999773e+01,5.000000000000000000e-01,0.000000000000000000e+00
8.020000000000000284e+01,5.000000000000000000e-01,0.000000000000000000e+00
8.021000000000000796e+01,5.000000000000000000e-01,0.000000000000000000e+00
8.021999999999999886e+01,5.000000000000000000e-01,0.000000000000000000e+00
8.023000000000000398e+01,5.000000000000000000e-01,0.000000000000000000e+00
8.023999999999999488e+01,5.000000000000000000e-01,0.000000000000000000e+00
8.025000000000000000e+01,5.000000000000000000e-01,0.000000000000000000e+00
8.026000000000000512e+01,5.000000000000000000e-01,0.000000000000000000e+00
8.026999999999999602e+01,5.000000000000000000e-01,0.000000000000000000e+00
8.028000000000000114e+01,5.000000000000000000e-01,0.000000000000000000e+00
8.029000000000000625e+01,5.000000000000000000e-01,0.000000000000000000e+00
8.029999999999999716e+01,5.000000000000000000e-01,0.000000000000000000e+00
8.031000000000000227e+01,5.000000000000000000e-01,0.000000000000000000e+00
8.032000000000000739e+01,5.000000000000000000e-01,0.000000000000000000e+00
8.032999999999999829e+01,5.000000000000000000e-01,0.000000000000000000e+00
8.034000000000000341e+01,5.000000000000000000e-01,0.000000000000000000e+00
8.035000000000000853e+01,5.000000000000000000e-01,0.000000000000000000e+00
8.035999999999999943e+01,5.000000000000000000e-01,0.000000000000000000e+00
8.037000000000000455e+01,5.000000000000000000e-01,0.000000000000000000e+00
8.037999999999999545e+01,5.000000000000000000e-01,0.000000000000000000e+00
8.039000000000000057e+01,5.000000000000000000e-01,0.000000000000000000e+00
8.040000000000000568e+01,5.000000000000000000e-01,0.000000000000000000e+00
8.040999999999999659e+01,5.000000000000000000e-01,0.000000000000000000e+00
8.042000000000000171e+01,5.000000000000000000e-01,0.000000000000000000e+00
8.043000000000000682e+01,5.000000000000000000e-01,0.000000000000000000e+00
8.043999999999999773e+01,5.000000000000000000e-01,0.000000000000000000e+00
8.045000000000000284e+01,5.000000000000000000e-01,0.000000000000000000e+00
8.046000000000000796e+01,5.000000000000000000e-01,0.000000000000000000e+00
8.046999999999999886e+01,5.000000000000000000e-01,0.000000000000000000e+00
8.048000000000000398e+01,5.000000000000000000e-01,0.000000000000000000e+00
8.048999999999999488e+01,5.000000000000000000e-01,0.000000000000000000e+00
8.050000000000000000e+01,5.000000000000000000e-01,0.000000000000000000e+00
8.051000000000000512e+01,5.000000000000000000e-01,0.000000000000000000e+00
8.051999999999999602e+01,5.000000000000000000e-01,0.000000000000000000e+00
8.053000000000000114e+01,5.000000000000000000e-01,0.000000000000000000e+00
8.054000000000000625e+01,5.000000000000000000e-01,0.000000000000000000e+00
8.054999999999999716e+01,5.000000000000000000e-01,0.000000000000000000e+00
8.056000000000000227e+01,5.000000000000000000e-01,0.000000000000000000e+00
8.057000000000000739e+01,5.000000000000000000e-01,0.000000000000000000e+00
8.057999999999999829e+01,5.000000000000000000e-01,0.000000000000000000e+00
8.059000000000000341e+01,5.000000000000000000e-01,0.000000000000000000e+00
8.060000000000000853e+01,5.000000000000000000e-01,0.000000000000000000e+00
8.060999999999999943e+01,5.000000000000000000e-01,0.000000000000000000e+00
8.062000000000000455e+01,5.000000000000000000e-01,0.000000000000000000e+00
8.062999999999999545e+01,5.000000000000000000e-01,0.000000000000000000e+00
8.064000000000000057e+01,5.000000000000000000e-01,0.000000000000000000e+00
8.065000000000000568e+01,5.000000000000000000e-01,0.000000000000000000e+00
8.065999999999999659e+01,5.000000000000000000e-01,0.000000000000000000e+00
8.067000000000000171e+01,5.000000000000000000e-01,0.000000000000000000e+00
8.068000000000000682e+01,5.000000000000000000e-01,0.000000000000000000e+00
8.068999999999999773e+01,5.000000000000000000e-01,0.000000000000000000e+00
8.070000000000000284e+01,5.000000000000000000e-01,0.000000000000000000e+00
8.071000000000000796e+01,5.000000000000000000e-01,0.000000000000000000e+00
8.071999999999999886e+01,5.000000000000000000e-01,0.000000000000000000e+00
8.073000000000000398e+01,5.000000000000000000e-01,0.000000000000000000e+00
8.073999999999999488e+01,5.000000000000000000e-01,0.000000000000000000e+00
8.075000000000000000e+01,5.000000000000000000e-01,0.000000000000000000e+00
8.076000000000000512e+01,5.000000000000000000e-01,0.000000000000000000e+00
8.076999999999999602e+01,5.000000000000000000e-01,0.000000000000000000e+00
8.078000000000000114e+01,5.000000000000000000e-01,0.000000000000000000e+00
8.079000000000000625e+01,5.000000000000000000e-01,0.000000000000000000e+00
8.079999999999999716e+01,5.000000000000000000e-01,0.000000000000000000e+00
8.081000000000000227e+01,5.000000000000000000e-01,0.000000000000000000e+00
8.082000000000000739e+01,5.000000000000000000e-01,0.000000000000000000e+00
8.082999999999999829e+01,5.000000000000000000e-01,0.000000000000000000e+00
8.084000000000000341e+01,5.000000000000000000e-01,0.000000000000000000e+00
8.085000000000000853e+01,5.000000000000000000e-01,0.000000000000000000e+00
8.085999999999999943e+01,5.000000000000000000e-01,0.000000000000000000e+00
8.087000000000000455e+01,5.000000000000000000e-01,0.000000000000000000e+00
8.087999999999999545e+01,5.000000000000000000e-01,0.000000000000000000e+00
8.089000000000000057e+01,5.000000000000000000e-01,0.000000000000000000e+00
8.090000000000000568e+01,5.000000000000000000e-01,0.000000000000000000e+00
8.090999999999999659e+01,5.000000000000000000e-01,0.000000000000000000e+00
8.092000000000000171e+01,5.000000000000000000e-01,0.000000000000000000e+00
8.093000000000000682e+01,5.000000000000000000e-01,0.000000000000000000e+00
8.093999999999999773e+01,5.000000000000000000e-01,0.000000000000000000e+00
8.095000000000000284e+01,5.000000000000000000e-01,0.000000000000000000e+00
8.096000000000000796e+01,5.000000000000000000e-01,0.000000000000000000e+00
8.096999999999999886e+01,5.000000000000000000e-01,0.000000000000000000e+00
8.098000000000000398e+01,5.000000000000000000e-01,0.000000000000000000e+00
8.098999999999999488e+01,5.000000000000000000e-01,0.000000000000000000e+00
8.100000000000000000e+01,5.000000000000000000e-01,0.000000000000000000e+00
8.101000000000000512e+01,5.000000000000000000e-01,0.000000000000000000e+00
8.101999999999999602e+01,5.000000000000000000e-01,0.000000000000000000e+00
8.103000000000000114e+01,5.000000000000000000e-01,0.000000000000000000e+00
8.104000000000000625e+01,5.000000000000000000e-01,0.000000000000000000e+00
8.104999999999999716e+01,5.000000000000000000e-01,0.000000000000000000e+00
8.106000000000000227e+01,5.000000000000000000e-01,0.000000000000000000e+00
8.107000000000000739e+01,5.000000000000000000e-01,0.000000000000000000e+00
8.107999999999999829e+01,5.000000000000000000e-01,0.000000000000000000e+00
8.109000000000000341e+01,5.000000000000000000e-01,0.000000000000000000e+00
8.110000000000000853e+01,5.000000000000000000e-01,0.000000000000000000e+00
8.110999999999999943e+01,5.000000000000000000e-01,0.000000000000000000e+00
8.112000000000000455e+01,5.000000000000000000e-01,0.000000000000000000e+00
8.112999999999999545e+01,5.000000000000000000e-01,0.000000000000000000e+00
8.114000000000000057e+01,5.000000000000000000e-01,0.000000000000000000e+00
8.115000000000000568e+01,5.000000000000000000e-01,0.000000000000000000e+00
8.115999999999999659e+01,5.000000000000000000e-01,0.000000000000000000e+00
8.117000000000000171e+01,5.000000000000000000e-01,0.000000000000000000e+00
8.118000000000000682e+01,5.000000000000000000e-01,0.000000000000000000e+00
8.118999999999999773e+01,5.000000000000000000e-01,0.000000000000000000e+00
8.120000000000000284e+01,5.000000000000000000e-01,0.000000000000000000e+00
8.121000000000000796e+01,5.000000000000000000e-01,0.000000000000000000e+00
8.121999999999999886e+01,5.000000000000000000e-01,0.000000000000000000e+00
8.123000000000000398e+01,5.000000000000000000e-01,0.000000000000000000e+00
8.123999999999999488e+01,5.000000000000000000e-01,0.000000000000000000e+00
8.125000000000000000e+01,5.000000000000000000e-01,0.000000000000000000e+00
8.126000000000000512e+01,5.000000000000000000e-01,0.000000000000000000e+00
8.126999999999999602e+01,5.000000000000000000e-01,0.000000000000000000e+00
8.128000000000000114e+01,5.000000000000000000e-01,0.000000000000000000e+00
8.129000000000000625e+01,5.000000000000000000e-01,0.000000000000000000e+00
8.129999999999999716e+01,5.000000000000000000e-01,0.000000000000000000e+00
8.131000000000000227e+01,5.000000000000000000e-01,0.000000000000000000e+00
8.132000000000000739e+01,5.000000000000000000e-01,0.000000000000000000e+00
8.132999999999999829e+01,5.000000000000000000e-01,0.000000000000000000e+00
8.134000000000000341e+01,5.000000000000000000e-01,0.000000000000000000e+00
8.135000000000000853e+01,5.000000000000000000e-01,0.000000000000000000e+00
8.135999999999999943e+01,5.000000000000000000e-01,0.000000000000000000e+00
8.137000000000000455e+01,5.000000000000000000e-01,0.000000000000000000e+00
8.137999999999999545e+01,5.000000000000000000e-01,0.000000000000000000e+00
8.139000000000000057e+01,5.000000000000000000e-01,0.000000000000000000e+00
8.140000000000000568e+01,5.000000000000000000e-01,0.000000000000000000e+00
8.140999999999999659e+01,5.000000000000000000e-01,0.000000000000000000e+00
8.142000000000000171e+01,5.000000000000000000e-01,0.000000000000000000e+00
8.143000000000000682e+01,5.000000000000000000e-01,0.000000000000000000e+00
8.143999999999999773e+01,5.000000000000000000e-01,0.000000000000000000e+00
8.145000000000000284e+01,5.000000000000000000e-01,0.000000000000000000e+00
8.146000000000000796e+01,5.000000000000000000e-01,0.000000000000000000e+00
8.146999999999999886e+01,5.000000000000000000e-01,0.000000000000000000e+00
8.148000000000000398e+01,5.000000000000000000e-01,0.000000000000000000e+00
8.148999999999999488e+01,5.000000000000000000e-01,0.000000000000000000e+00
8.150000000000000000e+01,5.000000000000000000e-01,0.000000000000000000e+00
8.151000000000000512e+01,5.000000000000000000e-01,0.000000000000000000e+00
8.151999999999999602e+01,5.000000000000000000e-01,0.000000000000000000e+00
8.153000000000000114e+01,5.000000000000000000e-01,0.000000000000000000e+00
8.154000000000000625e+01,5.000000000000000000e-01,0.000000000000000000e+00
8.154999999999999716e+01,5.000000000000000000e-01,0.000000000000000000e+00
8.156000000000000227e+01,5.000000000000000000e-01,0.000000000000000000e+00
8.157000000000000739e+01,5.000000000000000000e-01,0.000000000000000000e+00
8.157999999999999829e+01,5.000000000000000000e-01,0.000000000000000000e+00
8.159000000000000341e+01,5.000000000000000000e-01,0.000000000000000000e+00
8.160000000000000853e+01,5.000000000000000000e-01,0.000000000000000000e+00
8.160999999999999943e+01,5.000000000000000000e-01,0.000000000000000000e+00
8.162000000000000455e+01,5.000000000000000000e-01,0.000000000000000000e+00
8.162999999999999545e+01,5.000000000000000000e-01,0.000000000000000000e+00
8.164000000000000057e+01,5.000000000000000000e-01,0.000000000000000000e+00
8.165000000000000568e+01,5.000000000000000000e-01,0.000000000000000000e+00
8.165999999999999659e+01,5.000000000000000000e-01,0.000000000000000000e+00
8.167000000000000171e+01,5.000000000000000000e-01,0.000000000000000000e+00
8.168000000000000682e+01,5.000000000000000000e-01,0.000000000000000000e+00
8.168999999999999773e+01,5.000000000000000000e-01,0.000000000000000000e+00
8.170000000000000284e+01,5.000000000000000000e-01,0.000000000000000000e+00
8.171000000000000796e+01,5.000000000000000000e-01,0.000000000000000000e+00
8.171999999999999886e+01,5.000000000000000000e-01,0.000000000000000000e+00
8.173000000000000398e+01,5.000000000000000000e-01,0.000000000000000000e+00
8.173999999999999488e+01,5.000000000000000000e-01,0.000000000000000000e+00
8.175000000000000000e+01,5.000000000000000000e-01,0.000000000000000000e+00
8.176000000000000512e+01,5.000000000000000000e-01,0.000000000000000000e+00
8.176999999999999602e+01,5.000000000000000000e-01,0.000000000000000000e+00
8.178000000000000114e+01,5.000000000000000000e-01,0.000000000000000000e+00
8.179000000000000625e+01,5.000000000000000000e-01,0.000000000000000000e+00
8.179999999999999716e+01,5.000000000000000000e-01,0.000000000000000000e+00
8.181000000000000227e+01,5.000000000000000000e-01,0.000000000000000000e+00
8.182000000000000739e+01,5.000000000000000000e-01,0.000000000000000000e+00
8.182999999999999829e+01,5.000000000000000000e-01,0.000000000000000000e+00
8.184000000000000341e+01,5.000000000000000000e-01,0.000000000000000000e+00
8.185000000000000853e+01,5.000000000000000000e-01,0.000000000000000000e+00
8.185999999999999943e+01,5.000000000000000000e-01,0.000000000000000000e+00
8.187000000000000455e+01,5.000000000000000000e-01,0.000000000000000000e+00
8.187999999999999545e+01,5.000000000000000000e-01,0.000000000000000000e+00
8.189000000000000057e+01,5.000000000000000000e-01,0.000000000000000000e+00
8.190000000000000568e+01,5.000000000000000000e-01,0.000000000000000000e+00
8.190999999999999659e+01,5.000000000000000000e-01,0.000000000000000000e+00
8.192000000000000171e+01,5.000000000000000000e-01,0.000000000000000000e+00
8.193000000000000682e+01,5.000000000000000000e-01,0.000000000000000000e+00
8.193999999999999773e+01,5.000000000000000000e-01,0.000000000000000000e+00
8.195000000000000284e+01,5.000000000000000000e-01,0.000000000000000000e+00
8.196000000000000796e+01,5.000000000000000000e-01,0.000000000000000000e+00
8.196999999999999886e+01,5.000000000000000000e-01,0.000000000000000000e+00
8.198000000000000398e+01,5.000000000000000000e-01,0.000000000000000000e+00
8.198999999999999488e+01,5.000000000000000000e-01,0.000000000000000000e+00
8.200000000000000000e+01,5.000000000000000000e-01,0.000000000000000000e+00
8.201000000000000512e+01,5.000000000000000000e-01,0.000000000000000000e+00
8.201999999999999602e+01,5.000000000000000000e-01,0.000000000000000000e+00
8.203000000000000114e+01,5.000000000000000000e-01,0.000000000000000000e+00
8.204000000000000625e+01,5.000000000000000000e-01,0.000000000000000000e+00
8.204999999999999716e+01,5.000000000000000000e-01,0.000000000000000000e+00
8.206000000000000227e+01,5.000000000000000000e-01,0.000000000000000000e+00
8.207000000000000739e+01,5.000000000000000000e-01,0.000000000000000000e+00
8.207999999999999829e+01,5.000000000000000000e-01,0.000000000000000000e+00
8.209000000000000341e+01,5.000000000000000000e-01,0.000000000000000000e+00
8.210000000000000853e+01,5.000000000000000000e-01,0.000000000000000000e+00
8.210999999999999943e+01,5.000000000000000000e-01,0.000000000000000000e+00
8.212000000000000455e+01,5.000000000000000000e-01,0.000000000000000000e+00
8.212999999999999545e+01,5.000000000000000000e-01,0.000000000000000000e+00
8.214000000000000057e+01,5.000000000000000000e-01,0.000000000000000000e+00
8.215000000000000568e+01,5.000000000000000000e-01,0.000000000000000000e+00
8.215999999999999659e+01,5.000000000000000000e-01,0.000000000000000000e+00
8.217000000000000171e+01,5.000000000000000000e-01,0.000000000000000000e+00
8.218000000000000682e+01,5.000000000000000000e-01,0.000000000000000000e+00
8.218999999999999773e+01,5.000000000000000000e-01,0.000000000000000000e+00
8.220000000000000284e+01,5.000000000000000000e-01,0.000000000000000000e+00
8.221000000000000796e+01,5.000000000000000000e-01,0.000000000000000000e+00
8.221999999999999886e+01,5.000000000000000000e-01,0.000000000000000000e+00
8.223000000000000398e+01,5.000000000000000000e-01,0.000000000000000000e+00
8.223999999999999488e+01,5.000000000000000000e-01,0.000000000000000000e+00
8.225000000000000000e+01,5.000000000000000000e-01,0.000000000000000000e+00
8.226000000000000512e+01,5.000000000000000000e-01,0.000000000000000000e+00
8.226999999999999602e+01,5.000000000000000000e-01,0.000000000000000000e+00
8.228000000000000114e+01,5.000000000000000000e-01,0.000000000000000000e+00
8.229000000000000625e+01,5.000000000000000000e-01,0.000000000000000000e+00
8.229999999999999716e+01,5.000000000000000000e-01,0.000000000000000000e+00
8.231000000000000227e+01,5.000000000000000000e-01,0.000000000000000000e+00
8.232000000000000739e+01,5.000000000000000000e-01,0.000000000000000000e+00
8.232999999999999829e+01,5.000000000000000000e-01,0.000000000000000000e+00
8.234000000000000341e+01,5.000000000000000000e-01,0.000000000000000000e+00
8.235000000000000853e+01,5.000000000000000000e-01,0.000000000000000000e+00
8.235999999999999943e+01,5.000000000000000000e-01,0.000000000000000000e+00
8.237000000000000455e+01,5.000000000000000000e-01,0.000000000000000000e+00
8.237999999999999545e+01,5.000000000000000000e-01,0.000000000000000000e+00
8.239000000000000057e+01,5.000000000000000000e-01,0.000000000000000000e+00
8.240000000000000568e+01,5.000000000000000000e-01,0.000000000000000000e+00
8.240999999999999659e+01,5.000000000000000000e-01,0.000000000000000000e+00
8.242000000000000171e+01,5.000000000000000000e-01,0.000000000000000000e+00
8.243000000000000682e+01,5.000000000000000000e-01,0.000000000000000000e+00
8.243999999999999773e+01,5.000000000000000000e-01,0.000000000000000000e+00
8.245000000000000284e+01,5.000000000000000000e-01,0.000000000000000000e+00
8.246000000000000796e+01,5.000000000000000000e-01,0.000000000000000000e+00
8.246999999999999886e+01,5.000000000000000000e-01,0.000000000000000000e+00
8.248000000000000398e+01,5.000000000000000000e-01,0.000000000000000000e+00
8.248999999999999488e+01,5.000000000000000000e-01,0.000000000000000000e+00
8.250000000000000000e+01,5.000000000000000000e-01,0.000000000000000000e+00
8.251000000000000512e+01,5.000000000000000000e-01,0.000000000000000000e+00
8.251999999999999602e+01,5.000000000000000000e-01,0.000000000000000000e+00
8.253000000000000114e+01,5.000000000000000000e-01,0.000000000000000000e+00
8.254000000000000625e+01,5.000000000000000000e-01,0.000000000000000000e+00
8.254999999999999716e+01,5.000000000000000000e-01,0.000000000000000000e+00
8.256000000000000227e+01,5.000000000000000000e-01,0.000000000000000000e+00
8.257000000000000739e+01,5.000000000000000000e-01,0.000000000000000000e+00
8.257999999999999829e+01,5.000000000000000000e-01,0.000000000000000000e+00
8.259000000000000341e+01,5.000000000000000000e-01,0.000000000000000000e+00
8.260000000000000853e+01,5.000000000000000000e-01,0.000000000000000000e+00
8.260999999999999943e+01,5.000000000000000000e-01,0.000000000000000000e+00
8.262000000000000455e+01,5.000000000000000000e-01,0.000000000000000000e+00
8.262999999999999545e+01,5.000000000000000000e-01,0.000000000000000000e+00
8.264000000000000057e+01,5.000000000000000000e-01,0.000000000000000000e+00
8.265000000000000568e+01,5.000000000000000000e-01,0.000000000000000000e+00
8.265999999999999659e+01,5.000000000000000000e-01,0.000000000000000000e+00
8.267000000000000171e+01,5.000000000000000000e-01,0.000000000000000000e+00
8.268000000000000682e+01,5.000000000000000000e-01,0.000000000000000000e+00
8.268999999999999773e+01,5.000000000000000000e-01,0.000000000000000000e+00
8.270000000000000284e+01,5.000000000000000000e-01,0.000000000000000000e+00
8.271000000000000796e+01,5.000000000000000000e-01,0.000000000000000000e+00
8.271999999999999886e+01,5.000000000000000000e-01,0.000000000000000000e+00
8.273000000000000398e+01,5.000000000000000000e-01,0.000000000000000000e+00
8.273999999999999488e+01,5.000000000000000000e-01,0.000000000000000000e+00
8.275000000000000000e+01,5.000000000000000000e-01,0.000000000000000000e+00
8.276000000000000512e+01,5.000000000000000000e-01,0.000000000000000000e+00
8.276999999999999602e+01,5.000000000000000000e-01,0.000000000000000000e+00
8.278000000000000114e+01,5.000000000000000000e-01,0.000000000000000000e+00
8.279000000000000625e+01,5.000000000000000000e-01,0.000000000000000000e+00
8.279999999999999716e+01,5.000000000000000000e-01,0.000000000000000000e+00
8.281000000000000227e+01,5.000000000000000000e-01,0.000000000000000000e+00
8.282000000000000739e+01,5.000000000000000000e-01,0.000000000000000000e+00
8.282999999999999829e+01,5.000000000000000000e-01,0.000000000000000000e+00
8.284000000000000341e+01,5.000000000000000000e-01,0.000000000000000000e+00
8.285000000000000853e+01,5.000000000000000000e-01,0.000000000000000000e+00
8.285999999999999943e+01,5.000000000000000000e-01,0.000000000000000000e+00
8.287000000000000455e+01,5.000000000000000000e-01,0.000000000000000000e+00
8.287999999999999545e+01,5.000000000000000000e-01,0.000000000000000000e+00
8.289000000000000057e+01,5.000000000000000000e-01,0.000000000000000000e+00
8.290000000000000568e+01,5.000000000000000000e-01,0.000000000000000000e+00
8.290999999999999659e+01,5.000000000000000000e-01,0.000000000000000000e+00
8.292000000000000171e+01,5.000000000000000000e-01,0.000000000000000000e+00
8.293000000000000682e+01,5.000000000000000000e-01,0.000000000000000000e+00
8.293999999999999773e+01,5.000000000000000000e-01,0.000000000000000000e+00
8.295000000000000284e+01,5.000000000000000000e-01,0.000000000000000000e+00
8.296000000000000796e+01,5.000000000000000000e-01,0.000000000000000000e+00
8.296999999999999886e+01,5.000000000000000000e-01,0.000000000000000000e+00
8.298000000000000398e+01,5.000000000000000000e-01,0.000000000000000000e+00
8.298999999999999488e+01,5.000000000000000000e-01,0.000000000000000000e+00
8.300000000000000000e+01,5.000000000000000000e-01,0.000000000000000000e+00
8.301000000000000512e+01,5.000000000000000000e-01,0.000000000000000000e+00
8.301999999999999602e+01,5.000000000000000000e-01,0.000000000000000000e+00
8.303000000000000114e+01,5.000000000000000000e-01,0.000000000000000000e+00
8.304000000000000625e+01,5.000000000000000000e-01,0.000000000000000000e+00
8.304999999999999716e+01,5.000000000000000000e-01,0.000000000000000000e+00
8.306000000000000227e+01,5.000000000000000000e-01,0.000000000000000000e+00
8.307000000000000739e+01,5.000000000000000000e-01,0.000000000000000000e+00
8.307999999999999829e+01,5.000000000000000000e-01,0.000000000000000000e+00
8.309000000000000341e+01,5.000000000000000000e-01,0.000000000000000000e+00
8.310000000000000853e+01,5.000000000000000000e-01,0.000000000000000000e+00
8.310999999999999943e+01,5.000000000000000000e-01,0.000000000000000000e+00
8.312000000000000455e+01,5.000000000000000000e-01,0.000000000000000000e+00
8.312999999999999545e+01,5.000000000000000000e-01,0.000000000000000000e+00
8.314000000000000057e+01,5.000000000000000000e-01,0.000000000000000000e+00
8.315000000000000568e+01,5.000000000000000000e-01,0.000000000000000000e+00
8.315999999999999659e+01,5.000000000000000000e-01,0.000000000000000000e+00
8.317000000000000171e+01,5.000000000000000000e-01,0.000000000000000000e+00
8.318000000000000682e+01,5.000000000000000000e-01,0.000000000000000000e+00
8.318999999999999773e+01,5.000000000000000000e-01,0.000000000000000000e+00
8.320000000000000284e+01,5.000000000000000000e-01,0.000000000000000000e+00
8.321000000000000796e+01,5.000000000000000000e-01,0.000000000000000000e+00
8.321999999999999886e+01,5.000000000000000000e-01,0.000000000000000000e+00
8.323000000000000398e+01,5.000000000000000000e-01,0.000000000000000000e+00
8.323999999999999488e+01,5.000000000000000000e-01,0.000000000000000000e+00
8.325000000000000000e+01,5.000000000000000000e-01,0.000000000000000000e+00
8.326000000000000512e+01,5.000000000000000000e-01,0.000000000000000000e+00
8.326999999999999602e+01,5.000000000000000000e-01,0.000000000000000000e+00
8.328000000000000114e+01,5.000000000000000000e-01,0.000000000000000000e+00
8.329000000000000625e+01,5.000000000000000000e-01,0.000000000000000000e+00
8.329999999999999716e+01,5.000000000000000000e-01,0.000000000000000000e+00
8.331000000000000227e+01,5.000000000000000000e-01,0.000000000000000000e+00
8.332000000000000739e+01,5.000000000000000000e-01,0.000000000000000000e+00
8.332999999999999829e+01,5.000000000000000000e-01,0.000000000000000000e+00
8.334000000000000341e+01,5.000000000000000000e-01,0.000000000000000000e+00
8.335000000000000853e+01,5.000000000000000000e-01,0.000000000000000000e+00
8.335999999999999943e+01,5.000000000000000000e-01,0.000000000000000000e+00
8.337000000000000455e+01,5.000000000000000000e-01,0.000000000000000000e+00
8.337999999999999545e+01,5.000000000000000000e-01,0.000000000000000000e+00
8.339000000000000057e+01,5.000000000000000000e-01,0.000000000000000000e+00
8.340000000000000568e+01,5.000000000000000000e-01,0.000000000000000000e+00
8.340999999999999659e+01,5.000000000000000000e-01,0.000000000000000000e+00
8.342000000000000171e+01,5.000000000000000000e-01,0.000000000000000000e+00
8.343000000000000682e+01,5.000000000000000000e-01,0.000000000000000000e+00
8.343999999999999773e+01,5.000000000000000000e-01,0.000000000000000000e+00
8.345000000000000284e+01,5.000000000000000000e-01,0.000000000000000000e+00
8.346000000000000796e+01,5.000000000000000000e-01,0.000000000000000000e+00
8.346999999999999886e+01,5.000000000000000000e-01,0.000000000000000000e+00
8.348000000000000398e+01,5.000000000000000000e-01,0.000000000000000000e+00
8.348999999999999488e+01,5.000000000000000000e-01,0.000000000000000000e+00
8.350000000000000000e+01,5.000000000000000000e-01,0.000000000000000000e+00
8.351000000000000512e+01,5.000000000000000000e-01,0.000000000000000000e+00
8.351999999999999602e+01,5.000000000000000000e-01,0.000000000000000000e+00
8.353000000000000114e+01,5.000000000000000000e-01,0.000000000000000000e+00
8.354000000000000625e+01,5.000000000000000000e-01,0.000000000000000000e+00
8.354999999999999716e+01,5.000000000000000000e-01,0.000000000000000000e+00
8.356000000000000227e+01,5.000000000000000000e-01,0.000000000000000000e+00
8.357000000000000739e+01,5.000000000000000000e-01,0.000000000000000000e+00
8.357999999999999829e+01,5.000000000000000000e-01,0.000000000000000000e+00
8.359000000000000341e+01,5.000000000000000000e-01,0.000000000000000000e+00
8.360000000000000853e+01,5.000000000000000000e-01,0.000000000000000000e+00
8.360999999999999943e+01,5.000000000000000000e-01,0.000000000000000000e+00
8.362000000000000455e+01,5.000000000000000000e-01,0.000000000000000000e+00
8.362999999999999545e+01,5.000000000000000000e-01,0.000000000000000000e+00
8.364000000000000057e+01,5.000000000000000000e-01,0.000000000000000000e+00
8.365000000000000568e+01,5.000000000000000000e-01,0.000000000000000000e+00
8.365999999999999659e+01,5.000000000000000000e-01,0.000000000000000000e+00
8.367000000000000171e+01,5.000000000000000000e-01,0.000000000000000000e+00
8.368000000000000682e+01,5.000000000000000000e-01,0.000000000000000000e+00
8.368999999999999773e+01,5.000000000000000000e-01,0.000000000000000000e+00
8.370000000000000284e+01,5.000000000000000000e-01,0.000000000000000000e+00
8.371000000000000796e+01,5.000000000000000000e-01,0.000000000000000000e+00
8.371999999999999886e+01,5.000000000000000000e-01,0.000000000000000000e+00
8.373000000000000398e+01,5.000000000000000000e-01,0.000000000000000000e+00
8.373999999999999488e+01,5.000000000000000000e-01,0.000000000000000000e+00
8.375000000000000000e+01,5.000000000000000000e-01,0.000000000000000000e+00
8.376000000000000512e+01,5.000000000000000000e-01,0.000000000000000000e+00
8.376999999999999602e+01,5.000000000000000000e-01,0.000000000000000000e+00
8.378000000000000114e+01,5.000000000000000000e-01,0.000000000000000000e+00
8.379000000000000625e+01,5.000000000000000000e-01,0.000000000000000000e+00
8.379999999999999716e+01,5.000000000000000000e-01,0.000000000000000000e+00
8.381000000000000227e+01,5.000000000000000000e-01,0.000000000000000000e+00
8.382000000000000739e+01,5.000000000000000000e-01,0.000000000000000000e+00
8.382999999999999829e+01,5.000000000000000000e-01,0.000000000000000000e+00
8.384000000000000341e+01,5.000000000000000000e-01,0.000000000000000000e+00
8.385000000000000853e+01,5.000000000000000000e-01,0.000000000000000000e+00
8.385999999999999943e+01,5.000000000000000000e-01,0.000000000000000000e+00
8.387000000000000455e+01,5.000000000000000000e-01,0.000000000000000000e+00
8.387999999999999545e+01,5.000000000000000000e-01,0.000000000000000000e+00
8.389000000000000057e+01,5.000000000000000000e-01,0.000000000000000000e+00
8.390000000000000568e+01,5.000000000000000000e-01,0.000000000000000000e+00
8.390999999999999659e+01,5.000000000000000000e-01,0.000000000000000000e+00
8.392000000000000171e+01,5.000000000000000000e-01,0.000000000000000000e+00
8.393000000000000682e+01,5.000000000000000000e-01,0.000000000000000000e+00
8.393999999999999773e+01,5.000000000000000000e-01,0.000000000000000000e+00
8.395000000000000284e+01,5.000000000000000000e-01,0.000000000000000000e+00
8.396000000000000796e+01,5.000000000000000000e-01,0.000000000000000000e+00
8.396999999999999886e+01,5.000000000000000000e-01,0.000000000000000000e+00
8.398000000000000398e+01,5.000000000000000000e-01,0.000000000000000000e+00
8.398999999999999488e+01,5.000000000000000000e-01,0.000000000000000000e+00
8.400000000000000000e+01,5.000000000000000000e-01,0.000000000000000000e+00
8.401000000000000512e+01,5.000000000000000000e-01,0.000000000000000000e+00
8.401999999999999602e+01,5.000000000000000000e-01,0.000000000000000000e+00
8.403000000000000114e+01,5.000000000000000000e-01,0.000000000000000000e+00
8.404000000000000625e+01,5.000000000000000000e-01,0.000000000000000000e+00
8.404999999999999716e+01,5.000000000000000000e-01,0.000000000000000000e+00
8.406000000000000227e+01,5.000000000000000000e-01,0.000000000000000000e+00
8.407000000000000739e+01,5.000000000000000000e-01,0.000000000000000000e+00
8.407999999999999829e+01,5.000000000000000000e-01,0.000000000000000000e+00
8.409000000000000341e+01,5.000000000000000000e-01,0.000000000000000000e+00
8.410000000000000853e+01,5.000000000000000000e-01,0.000000000000000000e+00
8.410999999999999943e+01,5.000000000000000000e-01,0.000000000000000000e+00
8.412000000000000455e+01,5.000000000000000000e-01,0.000000000000000000e+00
8.412999999999999545e+01,5.000000000000000000e-01,0.000000000000000000e+00
8.414000000000000057e+01,5.000000000000000000e-01,0.000000000000000000e+00
8.415000000000000568e+01,5.000000000000000000e-01,0.000000000000000000e+00
8.415999999999999659e+01,5.000000000000000000e-01,0.000000000000000000e+00
8.417000000000000171e+01,5.000000000000000000e-01,0.000000000000000000e+00
8.418000000000000682e+01,5.000000000000000000e-01,0.000000000000000000e+00
8.418999999999999773e+01,5.000000000000000000e-01,0.000000000000000000e+00
8.420000000000000284e+01,5.000000000000000000e-01,0.000000000000000000e+00
8.421000000000000796e+01,5.000000000000000000e-01,0.000000000000000000e+00
8.421999999999999886e+01,5.000000000000000000e-01,0.000000000000000000e+00
8.423000000000000398e+01,5.000000000000000000e-01,0.000000000000000000e+00
8.423999999999999488e+01,5.000000000000000000e-01,0.000000000000000000e+00
8.425000000000000000e+01,5.000000000000000000e-01,0.000000000000000000e+00
8.426000000000000512e+01,5.000000000000000000e-01,0.000000000000000000e+00
8.426999999999999602e+01,5.000000000000000000e-01,0.000000000000000000e+00
8.428000000000000114e+01,5.000000000000000000e-01,0.000000000000000000e+00
8.429000000000000625e+01,5.000000000000000000e-01,0.000000000000000000e+00
8.429999999999999716e+01,5.000000000000000000e-01,0.000000000000000000e+00
8.431000000000000227e+01,5.000000000000000000e-01,0.000000000000000000e+00
8.432000000000000739e+01,5.000000000000000000e-01,0.000000000000000000e+00
8.432999999999999829e+01,5.000000000000000000e-01,0.000000000000000000e+00
8.434000000000000341e+01,5.000000000000000000e-01,0.000000000000000000e+00
8.435000000000000853e+01,5.000000000000000000e-01,0.000000000000000000e+00
8.435999999999999943e+01,5.000000000000000000e-01,0.000000000000000000e+00
8.437000000000000455e+01,5.000000000000000000e-01,0.000000000000000000e+00
8.437999999999999545e+01,5.000000000000000000e-01,0.000000000000000000e+00
8.439000000000000057e+01,5.000000000000000000e-01,0.000000000000000000e+00
8.440000000000000568e+01,5.000000000000000000e-01,0.000000000000000000e+00
8.440999999999999659e+01,5.000000000000000000e-01,0.000000000000000000e+00
8.442000000000000171e+01,5.000000000000000000e-01,0.000000000000000000e+00
8.443000000000000682e+01,5.000000000000000000e-01,0.000000000000000000e+00
8.443999999999999773e+01,5.000000000000000000e-01,0.000000000000000000e+00
8.445000000000000284e+01,5.000000000000000000e-01,0.000000000000000000e+00
8.446000000000000796e+01,5.000000000000000000e-01,0.000000000000000000e+00
8.446999999999999886e+01,5.000000000000000000e-01,0.000000000000000000e+00
8.448000000000000398e+01,5.000000000000000000e-01,0.000000000000000000e+00
8.448999999999999488e+01,5.000000000000000000e-01,0.000000000000000000e+00
8.450000000000000000e+01,5.000000000000000000e-01,0.000000000000000000e+00
8.451000000000000512e+01,5.000000000000000000e-01,0.000000000000000000e+00
8.451999999999999602e+01,5.000000000000000000e-01,0.000000000000000000e+00
8.453000000000000114e+01,5.000000000000000000e-01,0.000000000000000000e+00
8.454000000000000625e+01,5.000000000000000000e-01,0.000000000000000000e+00
8.454999999999999716e+01,5.000000000000000000e-01,0.000000000000000000e+00
8.456000000000000227e+01,5.000000000000000000e-01,0.000000000000000000e+00
8.457000000000000739e+01,5.000000000000000000e-01,0.000000000000000000e+00
8.457999999999999829e+01,5.000000000000000000e-01,0.000000000000000000e+00
8.459000000000000341e+01,5.000000000000000000e-01,0.000000000000000000e+00
8.460000000000000853e+01,5.000000000000000000e-01,0.000000000000000000e+00
8.460999999999999943e+01,5.000000000000000000e-01,0.000000000000000000e+00
8.462000000000000455e+01,5.000000000000000000e-01,0.000000000000000000e+00
8.462999999999999545e+01,5.000000000000000000e-01,0.000000000000000000e+00
8.464000000000000057e+01,5.000000000000000000e-01,0.000000000000000000e+00
8.465000000000000568e+01,5.000000000000000000e-01,0.000000000000000000e+00
8.465999999999999659e+01,5.000000000000000000e-01,0.000000000000000000e+00
8.467000000000000171e+01,5.000000000000000000e-01,0.000000000000000000e+00
8.468000000000000682e+01,5.000000000000000000e-01,0.000000000000000000e+00
8.468999999999999773e+01,5.000000000000000000e-01,0.000000000000000000e+00
8.470000000000000284e+01,5.000000000000000000e-01,0.000000000000000000e+00
8.471000000000000796e+01,5.000000000000000000e-01,0.000000000000000000e+00
8.471999999999999886e+01,5.000000000000000000e-01,0.000000000000000000e+00
8.473000000000000398e+01,5.000000000000000000e-01,0.000000000000000000e+00
8.473999999999999488e+01,5.000000000000000000e-01,0.000000000000000000e+00
8.475000000000000000e+01,5.000000000000000000e-01,0.000000000000000000e+00
8.476000000000000512e+01,5.000000000000000000e-01,0.000000000000000000e+00
8.476999999999999602e+01,5.000000000000000000e-01,0.000000000000000000e+00
8.478000000000000114e+01,5.000000000000000000e-01,0.000000000000000000e+00
8.479000000000000625e+01,5.000000000000000000e-01,0.000000000000000000e+00
8.479999999999999716e+01,5.000000000000000000e-01,0.000000000000000000e+00
8.481000000000000227e+01,5.000000000000000000e-01,0.000000000000000000e+00
8.482000000000000739e+01,5.000000000000000000e-01,0.000000000000000000e+00
8.482999999999999829e+01,5.000000000000000000e-01,0.000000000000000000e+00
8.484000000000000341e+01,5.000000000000000000e-01,0.000000000000000000e+00
8.485000000000000853e+01,5.000000000000000000e-01,0.000000000000000000e+00
8.485999999999999943e+01,5.000000000000000000e-01,0.000000000000000000e+00
8.487000000000000455e+01,5.000000000000000000e-01,0.000000000000000000e+00
8.487999999999999545e+01,5.000000000000000000e-01,0.000000000000000000e+00
8.489000000000000057e+01,5.000000000000000000e-01,0.000000000000000000e+00
8.490000000000000568e+01,5.000000000000000000e-01,0.000000000000000000e+00
8.490999999999999659e+01,5.000000000000000000e-01,0.000000000000000000e+00
8.492000000000000171e+01,5.000000000000000000e-01,0.000000000000000000e+00
8.493000000000000682e+01,5.000000000000000000e-01,0.000000000000000000e+00
8.493999999999999773e+01,5.000000000000000000e-01,0.000000000000000000e+00
8.495000000000000284e+01,5.000000000000000000e-01,0.000000000000000000e+00
8.496000000000000796e+01,5.000000000000000000e-01,0.000000000000000000e+00
8.496999999999999886e+01,5.000000000000000000e-01,0.000000000000000000e+00
8.498000000000000398e+01,5.000000000000000000e-01,0.000000000000000000e+00
8.498999999999999488e+01,5.000000000000000000e-01,0.000000000000000000e+00
8.500000000000000000e+01,5.000000000000000000e-01,0.000000000000000000e+00
8.501000000000000512e+01,5.000000000000000000e-01,0.000000000000000000e+00
8.501999999999999602e+01,5.000000000000000000e-01,0.000000000000000000e+00
8.503000000000000114e+01,5.000000000000000000e-01,0.000000000000000000e+00
8.504000000000000625e+01,5.000000000000000000e-01,0.000000000000000000e+00
8.504999999999999716e+01,5.000000000000000000e-01,0.000000000000000000e+00
8.506000000000000227e+01,5.000000000000000000e-01,0.000000000000000000e+00
8.507000000000000739e+01,5.000000000000000000e-01,0.000000000000000000e+00
8.507999999999999829e+01,5.000000000000000000e-01,0.000000000000000000e+00
8.509000000000000341e+01,5.000000000000000000e-01,0.000000000000000000e+00
8.510000000000000853e+01,5.000000000000000000e-01,0.000000000000000000e+00
8.510999999999999943e+01,5.000000000000000000e-01,0.000000000000000000e+00
8.512000000000000455e+01,5.000000000000000000e-01,0.000000000000000000e+00
8.512999999999999545e+01,5.000000000000000000e-01,0.000000000000000000e+00
8.514000000000000057e+01,5.000000000000000000e-01,0.000000000000000000e+00
8.515000000000000568e+01,5.000000000000000000e-01,0.000000000000000000e+00
8.515999999999999659e+01,5.000000000000000000e-01,0.000000000000000000e+00
8.517000000000000171e+01,5.000000000000000000e-01,0.000000000000000000e+00
8.518000000000000682e+01,5.000000000000000000e-01,0.000000000000000000e+00
8.518999999999999773e+01,5.000000000000000000e-01,0.000000000000000000e+00
8.520000000000000284e+01,5.000000000000000000e-01,0.000000000000000000e+00
8.521000000000000796e+01,5.000000000000000000e-01,0.000000000000000000e+00
8.521999999999999886e+01,5.000000000000000000e-01,0.000000000000000000e+00
8.523000000000000398e+01,5.000000000000000000e-01,0.000000000000000000e+00
8.523999999999999488e+01,5.000000000000000000e-01,0.000000000000000000e+00
8.525000000000000000e+01,5.000000000000000000e-01,0.000000000000000000e+00
8.526000000000000512e+01,5.000000000000000000e-01,0.000000000000000000e+00
8.526999999999999602e+01,5.000000000000000000e-01,0.000000000000000000e+00
8.528000000000000114e+01,5.000000000000000000e-01,0.000000000000000000e+00
8.529000000000000625e+01,5.000000000000000000e-01,0.000000000000000000e+00
8.529999999999999716e+01,5.000000000000000000e-01,0.000000000000000000e+00
8.531000000000000227e+01,5.000000000000000000e-01,0.000000000000000000e+00
8.532000000000000739e+01,5.000000000000000000e-01,0.000000000000000000e+00
8.532999999999999829e+01,5.000000000000000000e-01,0.000000000000000000e+00
8.534000000000000341e+01,5.000000000000000000e-01,0.000000000000000000e+00
8.535000000000000853e+01,5.000000000000000000e-01,0.000000000000000000e+00
8.535999999999999943e+01,5.000000000000000000e-01,0.000000000000000000e+00
8.537000000000000455e+01,5.000000000000000000e-01,0.000000000000000000e+00
8.537999999999999545e+01,5.000000000000000000e-01,0.000000000000000000e+00
8.539000000000000057e+01,5.000000000000000000e-01,0.000000000000000000e+00
8.540000000000000568e+01,5.000000000000000000e-01,0.000000000000000000e+00
8.540999999999999659e+01,5.000000000000000000e-01,0.000000000000000000e+00
8.542000000000000171e+01,5.000000000000000000e-01,0.000000000000000000e+00
8.543000000000000682e+01,5.000000000000000000e-01,0.000000000000000000e+00
8.543999999999999773e+01,5.000000000000000000e-01,0.000000000000000000e+00
8.545000000000000284e+01,5.000000000000000000e-01,0.000000000000000000e+00
8.546000000000000796e+01,5.000000000000000000e-01,0.000000000000000000e+00
8.546999999999999886e+01,5.000000000000000000e-01,0.000000000000000000e+00
8.548000000000000398e+01,5.000000000000000000e-01,0.000000000000000000e+00
8.548999999999999488e+01,5.000000000000000000e-01,0.000000000000000000e+00
8.550000000000000000e+01,5.000000000000000000e-01,0.000000000000000000e+00
8.551000000000000512e+01,5.000000000000000000e-01,0.000000000000000000e+00
8.551999999999999602e+01,5.000000000000000000e-01,0.000000000000000000e+00
8.553000000000000114e+01,5.000000000000000000e-01,0.000000000000000000e+00
8.554000000000000625e+01,5.000000000000000000e-01,0.000000000000000000e+00
8.554999999999999716e+01,5.000000000000000000e-01,0.000000000000000000e+00
8.556000000000000227e+01,5.000000000000000000e-01,0.000000000000000000e+00
8.557000000000000739e+01,5.000000000000000000e-01,0.000000000000000000e+00
8.557999999999999829e+01,5.000000000000000000e-01,0.000000000000000000e+00
8.559000000000000341e+01,5.000000000000000000e-01,0.000000000000000000e+00
8.560000000000000853e+01,5.000000000000000000e-01,0.000000000000000000e+00
8.560999999999999943e+01,5.000000000000000000e-01,0.000000000000000000e+00
8.562000000000000455e+01,5.000000000000000000e-01,0.000000000000000000e+00
8.562999999999999545e+01,5.000000000000000000e-01,0.000000000000000000e+00
8.564000000000000057e+01,5.000000000000000000e-01,0.000000000000000000e+00
8.565000000000000568e+01,5.000000000000000000e-01,0.000000000000000000e+00
8.565999999999999659e+01,5.000000000000000000e-01,0.000000000000000000e+00
8.567000000000000171e+01,5.000000000000000000e-01,0.000000000000000000e+00
8.568000000000000682e+01,5.000000000000000000e-01,0.000000000000000000e+00
8.568999999999999773e+01,5.000000000000000000e-01,0.000000000000000000e+00
8.570000000000000284e+01,5.000000000000000000e-01,0.000000000000000000e+00
8.571000000000000796e+01,5.000000000000000000e-01,0.000000000000000000e+00
8.571999999999999886e+01,5.000000000000000000e-01,0.000000000000000000e+00
8.573000000000000398e+01,5.000000000000000000e-01,0.000000000000000000e+00
8.573999999999999488e+01,5.000000000000000000e-01,0.000000000000000000e+00
8.575000000000000000e+01,5.000000000000000000e-01,0.000000000000000000e+00
8.576000000000000512e+01,5.000000000000000000e-01,0.000000000000000000e+00
8.576999999999999602e+01,5.000000000000000000e-01,0.000000000000000000e+00
8.578000000000000114e+01,5.000000000000000000e-01,0.000000000000000000e+00
8.579000000000000625e+01,5.000000000000000000e-01,0.000000000000000000e+00
8.579999999999999716e+01,5.000000000000000000e-01,0.000000000000000000e+00
8.581000000000000227e+01,5.000000000000000000e-01,0.000000000000000000e+00
8.582000000000000739e+01,5.000000000000000000e-01,0.000000000000000000e+00
8.582999999999999829e+01,5.000000000000000000e-01,0.000000000000000000e+00
8.584000000000000341e+01,5.000000000000000000e-01,0.000000000000000000e+00
8.585000000000000853e+01,5.000000000000000000e-01,0.000000000000000000e+00
8.585999999999999943e+01,5.000000000000000000e-01,0.000000000000000000e+00
8.587000000000000455e+01,5.000000000000000000e-01,0.000000000000000000e+00
8.587999999999999545e+01,5.000000000000000000e-01,0.000000000000000000e+00
8.589000000000000057e+01,5.000000000000000000e-01,0.000000000000000000e+00
8.590000000000000568e+01,5.000000000000000000e-01,0.000000000000000000e+00
8.590999999999999659e+01,5.000000000000000000e-01,0.000000000000000000e+00
8.592000000000000171e+01,5.000000000000000000e-01,0.000000000000000000e+00
8.593000000000000682e+01,5.000000000000000000e-01,0.000000000000000000e+00
8.593999999999999773e+01,5.000000000000000000e-01,0.000000000000000000e+00
8.595000000000000284e+01,5.000000000000000000e-01,0.000000000000000000e+00
8.596000000000000796e+01,5.000000000000000000e-01,0.000000000000000000e+00
8.596999999999999886e+01,5.000000000000000000e-01,0.000000000000000000e+00
8.598000000000000398e+01,5.000000000000000000e-01,0.000000000000000000e+00
8.598999999999999488e+01,5.000000000000000000e-01,0.000000000000000000e+00
8.600000000000000000e+01,5.000000000000000000e-01,0.000000000000000000e+00
8.601000000000000512e+01,5.000000000000000000e-01,0.000000000000000000e+00
8.601999999999999602e+01,5.000000000000000000e-01,0.000000000000000000e+00
8.603000000000000114e+01,5.000000000000000000e-01,0.000000000000000000e+00
8.604000000000000625e+01,5.000000000000000000e-01,0.000000000000000000e+00
8.604999999999999716e+01,5.000000000000000000e-01,0.000000000000000000e+00
8.606000000000000227e+01,5.000000000000000000e-01,0.000000000000000000e+00
8.607000000000000739e+01,5.000000000000000000e-01,0.000000000000000000e+00
8.607999999999999829e+01,5.000000000000000000e-01,0.000000000000000000e+00
8.609000000000000341e+01,5.000000000000000000e-01,0.000000000000000000e+00
8.610000000000000853e+01,5.000000000000000000e-01,0.000000000000000000e+00
8.610999999999999943e+01,5.000000000000000000e-01,0.000000000000000000e+00
8.612000000000000455e+01,5.000000000000000000e-01,0.000000000000000000e+00
8.612999999999999545e+01,5.000000000000000000e-01,0.000000000000000000e+00
8.614000000000000057e+01,5.000000000000000000e-01,0.000000000000000000e+00
8.615000000000000568e+01,5.000000000000000000e-01,0.000000000000000000e+00
8.615999999999999659e+01,5.000000000000000000e-01,0.000000000000000000e+00
8.617000000000000171e+01,5.000000000000000000e-01,0.000000000000000000e+00
8.618000000000000682e+01,5.000000000000000000e-01,0.000000000000000000e+00
8.618999999999999773e+01,5.000000000000000000e-01,0.000000000000000000e+00
8.620000000000000284e+01,5.000000000000000000e-01,0.000000000000000000e+00
8.621000000000000796e+01,5.000000000000000000e-01,0.000000000000000000e+00
8.621999999999999886e+01,5.000000000000000000e-01,0.000000000000000000e+00
8.623000000000000398e+01,5.000000000000000000e-01,0.000000000000000000e+00
8.623999999999999488e+01,5.000000000000000000e-01,0.000000000000000000e+00
8.625000000000000000e+01,5.000000000000000000e-01,0.000000000000000000e+00
8.626000000000000512e+01,5.000000000000000000e-01,0.000000000000000000e+00
8.626999999999999602e+01,5.000000000000000000e-01,0.000000000000000000e+00
8.628000000000000114e+01,5.000000000000000000e-01,0.000000000000000000e+00
8.629000000000000625e+01,5.000000000000000000e-01,0.000000000000000000e+00
8.629999999999999716e+01,5.000000000000000000e-01,0.000000000000000000e+00
8.631000000000000227e+01,5.000000000000000000e-01,0.000000000000000000e+00
8.632000000000000739e+01,5.000000000000000000e-01,0.000000000000000000e+00
8.632999999999999829e+01,5.000000000000000000e-01,0.000000000000000000e+00
8.634000000000000341e+01,5.000000000000000000e-01,0.000000000000000000e+00
8.635000000000000853e+01,5.000000000000000000e-01,0.000000000000000000e+00
8.635999999999999943e+01,5.000000000000000000e-01,0.000000000000000000e+00
8.637000000000000455e+01,5.000000000000000000e-01,0.000000000000000000e+00
8.637999999999999545e+01,5.000000000000000000e-01,0.000000000000000000e+00
8.639000000000000057e+01,5.000000000000000000e-01,0.000000000000000000e+00
8.640000000000000568e+01,5.000000000000000000e-01,0.000000000000000000e+00
8.640999999999999659e+01,5.000000000000000000e-01,0.000000000000000000e+00
8.642000000000000171e+01,5.000000000000000000e-01,0.000000000000000000e+00
8.643000000000000682e+01,5.000000000000000000e-01,0.000000000000000000e+00
8.643999999999999773e+01,5.000000000000000000e-01,0.000000000000000000e+00
8.645000000000000284e+01,5.000000000000000000e-01,0.000000000000000000e+00
8.646000000000000796e+01,5.000000000000000000e-01,0.000000000000000000e+00
8.646999999999999886e+01,5.000000000000000000e-01,0.000000000000000000e+00
8.648000000000000398e+01,5.000000000000000000e-01,0.000000000000000000e+00
8.648999999999999488e+01,5.000000000000000000e-01,0.000000000000000000e+00
8.650000000000000000e+01,5.000000000000000000e-01,0.000000000000000000e+00
8.651000000000000512e+01,5.000000000000000000e-01,0.000000000000000000e+00
8.651999999999999602e+01,5.000000000000000000e-01,0.000000000000000000e+00
8.653000000000000114e+01,5.000000000000000000e-01,0.000000000000000000e+00
8.654000000000000625e+01,5.000000000000000000e-01,0.000000000000000000e+00
8.654999999999999716e+01,5.000000000000000000e-01,0.000000000000000000e+00
8.656000000000000227e+01,5.000000000000000000e-01,0.000000000000000000e+00
8.657000000000000739e+01,5.000000000000000000e-01,0.000000000000000000e+00
8.657999999999999829e+01,5.000000000000000000e-01,0.000000000000000000e+00
8.659000000000000341e+01,5.000000000000000000e-01,0.000000000000000000e+00
8.660000000000000853e+01,5.000000000000000000e-01,0.000000000000000000e+00
8.660999999999999943e+01,5.000000000000000000e-01,0.000000000000000000e+00
8.662000000000000455e+01,5.000000000000000000e-01,0.000000000000000000e+00
8.662999999999999545e+01,5.000000000000000000e-01,0.000000000000000000e+00
8.664000000000000057e+01,5.000000000000000000e-01,0.000000000000000000e+00
8.665000000000000568e+01,5.000000000000000000e-01,0.000000000000000000e+00
8.665999999999999659e+01,5.000000000000000000e-01,0.000000000000000000e+00
8.667000000000000171e+01,5.000000000000000000e-01,0.000000000000000000e+00
8.668000000000000682e+01,5.000000000000000000e-01,0.000000000000000000e+00
8.668999999999999773e+01,5.000000000000000000e-01,0.000000000000000000e+00
8.670000000000000284e+01,5.000000000000000000e-01,0.000000000000000000e+00
8.671000000000000796e+01,5.000000000000000000e-01,0.000000000000000000e+00
8.671999999999999886e+01,5.000000000000000000e-01,0.000000000000000000e+00
8.673000000000000398e+01,5.000000000000000000e-01,0.000000000000000000e+00
8.673999999999999488e+01,5.000000000000000000e-01,0.000000000000000000e+00
8.675000000000000000e+01,5.000000000000000000e-01,0.000000000000000000e+00
8.676000000000000512e+01,5.000000000000000000e-01,0.000000000000000000e+00
8.676999999999999602e+01,5.000000000000000000e-01,0.000000000000000000e+00
8.678000000000000114e+01,5.000000000000000000e-01,0.000000000000000000e+00
8.679000000000000625e+01,5.000000000000000000e-01,0.000000000000000000e+00
8.679999999999999716e+01,5.000000000000000000e-01,0.000000000000000000e+00
8.681000000000000227e+01,5.000000000000000000e-01,0.000000000000000000e+00
8.682000000000000739e+01,5.000000000000000000e-01,0.000000000000000000e+00
8.682999999999999829e+01,5.000000000000000000e-01,0.000000000000000000e+00
8.684000000000000341e+01,5.000000000000000000e-01,0.000000000000000000e+00
8.685000000000000853e+01,5.000000000000000000e-01,0.000000000000000000e+00
8.685999999999999943e+01,5.000000000000000000e-01,0.000000000000000000e+00
8.687000000000000455e+01,5.000000000000000000e-01,0.000000000000000000e+00
8.687999999999999545e+01,5.000000000000000000e-01,0.000000000000000000e+00
8.689000000000000057e+01,5.000000000000000000e-01,0.000000000000000000e+00
8.690000000000000568e+01,5.000000000000000000e-01,0.000000000000000000e+00
8.690999999999999659e+01,5.000000000000000000e-01,0.000000000000000000e+00
8.692000000000000171e+01,5.000000000000000000e-01,0.000000000000000000e+00
8.693000000000000682e+01,5.000000000000000000e-01,0.000000000000000000e+00
8.693999999999999773e+01,5.000000000000000000e-01,0.000000000000000000e+00
8.695000000000000284e+01,5.000000000000000000e-01,0.000000000000000000e+00
8.696000000000000796e+01,5.000000000000000000e-01,0.000000000000000000e+00
8.696999999999999886e+01,5.000000000000000000e-01,0.000000000000000000e+00
8.698000000000000398e+01,5.000000000000000000e-01,0.000000000000000000e+00
8.698999999999999488e+01,5.000000000000000000e-01,0.000000000000000000e+00
8.700000000000000000e+01,5.000000000000000000e-01,0.000000000000000000e+00
8.701000000000000512e+01,5.000000000000000000e-01,0.000000000000000000e+00
8.701999999999999602e+01,5.000000000000000000e-01,0.000000000000000000e+00
8.703000000000000114e+01,5.000000000000000000e-01,0.000000000000000000e+00
8.704000000000000625e+01,5.000000000000000000e-01,0.000000000000000000e+00
8.704999999999999716e+01,5.000000000000000000e-01,0.000000000000000000e+00
8.706000000000000227e+01,5.000000000000000000e-01,0.000000000000000000e+00
8.707000000000000739e+01,5.000000000000000000e-01,0.000000000000000000e+00
8.707999999999999829e+01,5.000000000000000000e-01,0.000000000000000000e+00
8.709000000000000341e+01,5.000000000000000000e-01,0.000000000000000000e+00
8.710000000000000853e+01,5.000000000000000000e-01,0.000000000000000000e+00
8.710999999999999943e+01,5.000000000000000000e-01,0.000000000000000000e+00
8.712000000000000455e+01,5.000000000000000000e-01,0.000000000000000000e+00
8.712999999999999545e+01,5.000000000000000000e-01,0.000000000000000000e+00
8.714000000000000057e+01,5.000000000000000000e-01,0.000000000000000000e+00
8.715000000000000568e+01,5.000000000000000000e-01,0.000000000000000000e+00
8.715999999999999659e+01,5.000000000000000000e-01,0.000000000000000000e+00
8.717000000000000171e+01,5.000000000000000000e-01,0.000000000000000000e+00
8.718000000000000682e+01,5.000000000000000000e-01,0.000000000000000000e+00
8.718999999999999773e+01,5.000000000000000000e-01,0.000000000000000000e+00
8.720000000000000284e+01,5.000000000000000000e-01,0.000000000000000000e+00
8.721000000000000796e+01,5.000000000000000000e-01,0.000000000000000000e+00
8.721999999999999886e+01,5.000000000000000000e-01,0.000000000000000000e+00
8.723000000000000398e+01,5.000000000000000000e-01,0.000000000000000000e+00
8.723999999999999488e+01,5.000000000000000000e-01,0.000000000000000000e+00
8.725000000000000000e+01,5.000000000000000000e-01,0.000000000000000000e+00
8.726000000000000512e+01,5.000000000000000000e-01,0.000000000000000000e+00
8.726999999999999602e+01,5.000000000000000000e-01,0.000000000000000000e+00
8.728000000000000114e+01,5.000000000000000000e-01,0.000000000000000000e+00
8.729000000000000625e+01,5.000000000000000000e-01,0.000000000000000000e+00
8.729999999999999716e+01,5.000000000000000000e-01,0.000000000000000000e+00
8.731000000000000227e+01,5.000000000000000000e-01,0.000000000000000000e+00
8.732000000000000739e+01,5.000000000000000000e-01,0.000000000000000000e+00
8.732999999999999829e+01,5.000000000000000000e-01,0.000000000000000000e+00
8.734000000000000341e+01,5.000000000000000000e-01,0.000000000000000000e+00
8.735000000000000853e+01,5.000000000000000000e-01,0.000000000000000000e+00
8.735999999999999943e+01,5.000000000000000000e-01,0.000000000000000000e+00
8.737000000000000455e+01,5.000000000000000000e-01,0.000000000000000000e+00
8.737999999999999545e+01,5.000000000000000000e-01,0.000000000000000000e+00
8.739000000000000057e+01,5.000000000000000000e-01,0.000000000000000000e+00
8.740000000000000568e+01,5.000000000000000000e-01,0.000000000000000000e+00
8.740999999999999659e+01,5.000000000000000000e-01,0.000000000000000000e+00
8.742000000000000171e+01,5.000000000000000000e-01,0.000000000000000000e+00
8.743000000000000682e+01,5.000000000000000000e-01,0.000000000000000000e+00
8.743999999999999773e+01,5.000000000000000000e-01,0.000000000000000000e+00
8.745000000000000284e+01,5.000000000000000000e-01,0.000000000000000000e+00
8.746000000000000796e+01,5.000000000000000000e-01,0.000000000000000000e+00
8.746999999999999886e+01,5.000000000000000000e-01,0.000000000000000000e+00
8.748000000000000398e+01,5.000000000000000000e-01,0.000000000000000000e+00
8.748999999999999488e+01,5.000000000000000000e-01,0.000000000000000000e+00
8.750000000000000000e+01,5.000000000000000000e-01,0.000000000000000000e+00
8.751000000000000512e+01,5.000000000000000000e-01,0.000000000000000000e+00
8.751999999999999602e+01,5.000000000000000000e-01,0.000000000000000000e+00
8.753000000000000114e+01,5.000000000000000000e-01,0.000000000000000000e+00
8.754000000000000625e+01,5.000000000000000000e-01,0.000000000000000000e+00
8.754999999999999716e+01,5.000000000000000000e-01,0.000000000000000000e+00
8.756000000000000227e+01,5.000000000000000000e-01,0.000000000000000000e+00
8.757000000000000739e+01,5.000000000000000000e-01,0.000000000000000000e+00
8.757999999999999829e+01,5.000000000000000000e-01,0.000000000000000000e+00
8.759000000000000341e+01,5.000000000000000000e-01,0.000000000000000000e+00
8.760000000000000853e+01,5.000000000000000000e-01,0.000000000000000000e+00
8.760999999999999943e+01,5.000000000000000000e-01,0.000000000000000000e+00
8.762000000000000455e+01,5.000000000000000000e-01,0.000000000000000000e+00
8.762999999999999545e+01,5.000000000000000000e-01,0.000000000000000000e+00
8.764000000000000057e+01,5.000000000000000000e-01,0.000000000000000000e+00
8.765000000000000568e+01,5.000000000000000000e-01,0.000000000000000000e+00
8.765999999999999659e+01,5.000000000000000000e-01,0.000000000000000000e+00
8.767000000000000171e+01,5.000000000000000000e-01,0.000000000000000000e+00
8.768000000000000682e+01,5.000000000000000000e-01,0.000000000000000000e+00
8.768999999999999773e+01,5.000000000000000000e-01,0.000000000000000000e+00
8.770000000000000284e+01,5.000000000000000000e-01,0.000000000000000000e+00
8.771000000000000796e+01,5.000000000000000000e-01,0.000000000000000000e+00
8.771999999999999886e+01,5.000000000000000000e-01,0.000000000000000000e+00
8.773000000000000398e+01,5.000000000000000000e-01,0.000000000000000000e+00
8.773999999999999488e+01,5.000000000000000000e-01,0.000000000000000000e+00
8.775000000000000000e+01,5.000000000000000000e-01,0.000000000000000000e+00
8.776000000000000512e+01,5.000000000000000000e-01,0.000000000000000000e+00
8.776999999999999602e+01,5.000000000000000000e-01,0.000000000000000000e+00
8.778000000000000114e+01,5.000000000000000000e-01,0.000000000000000000e+00
8.779000000000000625e+01,5.000000000000000000e-01,0.000000000000000000e+00
8.779999999999999716e+01,5.000000000000000000e-01,0.000000000000000000e+00
8.781000000000000227e+01,5.000000000000000000e-01,0.000000000000000000e+00
8.782000000000000739e+01,5.000000000000000000e-01,0.000000000000000000e+00
8.782999999999999829e+01,5.000000000000000000e-01,0.000000000000000000e+00
8.784000000000000341e+01,5.000000000000000000e-01,0.000000000000000000e+00
8.785000000000000853e+01,5.000000000000000000e-01,0.000000000000000000e+00
8.785999999999999943e+01,5.000000000000000000e-01,0.000000000000000000e+00
8.787000000000000455e+01,5.000000000000000000e-01,0.000000000000000000e+00
8.787999999999999545e+01,5.000000000000000000e-01,0.000000000000000000e+00
8.789000000000000057e+01,5.000000000000000000e-01,0.000000000000000000e+00
8.790000000000000568e+01,5.000000000000000000e-01,0.000000000000000000e+00
8.790999999999999659e+01,5.000000000000000000e-01,0.000000000000000000e+00
8.792000000000000171e+01,5.000000000000000000e-01,0.000000000000000000e+00
8.793000000000000682e+01,5.000000000000000000e-01,0.000000000000000000e+00
8.793999999999999773e+01,5.000000000000000000e-01,0.000000000000000000e+00
8.795000000000000284e+01,5.000000000000000000e-01,0.000000000000000000e+00
8.796000000000000796e+01,5.000000000000000000e-01,0.000000000000000000e+00
8.796999999999999886e+01,5.000000000000000000e-01,0.000000000000000000e+00
8.798000000000000398e+01,5.000000000000000000e-01,0.000000000000000000e+00
8.798999999999999488e+01,5.000000000000000000e-01,0.000000000000000000e+00
8.800000000000000000e+01,5.000000000000000000e-01,0.000000000000000000e+00
8.801000000000000512e+01,5.000000000000000000e-01,0.000000000000000000e+00
8.801999999999999602e+01,5.000000000000000000e-01,0.000000000000000000e+00
8.803000000000000114e+01,5.000000000000000000e-01,0.000000000000000000e+00
8.804000000000000625e+01,5.000000000000000000e-01,0.000000000000000000e+00
8.804999999999999716e+01,5.000000000000000000e-01,0.000000000000000000e+00
8.806000000000000227e+01,5.000000000000000000e-01,0.000000000000000000e+00
8.807000000000000739e+01,5.000000000000000000e-01,0.000000000000000000e+00
8.807999999999999829e+01,5.000000000000000000e-01,0.000000000000000000e+00
8.809000000000000341e+01,5.000000000000000000e-01,0.000000000000000000e+00
8.810000000000000853e+01,5.000000000000000000e-01,0.000000000000000000e+00
8.810999999999999943e+01,5.000000000000000000e-01,0.000000000000000000e+00
8.812000000000000455e+01,5.000000000000000000e-01,0.000000000000000000e+00
8.812999999999999545e+01,5.000000000000000000e-01,0.000000000000000000e+00
8.814000000000000057e+01,5.000000000000000000e-01,0.000000000000000000e+00
8.815000000000000568e+01,5.000000000000000000e-01,0.000000000000000000e+00
8.815999999999999659e+01,5.000000000000000000e-01,0.000000000000000000e+00
8.817000000000000171e+01,5.000000000000000000e-01,0.000000000000000000e+00
8.818000000000000682e+01,5.000000000000000000e-01,0.000000000000000000e+00
8.818999999999999773e+01,5.000000000000000000e-01,0.000000000000000000e+00
8.820000000000000284e+01,5.000000000000000000e-01,0.000000000000000000e+00
8.821000000000000796e+01,5.000000000000000000e-01,0.000000000000000000e+00
8.821999999999999886e+01,5.000000000000000000e-01,0.000000000000000000e+00
8.823000000000000398e+01,5.000000000000000000e-01,0.000000000000000000e+00
8.823999999999999488e+01,5.000000000000000000e-01,0.000000000000000000e+00
8.825000000000000000e+01,5.000000000000000000e-01,0.000000000000000000e+00
8.826000000000000512e+01,5.000000000000000000e-01,0.000000000000000000e+00
8.826999999999999602e+01,5.000000000000000000e-01,0.000000000000000000e+00
8.828000000000000114e+01,5.000000000000000000e-01,0.000000000000000000e+00
8.829000000000000625e+01,5.000000000000000000e-01,0.000000000000000000e+00
8.829999999999999716e+01,5.000000000000000000e-01,0.000000000000000000e+00
8.831000000000000227e+01,5.000000000000000000e-01,0.000000000000000000e+00
8.832000000000000739e+01,5.000000000000000000e-01,0.000000000000000000e+00
8.832999999999999829e+01,5.000000000000000000e-01,0.000000000000000000e+00
8.834000000000000341e+01,5.000000000000000000e-01,0.000000000000000000e+00
8.835000000000000853e+01,5.000000000000000000e-01,0.000000000000000000e+00
8.835999999999999943e+01,5.000000000000000000e-01,0.000000000000000000e+00
8.837000000000000455e+01,5.000000000000000000e-01,0.000000000000000000e+00
8.837999999999999545e+01,5.000000000000000000e-01,0.000000000000000000e+00
8.839000000000000057e+01,5.000000000000000000e-01,0.000000000000000000e+00
8.840000000000000568e+01,5.000000000000000000e-01,0.000000000000000000e+00
8.840999999999999659e+01,5.000000000000000000e-01,0.000000000000000000e+00
8.842000000000000171e+01,5.000000000000000000e-01,0.000000000000000000e+00
8.843000000000000682e+01,5.000000000000000000e-01,0.000000000000000000e+00
8.843999999999999773e+01,5.000000000000000000e-01,0.000000000000000000e+00
8.845000000000000284e+01,5.000000000000000000e-01,0.000000000000000000e+00
8.846000000000000796e+01,5.000000000000000000e-01,0.000000000000000000e+00
8.846999999999999886e+01,5.000000000000000000e-01,0.000000000000000000e+00
8.848000000000000398e+01,5.000000000000000000e-01,0.000000000000000000e+00
8.848999999999999488e+01,5.000000000000000000e-01,0.000000000000000000e+00
8.850000000000000000e+01,5.000000000000000000e-01,0.000000000000000000e+00
8.851000000000000512e+01,5.000000000000000000e-01,0.000000000000000000e+00
8.851999999999999602e+01,5.000000000000000000e-01,0.000000000000000000e+00
8.853000000000000114e+01,5.000000000000000000e-01,0.000000000000000000e+00
8.854000000000000625e+01,5.000000000000000000e-01,0.000000000000000000e+00
8.854999999999999716e+01,5.000000000000000000e-01,0.000000000000000000e+00
8.856000000000000227e+01,5.000000000000000000e-01,0.000000000000000000e+00
8.857000000000000739e+01,5.000000000000000000e-01,0.000000000000000000e+00
8.857999999999999829e+01,5.000000000000000000e-01,0.000000000000000000e+00
8.859000000000000341e+01,5.000000000000000000e-01,0.000000000000000000e+00
8.860000000000000853e+01,5.000000000000000000e-01,0.000000000000000000e+00
8.860999999999999943e+01,5.000000000000000000e-01,0.000000000000000000e+00
8.862000000000000455e+01,5.000000000000000000e-01,0.000000000000000000e+00
8.862999999999999545e+01,5.000000000000000000e-01,0.000000000000000000e+00
8.864000000000000057e+01,5.000000000000000000e-01,0.000000000000000000e+00
8.865000000000000568e+01,5.000000000000000000e-01,0.000000000000000000e+00
8.865999999999999659e+01,5.000000000000000000e-01,0.000000000000000000e+00
8.867000000000000171e+01,5.000000000000000000e-01,0.000000000000000000e+00
8.868000000000000682e+01,5.000000000000000000e-01,0.000000000000000000e+00
8.868999999999999773e+01,5.000000000000000000e-01,0.000000000000000000e+00
8.870000000000000284e+01,5.000000000000000000e-01,0.000000000000000000e+00
8.871000000000000796e+01,5.000000000000000000e-01,0.000000000000000000e+00
8.871999999999999886e+01,5.000000000000000000e-01,0.000000000000000000e+00
8.873000000000000398e+01,5.000000000000000000e-01,0.000000000000000000e+00
8.873999999999999488e+01,5.000000000000000000e-01,0.000000000000000000e+00
8.875000000000000000e+01,5.000000000000000000e-01,0.000000000000000000e+00
8.876000000000000512e+01,5.000000000000000000e-01,0.000000000000000000e+00
8.876999999999999602e+01,5.000000000000000000e-01,0.000000000000000000e+00
8.878000000000000114e+01,5.000000000000000000e-01,0.000000000000000000e+00
8.879000000000000625e+01,5.000000000000000000e-01,0.000000000000000000e+00
8.879999999999999716e+01,5.000000000000000000e-01,0.000000000000000000e+00
8.881000000000000227e+01,5.000000000000000000e-01,0.000000000000000000e+00
8.882000000000000739e+01,5.000000000000000000e-01,0.000000000000000000e+00
8.882999999999999829e+01,5.000000000000000000e-01,0.000000000000000000e+00
8.884000000000000341e+01,5.000000000000000000e-01,0.000000000000000000e+00
8.885000000000000853e+01,5.000000000000000000e-01,0.000000000000000000e+00
8.885999999999999943e+01,5.000000000000000000e-01,0.000000000000000000e+00
8.887000000000000455e+01,5.000000000000000000e-01,0.000000000000000000e+00
8.887999999999999545e+01,5.000000000000000000e-01,0.000000000000000000e+00
8.889000000000000057e+01,5.000000000000000000e-01,0.000000000000000000e+00
8.890000000000000568e+01,5.000000000000000000e-01,0.000000000000000000e+00
8.890999999999999659e+01,5.000000000000000000e-01,0.000000000000000000e+00
8.892000000000000171e+01,5.000000000000000000e-01,0.000000000000000000e+00
8.893000000000000682e+01,5.000000000000000000e-01,0.000000000000000000e+00
8.893999999999999773e+01,5.000000000000000000e-01,0.000000000000000000e+00
8.895000000000000284e+01,5.000000000000000000e-01,0.000000000000000000e+00
8.896000000000000796e+01,5.000000000000000000e-01,0.000000000000000000e+00
8.896999999999999886e+01,5.000000000000000000e-01,0.000000000000000000e+00
8.898000000000000398e+01,5.000000000000000000e-01,0.000000000000000000e+00
8.898999999999999488e+01,5.000000000000000000e-01,0.000000000000000000e+00
8.900000000000000000e+01,5.000000000000000000e-01,0.000000000000000000e+00
8.901000000000000512e+01,5.000000000000000000e-01,0.000000000000000000e+00
8.901999999999999602e+01,5.000000000000000000e-01,0.000000000000000000e+00
8.903000000000000114e+01,5.000000000000000000e-01,0.000000000000000000e+00
8.904000000000000625e+01,5.000000000000000000e-01,0.000000000000000000e+00
8.904999999999999716e+01,5.000000000000000000e-01,0.000000000000000000e+00
8.906000000000000227e+01,5.000000000000000000e-01,0.000000000000000000e+00
8.907000000000000739e+01,5.000000000000000000e-01,0.000000000000000000e+00
8.907999999999999829e+01,5.000000000000000000e-01,0.000000000000000000e+00
8.909000000000000341e+01,5.000000000000000000e-01,0.000000000000000000e+00
8.910000000000000853e+01,5.000000000000000000e-01,0.000000000000000000e+00
8.910999999999999943e+01,5.000000000000000000e-01,0.000000000000000000e+00
8.912000000000000455e+01,5.000000000000000000e-01,0.000000000000000000e+00
8.912999999999999545e+01,5.000000000000000000e-01,0.000000000000000000e+00
8.914000000000000057e+01,5.000000000000000000e-01,0.000000000000000000e+00
8.915000000000000568e+01,5.000000000000000000e-01,0.000000000000000000e+00
8.915999999999999659e+01,5.000000000000000000e-01,0.000000000000000000e+00
8.917000000000000171e+01,5.000000000000000000e-01,0.000000000000000000e+00
8.918000000000000682e+01,5.000000000000000000e-01,0.000000000000000000e+00
8.918999999999999773e+01,5.000000000000000000e-01,0.000000000000000000e+00
8.920000000000000284e+01,5.000000000000000000e-01,0.000000000000000000e+00
8.921000000000000796e+01,5.000000000000000000e-01,0.000000000000000000e+00
8.921999999999999886e+01,5.000000000000000000e-01,0.000000000000000000e+00
8.923000000000000398e+01,5.000000000000000000e-01,0.000000000000000000e+00
8.923999999999999488e+01,5.000000000000000000e-01,0.000000000000000000e+00
8.925000000000000000e+01,5.000000000000000000e-01,0.000000000000000000e+00
8.926000000000000512e+01,5.000000000000000000e-01,0.000000000000000000e+00
8.926999999999999602e+01,5.000000000000000000e-01,0.000000000000000000e+00
8.928000000000000114e+01,5.000000000000000000e-01,0.000000000000000000e+00
8.929000000000000625e+01,5.000000000000000000e-01,0.000000000000000000e+00
8.929999999999999716e+01,5.000000000000000000e-01,0.000000000000000000e+00
8.931000000000000227e+01,5.000000000000000000e-01,0.000000000000000000e+00
8.932000000000000739e+01,5.000000000000000000e-01,0.000000000000000000e+00
8.932999999999999829e+01,5.000000000000000000e-01,0.000000000000000000e+00
8.934000000000000341e+01,5.000000000000000000e-01,0.000000000000000000e+00
8.935000000000000853e+01,5.000000000000000000e-01,0.000000000000000000e+00
8.935999999999999943e+01,5.000000000000000000e-01,0.000000000000000000e+00
8.937000000000000455e+01,5.000000000000000000e-01,0.000000000000000000e+00
8.937999999999999545e+01,5.000000000000000000e-01,0.000000000000000000e+00
8.939000000000000057e+01,5.000000000000000000e-01,0.000000000000000000e+00
8.940000000000000568e+01,5.000000000000000000e-01,0.000000000000000000e+00
8.940999999999999659e+01,5.000000000000000000e-01,0.000000000000000000e+00
8.942000000000000171e+01,5.000000000000000000e-01,0.000000000000000000e+00
8.943000000000000682e+01,5.000000000000000000e-01,0.000000000000000000e+00
8.943999999999999773e+01,5.000000000000000000e-01,0.000000000000000000e+00
8.945000000000000284e+01,5.000000000000000000e-01,0.000000000000000000e+00
8.946000000000000796e+01,5.000000000000000000e-01,0.000000000000000000e+00
8.946999999999999886e+01,5.000000000000000000e-01,0.000000000000000000e+00
8.948000000000000398e+01,5.000000000000000000e-01,0.000000000000000000e+00
8.948999999999999488e+01,5.000000000000000000e-01,0.000000000000000000e+00
8.950000000000000000e+01,5.000000000000000000e-01,0.000000000000000000e+00
8.951000000000000512e+01,5.000000000000000000e-01,0.000000000000000000e+00
8.951999999999999602e+01,5.000000000000000000e-01,0.000000000000000000e+00
8.953000000000000114e+01,5.000000000000000000e-01,0.000000000000000000e+00
8.954000000000000625e+01,5.000000000000000000e-01,0.000000000000000000e+00
8.954999999999999716e+01,5.000000000000000000e-01,0.000000000000000000e+00
8.956000000000000227e+01,5.000000000000000000e-01,0.000000000000000000e+00
8.957000000000000739e+01,5.000000000000000000e-01,0.000000000000000000e+00
8.957999999999999829e+01,5.000000000000000000e-01,0.000000000000000000e+00
8.959000000000000341e+01,5.000000000000000000e-01,0.000000000000000000e+00
8.960000000000000853e+01,5.000000000000000000e-01,0.000000000000000000e+00
8.960999999999999943e+01,5.000000000000000000e-01,0.000000000000000000e+00
8.962000000000000455e+01,5.000000000000000000e-01,0.000000000000000000e+00
8.962999999999999545e+01,5.000000000000000000e-01,0.000000000000000000e+00
8.964000000000000057e+01,5.000000000000000000e-01,0.000000000000000000e+00
8.965000000000000568e+01,5.000000000000000000e-01,0.000000000000000000e+00
8.965999999999999659e+01,5.000000000000000000e-01,0.000000000000000000e+00
8.967000000000000171e+01,5.000000000000000000e-01,0.000000000000000000e+00
8.968000000000000682e+01,5.000000000000000000e-01,0.000000000000000000e+00
8.968999999999999773e+01,5.000000000000000000e-01,0.000000000000000000e+00
8.970000000000000284e+01,5.000000000000000000e-01,0.000000000000000000e+00
8.971000000000000796e+01,5.000000000000000000e-01,0.000000000000000000e+00
8.971999999999999886e+01,5.000000000000000000e-01,0.000000000000000000e+00
8.973000000000000398e+01,5.000000000000000000e-01,0.000000000000000000e+00
8.973999999999999488e+01,5.000000000000000000e-01,0.000000000000000000e+00
8.975000000000000000e+01,5.000000000000000000e-01,0.000000000000000000e+00
8.976000000000000512e+01,5.000000000000000000e-01,0.000000000000000000e+00
8.976999999999999602e+01,5.000000000000000000e-01,0.000000000000000000e+00
8.978000000000000114e+01,5.000000000000000000e-01,0.000000000000000000e+00
8.979000000000000625e+01,5.000000000000000000e-01,0.000000000000000000e+00
8.979999999999999716e+01,5.000000000000000000e-01,0.000000000000000000e+00
8.981000000000000227e+01,5.000000000000000000e-01,0.000000000000000000e+00
8.982000000000000739e+01,5.000000000000000000e-01,0.000000000000000000e+00
8.982999999999999829e+01,5.000000000000000000e-01,0.000000000000000000e+00
8.984000000000000341e+01,5.000000000000000000e-01,0.000000000000000000e+00
8.985000000000000853e+01,5.000000000000000000e-01,0.000000000000000000e+00
8.985999999999999943e+01,5.000000000000000000e-01,0.000000000000000000e+00
8.987000000000000455e+01,5.000000000000000000e-01,0.000000000000000000e+00
8.987999999999999545e+01,5.000000000000000000e-01,0.000000000000000000e+00
8.989000000000000057e+01,5.000000000000000000e-01,0.000000000000000000e+00
8.990000000000000568e+01,5.000000000000000000e-01,0.000000000000000000e+00
8.990999999999999659e+01,5.000000000000000000e-01,0.000000000000000000e+00
8.992000000000000171e+01,5.000000000000000000e-01,0.000000000000000000e+00
8.993000000000000682e+01,5.000000000000000000e-01,0.000000000000000000e+00
8.993999999999999773e+01,5.000000000000000000e-01,0.000000000000000000e+00
8.995000000000000284e+01,5.000000000000000000e-01,0.000000000000000000e+00
8.996000000000000796e+01,5.000000000000000000e-01,0.000000000000000000e+00
8.996999999999999886e+01,5.000000000000000000e-01,0.000000000000000000e+00
8.998000000000000398e+01,5.000000000000000000e-01,0.000000000000000000e+00
8.998999999999999488e+01,5.000000000000000000e-01,0.000000000000000000e+00
9.000000000000000000e+01,5.000000000000000000e-01,0.000000000000000000e+00
9.001000000000000512e+01,5.000000000000000000e-01,0.000000000000000000e+00
9.001999999999999602e+01,5.000000000000000000e-01,0.000000000000000000e+00
9.003000000000000114e+01,5.000000000000000000e-01,0.000000000000000000e+00
9.004000000000000625e+01,5.000000000000000000e-01,0.000000000000000000e+00
9.004999999999999716e+01,5.000000000000000000e-01,0.000000000000000000e+00
9.006000000000000227e+01,5.000000000000000000e-01,0.000000000000000000e+00
9.007000000000000739e+01,5.000000000000000000e-01,0.000000000000000000e+00
9.007999999999999829e+01,5.000000000000000000e-01,0.000000000000000000e+00
9.009000000000000341e+01,5.000000000000000000e-01,0.000000000000000000e+00
9.010000000000000853e+01,5.000000000000000000e-01,0.000000000000000000e+00
9.010999999999999943e+01,5.000000000000000000e-01,0.000000000000000000e+00
9.012000000000000455e+01,5.000000000000000000e-01,0.000000000000000000e+00
9.012999999999999545e+01,5.000000000000000000e-01,0.000000000000000000e+00
9.014000000000000057e+01,5.000000000000000000e-01,0.000000000000000000e+00
9.015000000000000568e+01,5.000000000000000000e-01,0.000000000000000000e+00
9.015999999999999659e+01,5.000000000000000000e-01,0.000000000000000000e+00
9.017000000000000171e+01,5.000000000000000000e-01,0.000000000000000000e+00
9.018000000000000682e+01,5.000000000000000000e-01,0.000000000000000000e+00
9.018999999999999773e+01,5.000000000000000000e-01,0.000000000000000000e+00
9.020000000000000284e+01,5.000000000000000000e-01,0.000000000000000000e+00
9.021000000000000796e+01,5.000000000000000000e-01,0.000000000000000000e+00
9.021999999999999886e+01,5.000000000000000000e-01,0.000000000000000000e+00
9.023000000000000398e+01,5.000000000000000000e-01,0.000000000000000000e+00
9.023999999999999488e+01,5.000000000000000000e-01,0.000000000000000000e+00
9.025000000000000000e+01,5.000000000000000000e-01,0.000000000000000000e+00
9.026000000000000512e+01,5.000000000000000000e-01,0.000000000000000000e+00
9.026999999999999602e+01,5.000000000000000000e-01,0.000000000000000000e+00
9.028000000000000114e+01,5.000000000000000000e-01,0.000000000000000000e+00
9.029000000000000625e+01,5.000000000000000000e-01,0.000000000000000000e+00
9.029999999999999716e+01,5.000000000000000000e-01,0.000000000000000000e+00
9.031000000000000227e+01,5.000000000000000000e-01,0.000000000000000000e+00
9.032000000000000739e+01,5.000000000000000000e-01,0.000000000000000000e+00
9.032999999999999829e+01,5.000000000000000000e-01,0.000000000000000000e+00
9.034000000000000341e+01,5.000000000000000000e-01,0.000000000000000000e+00
9.035000000000000853e+01,5.000000000000000000e-01,0.000000000000000000e+00
9.035999999999999943e+01,5.000000000000000000e-01,0.000000000000000000e+00
9.037000000000000455e+01,5.000000000000000000e-01,0.000000000000000000e+00
9.037999999999999545e+01,5.000000000000000000e-01,0.000000000000000000e+00
9.039000000000000057e+01,5.000000000000000000e-01,0.000000000000000000e+00
9.040000000000000568e+01,5.000000000000000000e-01,0.000000000000000000e+00
9.040999999999999659e+01,5.000000000000000000e-01,0.000000000000000000e+00
9.042000000000000171e+01,5.000000000000000000e-01,0.000000000000000000e+00
9.043000000000000682e+01,5.000000000000000000e-01,0.000000000000000000e+00
9.043999999999999773e+01,5.000000000000000000e-01,0.000000000000000000e+00
9.045000000000000284e+01,5.000000000000000000e-01,0.000000000000000000e+00
9.046000000000000796e+01,5.000000000000000000e-01,0.000000000000000000e+00
9.046999999999999886e+01,5.000000000000000000e-01,0.000000000000000000e+00
9.048000000000000398e+01,5.000000000000000000e-01,0.000000000000000000e+00
9.048999999999999488e+01,5.000000000000000000e-01,0.000000000000000000e+00
9.050000000000000000e+01,5.000000000000000000e-01,0.000000000000000000e+00
9.051000000000000512e+01,5.000000000000000000e-01,0.000000000000000000e+00
9.051999999999999602e+01,5.000000000000000000e-01,0.000000000000000000e+00
9.053000000000000114e+01,5.000000000000000000e-01,0.000000000000000000e+00
9.054000000000000625e+01,5.000000000000000000e-01,0.000000000000000000e+00
9.054999999999999716e+01,5.000000000000000000e-01,0.000000000000000000e+00
9.056000000000000227e+01,5.000000000000000000e-01,0.000000000000000000e+00
9.057000000000000739e+01,5.000000000000000000e-01,0.000000000000000000e+00
9.057999999999999829e+01,5.000000000000000000e-01,0.000000000000000000e+00
9.059000000000000341e+01,5.000000000000000000e-01,0.000000000000000000e+00
9.060000000000000853e+01,5.000000000000000000e-01,0.000000000000000000e+00
9.060999999999999943e+01,5.000000000000000000e-01,0.000000000000000000e+00
9.062000000000000455e+01,5.000000000000000000e-01,0.000000000000000000e+00
9.062999999999999545e+01,5.000000000000000000e-01,0.000000000000000000e+00
9.064000000000000057e+01,5.000000000000000000e-01,0.000000000000000000e+00
9.065000000000000568e+01,5.000000000000000000e-01,0.000000000000000000e+00
9.065999999999999659e+01,5.000000000000000000e-01,0.000000000000000000e+00
9.067000000000000171e+01,5.000000000000000000e-01,0.000000000000000000e+00
9.068000000000000682e+01,5.000000000000000000e-01,0.000000000000000000e+00
9.068999999999999773e+01,5.000000000000000000e-01,0.000000000000000000e+00
9.070000000000000284e+01,5.000000000000000000e-01,0.000000000000000000e+00
9.071000000000000796e+01,5.000000000000000000e-01,0.000000000000000000e+00
9.071999999999999886e+01,5.000000000000000000e-01,0.000000000000000000e+00
9.073000000000000398e+01,5.000000000000000000e-01,0.000000000000000000e+00
9.073999999999999488e+01,5.000000000000000000e-01,0.000000000000000000e+00
9.075000000000000000e+01,5.000000000000000000e-01,0.000000000000000000e+00
9.076000000000000512e+01,5.000000000000000000e-01,0.000000000000000000e+00
9.076999999999999602e+01,5.000000000000000000e-01,0.000000000000000000e+00
9.078000000000000114e+01,5.000000000000000000e-01,0.000000000000000000e+00
9.079000000000000625e+01,5.000000000000000000e-01,0.000000000000000000e+00
9.079999999999999716e+01,5.000000000000000000e-01,0.000000000000000000e+00
9.081000000000000227e+01,5.000000000000000000e-01,0.000000000000000000e+00
9.082000000000000739e+01,5.000000000000000000e-01,0.000000000000000000e+00
9.082999999999999829e+01,5.000000000000000000e-01,0.000000000000000000e+00
9.084000000000000341e+01,5.000000000000000000e-01,0.000000000000000000e+00
9.085000000000000853e+01,5.000000000000000000e-01,0.000000000000000000e+00
9.085999999999999943e+01,5.000000000000000000e-01,0.000000000000000000e+00
9.087000000000000455e+01,5.000000000000000000e-01,0.000000000000000000e+00
9.087999999999999545e+01,5.000000000000000000e-01,0.000000000000000000e+00
9.089000000000000057e+01,5.000000000000000000e-01,0.000000000000000000e+00
9.090000000000000568e+01,5.000000000000000000e-01,0.000000000000000000e+00
9.090999999999999659e+01,5.000000000000000000e-01,0.000000000000000000e+00
9.092000000000000171e+01,5.000000000000000000e-01,0.000000000000000000e+00
9.093000000000000682e+01,5.000000000000000000e-01,0.000000000000000000e+00
9.093999999999999773e+01,5.000000000000000000e-01,0.000000000000000000e+00
9.095000000000000284e+01,5.000000000000000000e-01,0.000000000000000000e+00
9.096000000000000796e+01,5.000000000000000000e-01,0.000000000000000000e+00
9.096999999999999886e+01,5.000000000000000000e-01,0.000000000000000000e+00
9.098000000000000398e+01,5.000000000000000000e-01,0.000000000000000000e+00
9.098999999999999488e+01,5.000000000000000000e-01,0.000000000000000000e+00
9.100000000000000000e+01,5.000000000000000000e-01,0.000000000000000000e+00
9.101000000000000512e+01,5.000000000000000000e-01,0.000000000000000000e+00
9.101999999999999602e+01,5.000000000000000000e-01,0.000000000000000000e+00
9.103000000000000114e+01,5.000000000000000000e-01,0.000000000000000000e+00
9.104000000000000625e+01,5.000000000000000000e-01,0.000000000000000000e+00
9.104999999999999716e+01,5.000000000000000000e-01,0.000000000000000000e+00
9.106000000000000227e+01,5.000000000000000000e-01,0.000000000000000000e+00
9.107000000000000739e+01,5.000000000000000000e-01,0.000000000000000000e+00
9.107999999999999829e+01,5.000000000000000000e-01,0.000000000000000000e+00
9.109000000000000341e+01,5.000000000000000000e-01,0.000000000000000000e+00
9.110000000000000853e+01,5.000000000000000000e-01,0.000000000000000000e+00
9.110999999999999943e+01,5.000000000000000000e-01,0.000000000000000000e+00
9.112000000000000455e+01,5.000000000000000000e-01,0.000000000000000000e+00
9.112999999999999545e+01,5.000000000000000000e-01,0.000000000000000000e+00
9.114000000000000057e+01,5.000000000000000000e-01,0.000000000000000000e+00
9.115000000000000568e+01,5.000000000000000000e-01,0.000000000000000000e+00
9.115999999999999659e+01,5.000000000000000000e-01,0.000000000000000000e+00
9.117000000000000171e+01,5.000000000000000000e-01,0.000000000000000000e+00
9.118000000000000682e+01,5.000000000000000000e-01,0.000000000000000000e+00
9.118999999999999773e+01,5.000000000000000000e-01,0.000000000000000000e+00
9.120000000000000284e+01,5.000000000000000000e-01,0.000000000000000000e+00
9.121000000000000796e+01,5.000000000000000000e-01,0.000000000000000000e+00
9.121999999999999886e+01,5.000000000000000000e-01,0.000000000000000000e+00
9.123000000000000398e+01,5.000000000000000000e-01,0.000000000000000000e+00
9.123999999999999488e+01,5.000000000000000000e-01,0.000000000000000000e+00
9.125000000000000000e+01,5.000000000000000000e-01,0.000000000000000000e+00
9.126000000000000512e+01,5.000000000000000000e-01,0.000000000000000000e+00
9.126999999999999602e+01,5.000000000000000000e-01,0.000000000000000000e+00
9.128000000000000114e+01,5.000000000000000000e-01,0.000000000000000000e+00
9.129000000000000625e+01,5.000000000000000000e-01,0.000000000000000000e+00
9.129999999999999716e+01,5.000000000000000000e-01,0.000000000000000000e+00
9.131000000000000227e+01,5.000000000000000000e-01,0.000000000000000000e+00
9.132000000000000739e+01,5.000000000000000000e-01,0.000000000000000000e+00
9.132999999999999829e+01,5.000000000000000000e-01,0.000000000000000000e+00
9.134000000000000341e+01,5.000000000000000000e-01,0.000000000000000000e+00
9.135000000000000853e+01,5.000000000000000000e-01,0.000000000000000000e+00
9.135999999999999943e+01,5.000000000000000000e-01,0.000000000000000000e+00
9.137000000000000455e+01,5.000000000000000000e-01,0.000000000000000000e+00
9.137999999999999545e+01,5.000000000000000000e-01,0.000000000000000000e+00
9.139000000000000057e+01,5.000000000000000000e-01,0.000000000000000000e+00
9.140000000000000568e+01,5.000000000000000000e-01,0.000000000000000000e+00
9.140999999999999659e+01,5.000000000000000000e-01,0.000000000000000000e+00
9.142000000000000171e+01,5.000000000000000000e-01,0.000000000000000000e+00
9.143000000000000682e+01,5.000000000000000000e-01,0.000000000000000000e+00
9.143999999999999773e+01,5.000000000000000000e-01,0.000000000000000000e+00
9.145000000000000284e+01,5.000000000000000000e-01,0.000000000000000000e+00
9.146000000000000796e+01,5.000000000000000000e-01,0.000000000000000000e+00
9.146999999999999886e+01,5.000000000000000000e-01,0.000000000000000000e+00
9.148000000000000398e+01,5.000000000000000000e-01,0.000000000000000000e+00
9.148999999999999488e+01,5.000000000000000000e-01,0.000000000000000000e+00
9.150000000000000000e+01,5.000000000000000000e-01,0.000000000000000000e+00
9.151000000000000512e+01,5.000000000000000000e-01,0.000000000000000000e+00
9.151999999999999602e+01,5.000000000000000000e-01,0.000000000000000000e+00
9.153000000000000114e+01,5.000000000000000000e-01,0.000000000000000000e+00
9.154000000000000625e+01,5.000000000000000000e-01,0.000000000000000000e+00
9.154999999999999716e+01,5.000000000000000000e-01,0.000000000000000000e+00
9.156000000000000227e+01,5.000000000000000000e-01,0.000000000000000000e+00
9.157000000000000739e+01,5.000000000000000000e-01,0.000000000000000000e+00
9.157999999999999829e+01,5.000000000000000000e-01,0.000000000000000000e+00
9.159000000000000341e+01,5.000000000000000000e-01,0.000000000000000000e+00
9.160000000000000853e+01,5.000000000000000000e-01,0.000000000000000000e+00
9.160999999999999943e+01,5.000000000000000000e-01,0.000000000000000000e+00
9.162000000000000455e+01,5.000000000000000000e-01,0.000000000000000000e+00
9.162999999999999545e+01,5.000000000000000000e-01,0.000000000000000000e+00
9.164000000000000057e+01,5.000000000000000000e-01,0.000000000000000000e+00
9.165000000000000568e+01,5.000000000000000000e-01,0.000000000000000000e+00
9.165999999999999659e+01,5.000000000000000000e-01,0.000000000000000000e+00
9.167000000000000171e+01,5.000000000000000000e-01,0.000000000000000000e+00
9.168000000000000682e+01,5.000000000000000000e-01,0.000000000000000000e+00
9.168999999999999773e+01,5.000000000000000000e-01,0.000000000000000000e+00
9.170000000000000284e+01,5.000000000000000000e-01,0.000000000000000000e+00
9.171000000000000796e+01,5.000000000000000000e-01,0.000000000000000000e+00
9.171999999999999886e+01,5.000000000000000000e-01,0.000000000000000000e+00
9.173000000000000398e+01,5.000000000000000000e-01,0.000000000000000000e+00
9.173999999999999488e+01,5.000000000000000000e-01,0.000000000000000000e+00
9.175000000000000000e+01,5.000000000000000000e-01,0.000000000000000000e+00
9.176000000000000512e+01,5.000000000000000000e-01,0.000000000000000000e+00
9.176999999999999602e+01,5.000000000000000000e-01,0.000000000000000000e+00
9.178000000000000114e+01,5.000000000000000000e-01,0.000000000000000000e+00
9.179000000000000625e+01,5.000000000000000000e-01,0.000000000000000000e+00
9.179999999999999716e+01,5.000000000000000000e-01,0.000000000000000000e+00
9.181000000000000227e+01,5.000000000000000000e-01,0.000000000000000000e+00
9.182000000000000739e+01,5.000000000000000000e-01,0.000000000000000000e+00
9.182999999999999829e+01,5.000000000000000000e-01,0.000000000000000000e+00
9.184000000000000341e+01,5.000000000000000000e-01,0.000000000000000000e+00
9.185000000000000853e+01,5.000000000000000000e-01,0.000000000000000000e+00
9.185999999999999943e+01,5.000000000000000000e-01,0.000000000000000000e+00
9.187000000000000455e+01,5.000000000000000000e-01,0.000000000000000000e+00
9.187999999999999545e+01,5.000000000000000000e-01,0.000000000000000000e+00
9.189000000000000057e+01,5.000000000000000000e-01,0.000000000000000000e+00
9.190000000000000568e+01,5.000000000000000000e-01,0.000000000000000000e+00
9.190999999999999659e+01,5.000000000000000000e-01,0.000000000000000000e+00
9.192000000000000171e+01,5.000000000000000000e-01,0.000000000000000000e+00
9.193000000000000682e+01,5.000000000000000000e-01,0.000000000000000000e+00
9.193999999999999773e+01,5.000000000000000000e-01,0.000000000000000000e+00
9.195000000000000284e+01,5.000000000000000000e-01,0.000000000000000000e+00
9.196000000000000796e+01,5.000000000000000000e-01,0.000000000000000000e+00
9.196999999999999886e+01,5.000000000000000000e-01,0.000000000000000000e+00
9.198000000000000398e+01,5.000000000000000000e-01,0.000000000000000000e+00
9.198999999999999488e+01,5.000000000000000000e-01,0.000000000000000000e+00
9.200000000000000000e+01,5.000000000000000000e-01,0.000000000000000000e+00
9.201000000000000512e+01,5.000000000000000000e-01,0.000000000000000000e+00
9.201999999999999602e+01,5.000000000000000000e-01,0.000000000000000000e+00
9.203000000000000114e+01,5.000000000000000000e-01,0.000000000000000000e+00
9.204000000000000625e+01,5.000000000000000000e-01,0.000000000000000000e+00
9.204999999999999716e+01,5.000000000000000000e-01,0.000000000000000000e+00
9.206000000000000227e+01,5.000000000000000000e-01,0.000000000000000000e+00
9.207000000000000739e+01,5.000000000000000000e-01,0.000000000000000000e+00
9.207999999999999829e+01,5.000000000000000000e-01,0.000000000000000000e+00
9.209000000000000341e+01,5.000000000000000000e-01,0.000000000000000000e+00
9.210000000000000853e+01,5.000000000000000000e-01,0.000000000000000000e+00
9.210999999999999943e+01,5.000000000000000000e-01,0.000000000000000000e+00
9.212000000000000455e+01,5.000000000000000000e-01,0.000000000000000000e+00
9.212999999999999545e+01,5.000000000000000000e-01,0.000000000000000000e+00
9.214000000000000057e+01,5.000000000000000000e-01,0.000000000000000000e+00
9.215000000000000568e+01,5.000000000000000000e-01,0.000000000000000000e+00
9.215999999999999659e+01,5.000000000000000000e-01,0.000000000000000000e+00
9.217000000000000171e+01,5.000000000000000000e-01,0.000000000000000000e+00
9.218000000000000682e+01,5.000000000000000000e-01,0.000000000000000000e+00
9.218999999999999773e+01,5.000000000000000000e-01,0.000000000000000000e+00
9.220000000000000284e+01,5.000000000000000000e-01,0.000000000000000000e+00
9.221000000000000796e+01,5.000000000000000000e-01,0.000000000000000000e+00
9.221999999999999886e+01,5.000000000000000000e-01,0.000000000000000000e+00
9.223000000000000398e+01,5.000000000000000000e-01,0.000000000000000000e+00
9.223999999999999488e+01,5.000000000000000000e-01,0.000000000000000000e+00
9.225000000000000000e+01,5.000000000000000000e-01,0.000000000000000000e+00
9.226000000000000512e+01,5.000000000000000000e-01,0.000000000000000000e+00
9.226999999999999602e+01,5.000000000000000000e-01,0.000000000000000000e+00
9.228000000000000114e+01,5.000000000000000000e-01,0.000000000000000000e+00
9.229000000000000625e+01,5.000000000000000000e-01,0.000000000000000000e+00
9.229999999999999716e+01,5.000000000000000000e-01,0.000000000000000000e+00
9.231000000000000227e+01,5.000000000000000000e-01,0.000000000000000000e+00
9.232000000000000739e+01,5.000000000000000000e-01,0.000000000000000000e+00
9.232999999999999829e+01,5.000000000000000000e-01,0.000000000000000000e+00
9.234000000000000341e+01,5.000000000000000000e-01,0.000000000000000000e+00
9.235000000000000853e+01,5.000000000000000000e-01,0.000000000000000000e+00
9.235999999999999943e+01,5.000000000000000000e-01,0.000000000000000000e+00
9.237000000000000455e+01,5.000000000000000000e-01,0.000000000000000000e+00
9.237999999999999545e+01,5.000000000000000000e-01,0.000000000000000000e+00
9.239000000000000057e+01,5.000000000000000000e-01,0.000000000000000000e+00
9.240000000000000568e+01,5.000000000000000000e-01,0.000000000000000000e+00
9.240999999999999659e+01,5.000000000000000000e-01,0.000000000000000000e+00
9.242000000000000171e+01,5.000000000000000000e-01,0.000000000000000000e+00
9.243000000000000682e+01,5.000000000000000000e-01,0.000000000000000000e+00
9.243999999999999773e+01,5.000000000000000000e-01,0.000000000000000000e+00
9.245000000000000284e+01,5.000000000000000000e-01,0.000000000000000000e+00
9.246000000000000796e+01,5.000000000000000000e-01,0.000000000000000000e+00
9.246999999999999886e+01,5.000000000000000000e-01,0.000000000000000000e+00
9.248000000000000398e+01,5.000000000000000000e-01,0.000000000000000000e+00
9.248999999999999488e+01,5.000000000000000000e-01,0.000000000000000000e+00
9.250000000000000000e+01,5.000000000000000000e-01,0.000000000000000000e+00
9.251000000000000512e+01,5.000000000000000000e-01,0.000000000000000000e+00
9.251999999999999602e+01,5.000000000000000000e-01,0.000000000000000000e+00
9.253000000000000114e+01,5.000000000000000000e-01,0.000000000000000000e+00
9.254000000000000625e+01,5.000000000000000000e-01,0.000000000000000000e+00
9.254999999999999716e+01,5.000000000000000000e-01,0.000000000000000000e+00
9.256000000000000227e+01,5.000000000000000000e-01,0.000000000000000000e+00
9.257000000000000739e+01,5.000000000000000000e-01,0.000000000000000000e+00
9.257999999999999829e+01,5.000000000000000000e-01,0.000000000000000000e+00
9.259000000000000341e+01,5.000000000000000000e-01,0.000000000000000000e+00
9.260000000000000853e+01,5.000000000000000000e-01,0.000000000000000000e+00
9.260999999999999943e+01,5.000000000000000000e-01,0.000000000000000000e+00
9.262000000000000455e+01,5.000000000000000000e-01,0.000000000000000000e+00
9.262999999999999545e+01,5.000000000000000000e-01,0.000000000000000000e+00
9.264000000000000057e+01,5.000000000000000000e-01,0.000000000000000000e+00
9.265000000000000568e+01,5.000000000000000000e-01,0.000000000000000000e+00
9.265999999999999659e+01,5.000000000000000000e-01,0.000000000000000000e+00
9.267000000000000171e+01,5.000000000000000000e-01,0.000000000000000000e+00
9.268000000000000682e+01,5.000000000000000000e-01,0.000000000000000000e+00
9.268999999999999773e+01,5.000000000000000000e-01,0.000000000000000000e+00
9.270000000000000284e+01,5.000000000000000000e-01,0.000000000000000000e+00
9.271000000000000796e+01,5.000000000000000000e-01,0.000000000000000000e+00
9.271999999999999886e+01,5.000000000000000000e-01,0.000000000000000000e+00
9.273000000000000398e+01,5.000000000000000000e-01,0.000000000000000000e+00
9.273999999999999488e+01,5.000000000000000000e-01,0.000000000000000000e+00
9.275000000000000000e+01,5.000000000000000000e-01,0.000000000000000000e+00
9.276000000000000512e+01,5.000000000000000000e-01,0.000000000000000000e+00
9.276999999999999602e+01,5.000000000000000000e-01,0.000000000000000000e+00
9.278000000000000114e+01,5.000000000000000000e-01,0.000000000000000000e+00
9.279000000000000625e+01,5.000000000000000000e-01,0.000000000000000000e+00
9.279999999999999716e+01,5.000000000000000000e-01,0.000000000000000000e+00
9.281000000000000227e+01,5.000000000000000000e-01,0.000000000000000000e+00
9.282000000000000739e+01,5.000000000000000000e-01,0.000000000000000000e+00
9.282999999999999829e+01,5.000000000000000000e-01,0.000000000000000000e+00
9.284000000000000341e+01,5.000000000000000000e-01,0.000000000000000000e+00
9.285000000000000853e+01,5.000000000000000000e-01,0.000000000000000000e+00
9.285999999999999943e+01,5.000000000000000000e-01,0.000000000000000000e+00
9.287000000000000455e+01,5.000000000000000000e-01,0.000000000000000000e+00
9.287999999999999545e+01,5.000000000000000000e-01,0.000000000000000000e+00
9.289000000000000057e+01,5.000000000000000000e-01,0.000000000000000000e+00
9.290000000000000568e+01,5.000000000000000000e-01,0.000000000000000000e+00
9.290999999999999659e+01,5.000000000000000000e-01,0.000000000000000000e+00
9.292000000000000171e+01,5.000000000000000000e-01,0.000000000000000000e+00
9.293000000000000682e+01,5.000000000000000000e-01,0.000000000000000000e+00
9.293999999999999773e+01,5.000000000000000000e-01,0.000000000000000000e+00
9.295000000000000284e+01,5.000000000000000000e-01,0.000000000000000000e+00
9.296000000000000796e+01,5.000000000000000000e-01,0.000000000000000000e+00
9.296999999999999886e+01,5.000000000000000000e-01,0.000000000000000000e+00
9.298000000000000398e+01,5.000000000000000000e-01,0.000000000000000000e+00
9.298999999999999488e+01,5.000000000000000000e-01,0.000000000000000000e+00
9.300000000000000000e+01,5.000000000000000000e-01,0.000000000000000000e+00
9.301000000000000512e+01,5.000000000000000000e-01,0.000000000000000000e+00
9.301999999999999602e+01,5.000000000000000000e-01,0.000000000000000000e+00
9.303000000000000114e+01,5.000000000000000000e-01,0.000000000000000000e+00
9.304000000000000625e+01,5.000000000000000000e-01,0.000000000000000000e+00
9.304999999999999716e+01,5.000000000000000000e-01,0.000000000000000000e+00
9.306000000000000227e+01,5.000000000000000000e-01,0.000000000000000000e+00
9.307000000000000739e+01,5.000000000000000000e-01,0.000000000000000000e+00
9.307999999999999829e+01,5.000000000000000000e-01,0.000000000000000000e+00
9.309000000000000341e+01,5.000000000000000000e-01,0.000000000000000000e+00
9.310000000000000853e+01,5.000000000000000000e-01,0.000000000000000000e+00
9.310999999999999943e+01,5.000000000000000000e-01,0.000000000000000000e+00
9.312000000000000455e+01,5.000000000000000000e-01,0.000000000000000000e+00
9.312999999999999545e+01,5.000000000000000000e-01,0.000000000000000000e+00
9.314000000000000057e+01,5.000000000000000000e-01,0.000000000000000000e+00
9.315000000000000568e+01,5.000000000000000000e-01,0.000000000000000000e+00
9.315999999999999659e+01,5.000000000000000000e-01,0.000000000000000000e+00
9.317000000000000171e+01,5.000000000000000000e-01,0.000000000000000000e+00
9.318000000000000682e+01,5.000000000000000000e-01,0.000000000000000000e+00
9.318999999999999773e+01,5.000000000000000000e-01,0.000000000000000000e+00
9.320000000000000284e+01,5.000000000000000000e-01,0.000000000000000000e+00
9.321000000000000796e+01,5.000000000000000000e-01,0.000000000000000000e+00
9.321999999999999886e+01,5.000000000000000000e-01,0.000000000000000000e+00
9.323000000000000398e+01,5.000000000000000000e-01,0.000000000000000000e+00
9.323999999999999488e+01,5.000000000000000000e-01,0.000000000000000000e+00
9.325000000000000000e+01,5.000000000000000000e-01,0.000000000000000000e+00
9.326000000000000512e+01,5.000000000000000000e-01,0.000000000000000000e+00
9.326999999999999602e+01,5.000000000000000000e-01,0.000000000000000000e+00
9.328000000000000114e+01,5.000000000000000000e-01,0.000000000000000000e+00
9.329000000000000625e+01,5.000000000000000000e-01,0.000000000000000000e+00
9.329999999999999716e+01,5.000000000000000000e-01,0.000000000000000000e+00
9.331000000000000227e+01,5.000000000000000000e-01,0.000000000000000000e+00
9.332000000000000739e+01,5.000000000000000000e-01,0.000000000000000000e+00
9.332999999999999829e+01,5.000000000000000000e-01,0.000000000000000000e+00
9.334000000000000341e+01,5.000000000000000000e-01,0.000000000000000000e+00
9.335000000000000853e+01,5.000000000000000000e-01,0.000000000000000000e+00
9.335999999999999943e+01,5.000000000000000000e-01,0.000000000000000000e+00
9.337000000000000455e+01,5.000000000000000000e-01,0.000000000000000000e+00
9.337999999999999545e+01,5.000000000000000000e-01,0.000000000000000000e+00
9.339000000000000057e+01,5.000000000000000000e-01,0.000000000000000000e+00
9.340000000000000568e+01,5.000000000000000000e-01,0.000000000000000000e+00
9.340999999999999659e+01,5.000000000000000000e-01,0.000000000000000000e+00
9.342000000000000171e+01,5.000000000000000000e-01,0.000000000000000000e+00
9.343000000000000682e+01,5.000000000000000000e-01,0.000000000000000000e+00
9.343999999999999773e+01,5.000000000000000000e-01,0.000000000000000000e+00
9.345000000000000284e+01,5.000000000000000000e-01,0.000000000000000000e+00
9.346000000000000796e+01,5.000000000000000000e-01,0.000000000000000000e+00
9.346999999999999886e+01,5.000000000000000000e-01,0.000000000000000000e+00
9.348000000000000398e+01,5.000000000000000000e-01,0.000000000000000000e+00
9.348999999999999488e+01,5.000000000000000000e-01,0.000000000000000000e+00
9.350000000000000000e+01,5.000000000000000000e-01,0.000000000000000000e+00
9.351000000000000512e+01,5.000000000000000000e-01,0.000000000000000000e+00
9.351999999999999602e+01,5.000000000000000000e-01,0.000000000000000000e+00
9.353000000000000114e+01,5.000000000000000000e-01,0.000000000000000000e+00
9.354000000000000625e+01,5.000000000000000000e-01,0.000000000000000000e+00
9.354999999999999716e+01,5.000000000000000000e-01,0.000000000000000000e+00
9.356000000000000227e+01,5.000000000000000000e-01,0.000000000000000000e+00
9.357000000000000739e+01,5.000000000000000000e-01,0.000000000000000000e+00
9.357999999999999829e+01,5.000000000000000000e-01,0.000000000000000000e+00
9.359000000000000341e+01,5.000000000000000000e-01,0.000000000000000000e+00
9.360000000000000853e+01,5.000000000000000000e-01,0.000000000000000000e+00
9.360999999999999943e+01,5.000000000000000000e-01,0.000000000000000000e+00
9.362000000000000455e+01,5.000000000000000000e-01,0.000000000000000000e+00
9.362999999999999545e+01,5.000000000000000000e-01,0.000000000000000000e+00
9.364000000000000057e+01,5.000000000000000000e-01,0.000000000000000000e+00
9.365000000000000568e+01,5.000000000000000000e-01,0.000000000000000000e+00
9.365999999999999659e+01,5.000000000000000000e-01,0.000000000000000000e+00
9.367000000000000171e+01,5.000000000000000000e-01,0.000000000000000000e+00
9.368000000000000682e+01,5.000000000000000000e-01,0.000000000000000000e+00
9.368999999999999773e+01,5.000000000000000000e-01,0.000000000000000000e+00
9.370000000000000284e+01,5.000000000000000000e-01,0.000000000000000000e+00
9.371000000000000796e+01,5.000000000000000000e-01,0.000000000000000000e+00
9.371999999999999886e+01,5.000000000000000000e-01,0.000000000000000000e+00
9.373000000000000398e+01,5.000000000000000000e-01,0.000000000000000000e+00
9.373999999999999488e+01,5.000000000000000000e-01,0.000000000000000000e+00
9.375000000000000000e+01,5.000000000000000000e-01,0.000000000000000000e+00
9.376000000000000512e+01,5.000000000000000000e-01,0.000000000000000000e+00
9.376999999999999602e+01,5.000000000000000000e-01,0.000000000000000000e+00
9.378000000000000114e+01,5.000000000000000000e-01,0.000000000000000000e+00
9.379000000000000625e+01,5.000000000000000000e-01,0.000000000000000000e+00
9.379999999999999716e+01,5.000000000000000000e-01,0.000000000000000000e+00
9.381000000000000227e+01,5.000000000000000000e-01,0.000000000000000000e+00
9.382000000000000739e+01,5.000000000000000000e-01,0.000000000000000000e+00
9.382999999999999829e+01,5.000000000000000000e-01,0.000000000000000000e+00
9.384000000000000341e+01,5.000000000000000000e-01,0.000000000000000000e+00
9.385000000000000853e+01,5.000000000000000000e-01,0.000000000000000000e+00
9.385999999999999943e+01,5.000000000000000000e-01,0.000000000000000000e+00
9.387000000000000455e+01,5.000000000000000000e-01,0.000000000000000000e+00
9.387999999999999545e+01,5.000000000000000000e-01,0.000000000000000000e+00
9.389000000000000057e+01,5.000000000000000000e-01,0.000000000000000000e+00
9.390000000000000568e+01,5.000000000000000000e-01,0.000000000000000000e+00
9.390999999999999659e+01,5.000000000000000000e-01,0.000000000000000000e+00
9.392000000000000171e+01,5.000000000000000000e-01,0.000000000000000000e+00
9.393000000000000682e+01,5.000000000000000000e-01,0.000000000000000000e+00
9.393999999999999773e+01,5.000000000000000000e-01,0.000000000000000000e+00
9.395000000000000284e+01,5.000000000000000000e-01,0.000000000000000000e+00
9.396000000000000796e+01,5.000000000000000000e-01,0.000000000000000000e+00
9.396999999999999886e+01,5.000000000000000000e-01,0.000000000000000000e+00
9.398000000000000398e+01,5.000000000000000000e-01,0.000000000000000000e+00
9.398999999999999488e+01,5.000000000000000000e-01,0.000000000000000000e+00
9.400000000000000000e+01,5.000000000000000000e-01,0.000000000000000000e+00
9.401000000000000512e+01,5.000000000000000000e-01,0.000000000000000000e+00
9.401999999999999602e+01,5.000000000000000000e-01,0.000000000000000000e+00
9.403000000000000114e+01,5.000000000000000000e-01,0.000000000000000000e+00
9.404000000000000625e+01,5.000000000000000000e-01,0.000000000000000000e+00
9.404999999999999716e+01,5.000000000000000000e-01,0.000000000000000000e+00
9.406000000000000227e+01,5.000000000000000000e-01,0.000000000000000000e+00
9.407000000000000739e+01,5.000000000000000000e-01,0.000000000000000000e+00
9.407999999999999829e+01,5.000000000000000000e-01,0.000000000000000000e+00
9.409000000000000341e+01,5.000000000000000000e-01,0.000000000000000000e+00
9.410000000000000853e+01,5.000000000000000000e-01,0.000000000000000000e+00
9.410999999999999943e+01,5.000000000000000000e-01,0.000000000000000000e+00
9.412000000000000455e+01,5.000000000000000000e-01,0.000000000000000000e+00
9.412999999999999545e+01,5.000000000000000000e-01,0.000000000000000000e+00
9.414000000000000057e+01,5.000000000000000000e-01,0.000000000000000000e+00
9.415000000000000568e+01,5.000000000000000000e-01,0.000000000000000000e+00
9.415999999999999659e+01,5.000000000000000000e-01,0.000000000000000000e+00
9.417000000000000171e+01,5.000000000000000000e-01,0.000000000000000000e+00
9.418000000000000682e+01,5.000000000000000000e-01,0.000000000000000000e+00
9.418999999999999773e+01,5.000000000000000000e-01,0.000000000000000000e+00
9.420000000000000284e+01,5.000000000000000000e-01,0.000000000000000000e+00
9.421000000000000796e+01,5.000000000000000000e-01,0.000000000000000000e+00
9.421999999999999886e+01,5.000000000000000000e-01,0.000000000000000000e+00
9.423000000000000398e+01,5.000000000000000000e-01,0.000000000000000000e+00
9.423999999999999488e+01,5.000000000000000000e-01,0.000000000000000000e+00
9.425000000000000000e+01,5.000000000000000000e-01,0.000000000000000000e+00
9.426000000000000512e+01,5.000000000000000000e-01,0.000000000000000000e+00
9.426999999999999602e+01,5.000000000000000000e-01,0.000000000000000000e+00
9.428000000000000114e+01,5.000000000000000000e-01,0.000000000000000000e+00
9.429000000000000625e+01,5.000000000000000000e-01,0.000000000000000000e+00
9.429999999999999716e+01,5.000000000000000000e-01,0.000000000000000000e+00
9.431000000000000227e+01,5.000000000000000000e-01,0.000000000000000000e+00
9.432000000000000739e+01,5.000000000000000000e-01,0.000000000000000000e+00
9.432999999999999829e+01,5.000000000000000000e-01,0.000000000000000000e+00
9.434000000000000341e+01,5.000000000000000000e-01,0.000000000000000000e+00
9.435000000000000853e+01,5.000000000000000000e-01,0.000000000000000000e+00
9.435999999999999943e+01,5.000000000000000000e-01,0.000000000000000000e+00
9.437000000000000455e+01,5.000000000000000000e-01,0.000000000000000000e+00
9.437999999999999545e+01,5.000000000000000000e-01,0.000000000000000000e+00
9.439000000000000057e+01,5.000000000000000000e-01,0.000000000000000000e+00
9.440000000000000568e+01,5.000000000000000000e-01,0.000000000000000000e+00
9.440999999999999659e+01,5.000000000000000000e-01,0.000000000000000000e+00
9.442000000000000171e+01,5.000000000000000000e-01,0.000000000000000000e+00
9.443000000000000682e+01,5.000000000000000000e-01,0.000000000000000000e+00
9.443999999999999773e+01,5.000000000000000000e-01,0.000000000000000000e+00
9.445000000000000284e+01,5.000000000000000000e-01,0.000000000000000000e+00
9.446000000000000796e+01,5.000000000000000000e-01,0.000000000000000000e+00
9.446999999999999886e+01,5.000000000000000000e-01,0.000000000000000000e+00
9.448000000000000398e+01,5.000000000000000000e-01,0.000000000000000000e+00
9.448999999999999488e+01,5.000000000000000000e-01,0.000000000000000000e+00
9.450000000000000000e+01,5.000000000000000000e-01,0.000000000000000000e+00
9.451000000000000512e+01,5.000000000000000000e-01,0.000000000000000000e+00
9.451999999999999602e+01,5.000000000000000000e-01,0.000000000000000000e+00
9.453000000000000114e+01,5.000000000000000000e-01,0.000000000000000000e+00
9.454000000000000625e+01,5.000000000000000000e-01,0.000000000000000000e+00
9.454999999999999716e+01,5.000000000000000000e-01,0.000000000000000000e+00
9.456000000000000227e+01,5.000000000000000000e-01,0.000000000000000000e+00
9.457000000000000739e+01,5.000000000000000000e-01,0.000000000000000000e+00
9.457999999999999829e+01,5.000000000000000000e-01,0.000000000000000000e+00
9.459000000000000341e+01,5.000000000000000000e-01,0.000000000000000000e+00
9.460000000000000853e+01,5.000000000000000000e-01,0.000000000000000000e+00
9.460999999999999943e+01,5.000000000000000000e-01,0.000000000000000000e+00
9.462000000000000455e+01,5.000000000000000000e-01,0.000000000000000000e+00
9.462999999999999545e+01,5.000000000000000000e-01,0.000000000000000000e+00
9.464000000000000057e+01,5.000000000000000000e-01,0.000000000000000000e+00
9.465000000000000568e+01,5.000000000000000000e-01,0.000000000000000000e+00
9.465999999999999659e+01,5.000000000000000000e-01,0.000000000000000000e+00
9.467000000000000171e+01,5.000000000000000000e-01,0.000000000000000000e+00
9.468000000000000682e+01,5.000000000000000000e-01,0.000000000000000000e+00
9.468999999999999773e+01,5.000000000000000000e-01,0.000000000000000000e+00
9.470000000000000284e+01,5.000000000000000000e-01,0.000000000000000000e+00
9.471000000000000796e+01,5.000000000000000000e-01,0.000000000000000000e+00
9.471999999999999886e+01,5.000000000000000000e-01,0.000000000000000000e+00
9.473000000000000398e+01,5.000000000000000000e-01,0.000000000000000000e+00
9.473999999999999488e+01,5.000000000000000000e-01,0.000000000000000000e+00
9.475000000000000000e+01,5.000000000000000000e-01,0.000000000000000000e+00
9.476000000000000512e+01,5.000000000000000000e-01,0.000000000000000000e+00
9.476999999999999602e+01,5.000000000000000000e-01,0.000000000000000000e+00
9.478000000000000114e+01,5.000000000000000000e-01,0.000000000000000000e+00
9.479000000000000625e+01,5.000000000000000000e-01,0.000000000000000000e+00
9.479999999999999716e+01,5.000000000000000000e-01,0.000000000000000000e+00
9.481000000000000227e+01,5.000000000000000000e-01,0.000000000000000000e+00
9.482000000000000739e+01,5.000000000000000000e-01,0.000000000000000000e+00
9.482999999999999829e+01,5.000000000000000000e-01,0.000000000000000000e+00
9.484000000000000341e+01,5.000000000000000000e-01,0.000000000000000000e+00
9.485000000000000853e+01,5.000000000000000000e-01,0.000000000000000000e+00
9.485999999999999943e+01,5.000000000000000000e-01,0.000000000000000000e+00
9.487000000000000455e+01,5.000000000000000000e-01,0.000000000000000000e+00
9.487999999999999545e+01,5.000000000000000000e-01,0.000000000000000000e+00
9.489000000000000057e+01,5.000000000000000000e-01,0.000000000000000000e+00
9.490000000000000568e+01,5.000000000000000000e-01,0.000000000000000000e+00
9.490999999999999659e+01,5.000000000000000000e-01,0.000000000000000000e+00
9.492000000000000171e+01,5.000000000000000000e-01,0.000000000000000000e+00
9.493000000000000682e+01,5.000000000000000000e-01,0.000000000000000000e+00
9.493999999999999773e+01,5.000000000000000000e-01,0.000000000000000000e+00
9.495000000000000284e+01,5.000000000000000000e-01,0.000000000000000000e+00
9.496000000000000796e+01,5.000000000000000000e-01,0.000000000000000000e+00
9.496999999999999886e+01,5.000000000000000000e-01,0.000000000000000000e+00
9.498000000000000398e+01,5.000000000000000000e-01,0.000000000000000000e+00
9.498999999999999488e+01,5.000000000000000000e-01,0.000000000000000000e+00
9.500000000000000000e+01,5.000000000000000000e-01,0.000000000000000000e+00
9.501000000000000512e+01,5.000000000000000000e-01,0.000000000000000000e+00
9.501999999999999602e+01,5.000000000000000000e-01,0.000000000000000000e+00
9.503000000000000114e+01,5.000000000000000000e-01,0.000000000000000000e+00
9.504000000000000625e+01,5.000000000000000000e-01,0.000000000000000000e+00
9.504999999999999716e+01,5.000000000000000000e-01,0.000000000000000000e+00
9.506000000000000227e+01,5.000000000000000000e-01,0.000000000000000000e+00
9.507000000000000739e+01,5.000000000000000000e-01,0.000000000000000000e+00
9.507999999999999829e+01,5.000000000000000000e-01,0.000000000000000000e+00
9.509000000000000341e+01,5.000000000000000000e-01,0.000000000000000000e+00
9.510000000000000853e+01,5.000000000000000000e-01,0.000000000000000000e+00
9.510999999999999943e+01,5.000000000000000000e-01,0.000000000000000000e+00
9.512000000000000455e+01,5.000000000000000000e-01,0.000000000000000000e+00
9.512999999999999545e+01,5.000000000000000000e-01,0.000000000000000000e+00
9.514000000000000057e+01,5.000000000000000000e-01,0.000000000000000000e+00
9.515000000000000568e+01,5.000000000000000000e-01,0.000000000000000000e+00
9.515999999999999659e+01,5.000000000000000000e-01,0.000000000000000000e+00
9.517000000000000171e+01,5.000000000000000000e-01,0.000000000000000000e+00
9.518000000000000682e+01,5.000000000000000000e-01,0.000000000000000000e+00
9.518999999999999773e+01,5.000000000000000000e-01,0.000000000000000000e+00
9.520000000000000284e+01,5.000000000000000000e-01,0.000000000000000000e+00
9.521000000000000796e+01,5.000000000000000000e-01,0.000000000000000000e+00
9.521999999999999886e+01,5.000000000000000000e-01,0.000000000000000000e+00
9.523000000000000398e+01,5.000000000000000000e-01,0.000000000000000000e+00
9.523999999999999488e+01,5.000000000000000000e-01,0.000000000000000000e+00
9.525000000000000000e+01,5.000000000000000000e-01,0.000000000000000000e+00
9.526000000000000512e+01,5.000000000000000000e-01,0.000000000000000000e+00
9.526999999999999602e+01,5.000000000000000000e-01,0.000000000000000000e+00
9.528000000000000114e+01,5.000000000000000000e-01,0.000000000000000000e+00
9.529000000000000625e+01,5.000000000000000000e-01,0.000000000000000000e+00
9.529999999999999716e+01,5.000000000000000000e-01,0.000000000000000000e+00
9.531000000000000227e+01,5.000000000000000000e-01,0.000000000000000000e+00
9.532000000000000739e+01,5.000000000000000000e-01,0.000000000000000000e+00
9.532999999999999829e+01,5.000000000000000000e-01,0.000000000000000000e+00
9.534000000000000341e+01,5.000000000000000000e-01,0.000000000000000000e+00
9.535000000000000853e+01,5.000000000000000000e-01,0.000000000000000000e+00
9.535999999999999943e+01,5.000000000000000000e-01,0.000000000000000000e+00
9.537000000000000455e+01,5.000000000000000000e-01,0.000000000000000000e+00
9.537999999999999545e+01,5.000000000000000000e-01,0.000000000000000000e+00
9.539000000000000057e+01,5.000000000000000000e-01,0.000000000000000000e+00
9.540000000000000568e+01,5.000000000000000000e-01,0.000000000000000000e+00
9.540999999999999659e+01,5.000000000000000000e-01,0.000000000000000000e+00
9.542000000000000171e+01,5.000000000000000000e-01,0.000000000000000000e+00
9.543000000000000682e+01,5.000000000000000000e-01,0.000000000000000000e+00
9.543999999999999773e+01,5.000000000000000000e-01,0.000000000000000000e+00
9.545000000000000284e+01,5.000000000000000000e-01,0.000000000000000000e+00
9.546000000000000796e+01,5.000000000000000000e-01,0.000000000000000000e+00
9.546999999999999886e+01,5.000000000000000000e-01,0.000000000000000000e+00
9.548000000000000398e+01,5.000000000000000000e-01,0.000000000000000000e+00
9.548999999999999488e+01,5.000000000000000000e-01,0.000000000000000000e+00
9.550000000000000000e+01,5.000000000000000000e-01,0.000000000000000000e+00
9.551000000000000512e+01,5.000000000000000000e-01,0.000000000000000000e+00
9.551999999999999602e+01,5.000000000000000000e-01,0.000000000000000000e+00
9.553000000000000114e+01,5.000000000000000000e-01,0.000000000000000000e+00
9.554000000000000625e+01,5.000000000000000000e-01,0.000000000000000000e+00
9.554999999999999716e+01,5.000000000000000000e-01,0.000000000000000000e+00
9.556000000000000227e+01,5.000000000000000000e-01,0.000000000000000000e+00
9.557000000000000739e+01,5.000000000000000000e-01,0.000000000000000000e+00
9.557999999999999829e+01,5.000000000000000000e-01,0.000000000000000000e+00
9.559000000000000341e+01,5.000000000000000000e-01,0.000000000000000000e+00
9.560000000000000853e+01,5.000000000000000000e-01,0.000000000000000000e+00
9.560999999999999943e+01,5.000000000000000000e-01,0.000000000000000000e+00
9.562000000000000455e+01,5.000000000000000000e-01,0.000000000000000000e+00
9.562999999999999545e+01,5.000000000000000000e-01,0.000000000000000000e+00
9.564000000000000057e+01,5.000000000000000000e-01,0.000000000000000000e+00
9.565000000000000568e+01,5.000000000000000000e-01,0.000000000000000000e+00
9.565999999999999659e+01,5.000000000000000000e-01,0.000000000000000000e+00
9.567000000000000171e+01,5.000000000000000000e-01,0.000000000000000000e+00
9.568000000000000682e+01,5.000000000000000000e-01,0.000000000000000000e+00
9.568999999999999773e+01,5.000000000000000000e-01,0.000000000000000000e+00
9.570000000000000284e+01,5.000000000000000000e-01,0.000000000000000000e+00
9.571000000000000796e+01,5.000000000000000000e-01,0.000000000000000000e+00
9.571999999999999886e+01,5.000000000000000000e-01,0.000000000000000000e+00
9.573000000000000398e+01,5.000000000000000000e-01,0.000000000000000000e+00
9.574000000000000909e+01,5.000000000000000000e-01,0.000000000000000000e+00
9.575000000000000000e+01,5.000000000000000000e-01,0.000000000000000000e+00
9.576000000000000512e+01,5.000000000000000000e-01,0.000000000000000000e+00
9.576999999999999602e+01,5.000000000000000000e-01,0.000000000000000000e+00
9.578000000000000114e+01,5.000000000000000000e-01,0.000000000000000000e+00
9.579000000000000625e+01,5.000000000000000000e-01,0.000000000000000000e+00
9.579999999999999716e+01,5.000000000000000000e-01,0.000000000000000000e+00
9.581000000000000227e+01,5.000000000000000000e-01,0.000000000000000000e+00
9.582000000000000739e+01,5.000000000000000000e-01,0.000000000000000000e+00
9.582999999999999829e+01,5.000000000000000000e-01,0.000000000000000000e+00
9.584000000000000341e+01,5.000000000000000000e-01,0.000000000000000000e+00
9.585000000000000853e+01,5.000000000000000000e-01,0.000000000000000000e+00
9.585999999999999943e+01,5.000000000000000000e-01,0.000000000000000000e+00
9.587000000000000455e+01,5.000000000000000000e-01,0.000000000000000000e+00
9.587999999999999545e+01,5.000000000000000000e-01,0.000000000000000000e+00
9.589000000000000057e+01,5.000000000000000000e-01,0.000000000000000000e+00
9.590000000000000568e+01,5.000000000000000000e-01,0.000000000000000000e+00
9.590999999999999659e+01,5.000000000000000000e-01,0.000000000000000000e+00
9.592000000000000171e+01,5.000000000000000000e-01,0.000000000000000000e+00
9.593000000000000682e+01,5.000000000000000000e-01,0.000000000000000000e+00
9.593999999999999773e+01,5.000000000000000000e-01,0.000000000000000000e+00
9.595000000000000284e+01,5.000000000000000000e-01,0.000000000000000000e+00
9.596000000000000796e+01,5.000000000000000000e-01,0.000000000000000000e+00
9.596999999999999886e+01,5.000000000000000000e-01,0.000000000000000000e+00
9.598000000000000398e+01,5.000000000000000000e-01,0.000000000000000000e+00
9.599000000000000909e+01,5.000000000000000000e-01,0.000000000000000000e+00
9.600000000000000000e+01,5.000000000000000000e-01,0.000000000000000000e+00
9.601000000000000512e+01,5.000000000000000000e-01,0.000000000000000000e+00
9.601999999999999602e+01,5.000000000000000000e-01,0.000000000000000000e+00
9.603000000000000114e+01,5.000000000000000000e-01,0.000000000000000000e+00
9.604000000000000625e+01,5.000000000000000000e-01,0.000000000000000000e+00
9.604999999999999716e+01,5.000000000000000000e-01,0.000000000000000000e+00
9.606000000000000227e+01,5.000000000000000000e-01,0.000000000000000000e+00
9.607000000000000739e+01,5.000000000000000000e-01,0.000000000000000000e+00
9.607999999999999829e+01,5.000000000000000000e-01,0.000000000000000000e+00
9.609000000000000341e+01,5.000000000000000000e-01,0.000000000000000000e+00
9.610000000000000853e+01,5.000000000000000000e-01,0.000000000000000000e+00
9.610999999999999943e+01,5.000000000000000000e-01,0.000000000000000000e+00
9.612000000000000455e+01,5.000000000000000000e-01,0.000000000000000000e+00
9.612999999999999545e+01,5.000000000000000000e-01,0.000000000000000000e+00
9.614000000000000057e+01,5.000000000000000000e-01,0.000000000000000000e+00
9.615000000000000568e+01,5.000000000000000000e-01,0.000000000000000000e+00
9.615999999999999659e+01,5.000000000000000000e-01,0.000000000000000000e+00
9.617000000000000171e+01,5.000000000000000000e-01,0.000000000000000000e+00
9.618000000000000682e+01,5.000000000000000000e-01,0.000000000000000000e+00
9.618999999999999773e+01,5.000000000000000000e-01,0.000000000000000000e+00
9.620000000000000284e+01,5.000000000000000000e-01,0.000000000000000000e+00
9.621000000000000796e+01,5.000000000000000000e-01,0.000000000000000000e+00
9.621999999999999886e+01,5.000000000000000000e-01,0.000000000000000000e+00
9.623000000000000398e+01,5.000000000000000000e-01,0.000000000000000000e+00
9.624000000000000909e+01,5.000000000000000000e-01,0.000000000000000000e+00
9.625000000000000000e+01,5.000000000000000000e-01,0.000000000000000000e+00
9.626000000000000512e+01,5.000000000000000000e-01,0.000000000000000000e+00
9.626999999999999602e+01,5.000000000000000000e-01,0.000000000000000000e+00
9.628000000000000114e+01,5.000000000000000000e-01,0.000000000000000000e+00
9.629000000000000625e+01,5.000000000000000000e-01,0.000000000000000000e+00
9.629999999999999716e+01,5.000000000000000000e-01,0.000000000000000000e+00
9.631000000000000227e+01,5.000000000000000000e-01,0.000000000000000000e+00
9.632000000000000739e+01,5.000000000000000000e-01,0.000000000000000000e+00
9.632999999999999829e+01,5.000000000000000000e-01,0.000000000000000000e+00
9.634000000000000341e+01,5.000000000000000000e-01,0.000000000000000000e+00
9.635000000000000853e+01,5.000000000000000000e-01,0.000000000000000000e+00
9.635999999999999943e+01,5.000000000000000000e-01,0.000000000000000000e+00
9.637000000000000455e+01,5.000000000000000000e-01,0.000000000000000000e+00
9.637999999999999545e+01,5.000000000000000000e-01,0.000000000000000000e+00
9.639000000000000057e+01,5.000000000000000000e-01,0.000000000000000000e+00
9.640000000000000568e+01,5.000000000000000000e-01,0.000000000000000000e+00
9.640999999999999659e+01,5.000000000000000000e-01,0.000000000000000000e+00
9.642000000000000171e+01,5.000000000000000000e-01,0.000000000000000000e+00
9.643000000000000682e+01,5.000000000000000000e-01,0.000000000000000000e+00
9.643999999999999773e+01,5.000000000000000000e-01,0.000000000000000000e+00
9.645000000000000284e+01,5.000000000000000000e-01,0.000000000000000000e+00
9.646000000000000796e+01,5.000000000000000000e-01,0.000000000000000000e+00
9.646999999999999886e+01,5.000000000000000000e-01,0.000000000000000000e+00
9.648000000000000398e+01,5.000000000000000000e-01,0.000000000000000000e+00
9.649000000000000909e+01,5.000000000000000000e-01,0.000000000000000000e+00
9.650000000000000000e+01,5.000000000000000000e-01,0.000000000000000000e+00
9.651000000000000512e+01,5.000000000000000000e-01,0.000000000000000000e+00
9.651999999999999602e+01,5.000000000000000000e-01,0.000000000000000000e+00
9.653000000000000114e+01,5.000000000000000000e-01,0.000000000000000000e+00
9.654000000000000625e+01,5.000000000000000000e-01,0.000000000000000000e+00
9.654999999999999716e+01,5.000000000000000000e-01,0.000000000000000000e+00
9.656000000000000227e+01,5.000000000000000000e-01,0.000000000000000000e+00
9.657000000000000739e+01,5.000000000000000000e-01,0.000000000000000000e+00
9.657999999999999829e+01,5.000000000000000000e-01,0.000000000000000000e+00
9.659000000000000341e+01,5.000000000000000000e-01,0.000000000000000000e+00
9.660000000000000853e+01,5.000000000000000000e-01,0.000000000000000000e+00
9.660999999999999943e+01,5.000000000000000000e-01,0.000000000000000000e+00
9.662000000000000455e+01,5.000000000000000000e-01,0.000000000000000000e+00
9.662999999999999545e+01,5.000000000000000000e-01,0.000000000000000000e+00
9.664000000000000057e+01,5.000000000000000000e-01,0.000000000000000000e+00
9.665000000000000568e+01,5.000000000000000000e-01,0.000000000000000000e+00
9.665999999999999659e+01,5.000000000000000000e-01,0.000000000000000000e+00
9.667000000000000171e+01,5.000000000000000000e-01,0.000000000000000000e+00
9.668000000000000682e+01,5.000000000000000000e-01,0.000000000000000000e+00
9.668999999999999773e+01,5.000000000000000000e-01,0.000000000000000000e+00
9.670000000000000284e+01,5.000000000000000000e-01,0.000000000000000000e+00
9.671000000000000796e+01,5.000000000000000000e-01,0.000000000000000000e+00
9.671999999999999886e+01,5.000000000000000000e-01,0.000000000000000000e+00
9.673000000000000398e+01,5.000000000000000000e-01,0.000000000000000000e+00
9.674000000000000909e+01,5.000000000000000000e-01,0.000000000000000000e+00
9.675000000000000000e+01,5.000000000000000000e-01,0.000000000000000000e+00
9.676000000000000512e+01,5.000000000000000000e-01,0.000000000000000000e+00
9.676999999999999602e+01,5.000000000000000000e-01,0.000000000000000000e+00
9.678000000000000114e+01,5.000000000000000000e-01,0.000000000000000000e+00
9.679000000000000625e+01,5.000000000000000000e-01,0.000000000000000000e+00
9.679999999999999716e+01,5.000000000000000000e-01,0.000000000000000000e+00
9.681000000000000227e+01,5.000000000000000000e-01,0.000000000000000000e+00
9.682000000000000739e+01,5.000000000000000000e-01,0.000000000000000000e+00
9.682999999999999829e+01,5.000000000000000000e-01,0.000000000000000000e+00
9.684000000000000341e+01,5.000000000000000000e-01,0.000000000000000000e+00
9.685000000000000853e+01,5.000000000000000000e-01,0.000000000000000000e+00
9.685999999999999943e+01,5.000000000000000000e-01,0.000000000000000000e+00
9.687000000000000455e+01,5.000000000000000000e-01,0.000000000000000000e+00
9.687999999999999545e+01,5.000000000000000000e-01,0.000000000000000000e+00
9.689000000000000057e+01,5.000000000000000000e-01,0.000000000000000000e+00
9.690000000000000568e+01,5.000000000000000000e-01,0.000000000000000000e+00
9.690999999999999659e+01,5.000000000000000000e-01,0.000000000000000000e+00
9.692000000000000171e+01,5.000000000000000000e-01,0.000000000000000000e+00
9.693000000000000682e+01,5.000000000000000000e-01,0.000000000000000000e+00
9.693999999999999773e+01,5.000000000000000000e-01,0.000000000000000000e+00
9.695000000000000284e+01,5.000000000000000000e-01,0.000000000000000000e+00
9.696000000000000796e+01,5.000000000000000000e-01,0.000000000000000000e+00
9.696999999999999886e+01,5.000000000000000000e-01,0.000000000000000000e+00
9.698000000000000398e+01,5.000000000000000000e-01,0.000000000000000000e+00
9.699000000000000909e+01,5.000000000000000000e-01,0.000000000000000000e+00
9.700000000000000000e+01,5.000000000000000000e-01,0.000000000000000000e+00
9.701000000000000512e+01,5.000000000000000000e-01,0.000000000000000000e+00
9.701999999999999602e+01,5.000000000000000000e-01,0.000000000000000000e+00
9.703000000000000114e+01,5.000000000000000000e-01,0.000000000000000000e+00
9.704000000000000625e+01,5.000000000000000000e-01,0.000000000000000000e+00
9.704999999999999716e+01,5.000000000000000000e-01,0.000000000000000000e+00
9.706000000000000227e+01,5.000000000000000000e-01,0.000000000000000000e+00
9.707000000000000739e+01,5.000000000000000000e-01,0.000000000000000000e+00
9.707999999999999829e+01,5.000000000000000000e-01,0.000000000000000000e+00
9.709000000000000341e+01,5.000000000000000000e-01,0.000000000000000000e+00
9.710000000000000853e+01,5.000000000000000000e-01,0.000000000000000000e+00
9.710999999999999943e+01,5.000000000000000000e-01,0.000000000000000000e+00
9.712000000000000455e+01,5.000000000000000000e-01,0.000000000000000000e+00
9.712999999999999545e+01,5.000000000000000000e-01,0.000000000000000000e+00
9.714000000000000057e+01,5.000000000000000000e-01,0.000000000000000000e+00
9.715000000000000568e+01,5.000000000000000000e-01,0.000000000000000000e+00
9.715999999999999659e+01,5.000000000000000000e-01,0.000000000000000000e+00
9.717000000000000171e+01,5.000000000000000000e-01,0.000000000000000000e+00
9.718000000000000682e+01,5.000000000000000000e-01,0.000000000000000000e+00
9.718999999999999773e+01,5.000000000000000000e-01,0.000000000000000000e+00
9.720000000000000284e+01,5.000000000000000000e-01,0.000000000000000000e+00
9.721000000000000796e+01,5.000000000000000000e-01,0.000000000000000000e+00
9.721999999999999886e+01,5.000000000000000000e-01,0.000000000000000000e+00
9.723000000000000398e+01,5.000000000000000000e-01,0.000000000000000000e+00
9.724000000000000909e+01,5.000000000000000000e-01,0.000000000000000000e+00
9.725000000000000000e+01,5.000000000000000000e-01,0.000000000000000000e+00
9.726000000000000512e+01,5.000000000000000000e-01,0.000000000000000000e+00
9.726999999999999602e+01,5.000000000000000000e-01,0.000000000000000000e+00
9.728000000000000114e+01,5.000000000000000000e-01,0.000000000000000000e+00
9.729000000000000625e+01,5.000000000000000000e-01,0.000000000000000000e+00
9.729999999999999716e+01,5.000000000000000000e-01,0.000000000000000000e+00
9.731000000000000227e+01,5.000000000000000000e-01,0.000000000000000000e+00
9.732000000000000739e+01,5.000000000000000000e-01,0.000000000000000000e+00
9.732999999999999829e+01,5.000000000000000000e-01,0.000000000000000000e+00
9.734000000000000341e+01,5.000000000000000000e-01,0.000000000000000000e+00
9.735000000000000853e+01,5.000000000000000000e-01,0.000000000000000000e+00
9.735999999999999943e+01,5.000000000000000000e-01,0.000000000000000000e+00
9.737000000000000455e+01,5.000000000000000000e-01,0.000000000000000000e+00
9.737999999999999545e+01,5.000000000000000000e-01,0.000000000000000000e+00
9.739000000000000057e+01,5.000000000000000000e-01,0.000000000000000000e+00
9.740000000000000568e+01,5.000000000000000000e-01,0.000000000000000000e+00
9.740999999999999659e+01,5.000000000000000000e-01,0.000000000000000000e+00
9.742000000000000171e+01,5.000000000000000000e-01,0.000000000000000000e+00
9.743000000000000682e+01,5.000000000000000000e-01,0.000000000000000000e+00
9.743999999999999773e+01,5.000000000000000000e-01,0.000000000000000000e+00
9.745000000000000284e+01,5.000000000000000000e-01,0.000000000000000000e+00
9.746000000000000796e+01,5.000000000000000000e-01,0.000000000000000000e+00
9.746999999999999886e+01,5.000000000000000000e-01,0.000000000000000000e+00
9.748000000000000398e+01,5.000000000000000000e-01,0.000000000000000000e+00
9.749000000000000909e+01,5.000000000000000000e-01,0.000000000000000000e+00
9.750000000000000000e+01,5.000000000000000000e-01,0.000000000000000000e+00
9.751000000000000512e+01,5.000000000000000000e-01,0.000000000000000000e+00
9.751999999999999602e+01,5.000000000000000000e-01,0.000000000000000000e+00
9.753000000000000114e+01,5.000000000000000000e-01,0.000000000000000000e+00
9.754000000000000625e+01,5.000000000000000000e-01,0.000000000000000000e+00
9.754999999999999716e+01,5.000000000000000000e-01,0.000000000000000000e+00
9.756000000000000227e+01,5.000000000000000000e-01,0.000000000000000000e+00
9.757000000000000739e+01,5.000000000000000000e-01,0.000000000000000000e+00
9.757999999999999829e+01,5.000000000000000000e-01,0.000000000000000000e+00
9.759000000000000341e+01,5.000000000000000000e-01,0.000000000000000000e+00
9.760000000000000853e+01,5.000000000000000000e-01,0.000000000000000000e+00
9.760999999999999943e+01,5.000000000000000000e-01,0.000000000000000000e+00
9.762000000000000455e+01,5.000000000000000000e-01,0.000000000000000000e+00
9.762999999999999545e+01,5.000000000000000000e-01,0.000000000000000000e+00
9.764000000000000057e+01,5.000000000000000000e-01,0.000000000000000000e+00
9.765000000000000568e+01,5.000000000000000000e-01,0.000000000000000000e+00
9.765999999999999659e+01,5.000000000000000000e-01,0.000000000000000000e+00
9.767000000000000171e+01,5.000000000000000000e-01,0.000000000000000000e+00
9.768000000000000682e+01,5.000000000000000000e-01,0.000000000000000000e+00
9.768999999999999773e+01,5.000000000000000000e-01,0.000000000000000000e+00
9.770000000000000284e+01,5.000000000000000000e-01,0.000000000000000000e+00
9.771000000000000796e+01,5.000000000000000000e-01,0.000000000000000000e+00
9.771999999999999886e+01,5.000000000000000000e-01,0.000000000000000000e+00
9.773000000000000398e+01,5.000000000000000000e-01,0.000000000000000000e+00
9.774000000000000909e+01,5.000000000000000000e-01,0.000000000000000000e+00
9.775000000000000000e+01,5.000000000000000000e-01,0.000000000000000000e+00
9.776000000000000512e+01,5.000000000000000000e-01,0.000000000000000000e+00
9.776999999999999602e+01,5.000000000000000000e-01,0.000000000000000000e+00
9.778000000000000114e+01,5.000000000000000000e-01,0.000000000000000000e+00
9.779000000000000625e+01,5.000000000000000000e-01,0.000000000000000000e+00
9.779999999999999716e+01,5.000000000000000000e-01,0.000000000000000000e+00
9.781000000000000227e+01,5.000000000000000000e-01,0.000000000000000000e+00
9.782000000000000739e+01,5.000000000000000000e-01,0.000000000000000000e+00
9.782999999999999829e+01,5.000000000000000000e-01,0.000000000000000000e+00
9.784000000000000341e+01,5.000000000000000000e-01,0.000000000000000000e+00
9.785000000000000853e+01,5.000000000000000000e-01,0.000000000000000000e+00
9.785999999999999943e+01,5.000000000000000000e-01,0.000000000000000000e+00
9.787000000000000455e+01,5.000000000000000000e-01,0.000000000000000000e+00
9.787999999999999545e+01,5.000000000000000000e-01,0.000000000000000000e+00
9.789000000000000057e+01,5.000000000000000000e-01,0.000000000000000000e+00
9.790000000000000568e+01,5.000000000000000000e-01,0.000000000000000000e+00
9.790999999999999659e+01,5.000000000000000000e-01,0.000000000000000000e+00
9.792000000000000171e+01,5.000000000000000000e-01,0.000000000000000000e+00
9.793000000000000682e+01,5.000000000000000000e-01,0.000000000000000000e+00
9.793999999999999773e+01,5.000000000000000000e-01,0.000000000000000000e+00
9.795000000000000284e+01,5.000000000000000000e-01,0.000000000000000000e+00
9.796000000000000796e+01,5.000000000000000000e-01,0.000000000000000000e+00
9.796999999999999886e+01,5.000000000000000000e-01,0.000000000000000000e+00
9.798000000000000398e+01,5.000000000000000000e-01,0.000000000000000000e+00
9.799000000000000909e+01,5.000000000000000000e-01,0.000000000000000000e+00
9.800000000000000000e+01,5.000000000000000000e-01,0.000000000000000000e+00
9.801000000000000512e+01,5.000000000000000000e-01,0.000000000000000000e+00
9.801999999999999602e+01,5.000000000000000000e-01,0.000000000000000000e+00
9.803000000000000114e+01,5.000000000000000000e-01,0.000000000000000000e+00
9.804000000000000625e+01,5.000000000000000000e-01,0.000000000000000000e+00
9.804999999999999716e+01,5.000000000000000000e-01,0.000000000000000000e+00
9.806000000000000227e+01,5.000000000000000000e-01,0.000000000000000000e+00
9.807000000000000739e+01,5.000000000000000000e-01,0.000000000000000000e+00
9.807999999999999829e+01,5.000000000000000000e-01,0.000000000000000000e+00
9.809000000000000341e+01,5.000000000000000000e-01,0.000000000000000000e+00
9.810000000000000853e+01,5.000000000000000000e-01,0.000000000000000000e+00
9.810999999999999943e+01,5.000000000000000000e-01,0.000000000000000000e+00
9.812000000000000455e+01,5.000000000000000000e-01,0.000000000000000000e+00
9.812999999999999545e+01,5.000000000000000000e-01,0.000000000000000000e+00
9.814000000000000057e+01,5.000000000000000000e-01,0.000000000000000000e+00
9.815000000000000568e+01,5.000000000000000000e-01,0.000000000000000000e+00
9.815999999999999659e+01,5.000000000000000000e-01,0.000000000000000000e+00
9.817000000000000171e+01,5.000000000000000000e-01,0.000000000000000000e+00
9.818000000000000682e+01,5.000000000000000000e-01,0.000000000000000000e+00
9.818999999999999773e+01,5.000000000000000000e-01,0.000000000000000000e+00
9.820000000000000284e+01,5.000000000000000000e-01,0.000000000000000000e+00
9.821000000000000796e+01,5.000000000000000000e-01,0.000000000000000000e+00
9.821999999999999886e+01,5.000000000000000000e-01,0.000000000000000000e+00
9.823000000000000398e+01,5.000000000000000000e-01,0.000000000000000000e+00
9.824000000000000909e+01,5.000000000000000000e-01,0.000000000000000000e+00
9.825000000000000000e+01,5.000000000000000000e-01,0.000000000000000000e+00
9.826000000000000512e+01,5.000000000000000000e-01,0.000000000000000000e+00
9.826999999999999602e+01,5.000000000000000000e-01,0.000000000000000000e+00
9.828000000000000114e+01,5.000000000000000000e-01,0.000000000000000000e+00
9.829000000000000625e+01,5.000000000000000000e-01,0.000000000000000000e+00
9.829999999999999716e+01,5.000000000000000000e-01,0.000000000000000000e+00
9.831000000000000227e+01,5.000000000000000000e-01,0.000000000000000000e+00
9.832000000000000739e+01,5.000000000000000000e-01,0.000000000000000000e+00
9.832999999999999829e+01,5.000000000000000000e-01,0.000000000000000000e+00
9.834000000000000341e+01,5.000000000000000000e-01,0.000000000000000000e+00
9.835000000000000853e+01,5.000000000000000000e-01,0.000000000000000000e+00
9.835999999999999943e+01,5.000000000000000000e-01,0.000000000000000000e+00
9.837000000000000455e+01,5.000000000000000000e-01,0.000000000000000000e+00
9.837999999999999545e+01,5.000000000000000000e-01,0.000000000000000000e+00
9.839000000000000057e+01,5.000000000000000000e-01,0.000000000000000000e+00
9.840000000000000568e+01,5.000000000000000000e-01,0.000000000000000000e+00
9.840999999999999659e+01,5.000000000000000000e-01,0.000000000000000000e+00
9.842000000000000171e+01,5.000000000000000000e-01,0.000000000000000000e+00
9.843000000000000682e+01,5.000000000000000000e-01,0.000000000000000000e+00
9.843999999999999773e+01,5.000000000000000000e-01,0.000000000000000000e+00
9.845000000000000284e+01,5.000000000000000000e-01,0.000000000000000000e+00
9.846000000000000796e+01,5.000000000000000000e-01,0.000000000000000000e+00
9.846999999999999886e+01,5.000000000000000000e-01,0.000000000000000000e+00
9.848000000000000398e+01,5.000000000000000000e-01,0.000000000000000000e+00
9.849000000000000909e+01,5.000000000000000000e-01,0.000000000000000000e+00
9.850000000000000000e+01,5.000000000000000000e-01,0.000000000000000000e+00
9.851000000000000512e+01,5.000000000000000000e-01,0.000000000000000000e+00
9.851999999999999602e+01,5.000000000000000000e-01,0.000000000000000000e+00
9.853000000000000114e+01,5.000000000000000000e-01,0.000000000000000000e+00
9.854000000000000625e+01,5.000000000000000000e-01,0.000000000000000000e+00
9.854999999999999716e+01,5.000000000000000000e-01,0.000000000000000000e+00
9.856000000000000227e+01,5.000000000000000000e-01,0.000000000000000000e+00
9.857000000000000739e+01,5.000000000000000000e-01,0.000000000000000000e+00
9.857999999999999829e+01,5.000000000000000000e-01,0.000000000000000000e+00
9.859000000000000341e+01,5.000000000000000000e-01,0.000000000000000000e+00
9.860000000000000853e+01,5.000000000000000000e-01,0.000000000000000000e+00
9.860999999999999943e+01,5.000000000000000000e-01,0.000000000000000000e+00
9.862000000000000455e+01,5.000000000000000000e-01,0.000000000000000000e+00
9.862999999999999545e+01,5.000000000000000000e-01,0.000000000000000000e+00
9.864000000000000057e+01,5.000000000000000000e-01,0.000000000000000000e+00
9.865000000000000568e+01,5.000000000000000000e-01,0.000000000000000000e+00
9.865999999999999659e+01,5.000000000000000000e-01,0.000000000000000000e+00
9.867000000000000171e+01,5.000000000000000000e-01,0.000000000000000000e+00
9.868000000000000682e+01,5.000000000000000000e-01,0.000000000000000000e+00
9.868999999999999773e+01,5.000000000000000000e-01,0.000000000000000000e+00
9.870000000000000284e+01,5.000000000000000000e-01,0.000000000000000000e+00
9.871000000000000796e+01,5.000000000000000000e-01,0.000000000000000000e+00
9.871999999999999886e+01,5.000000000000000000e-01,0.000000000000000000e+00
9.873000000000000398e+01,5.000000000000000000e-01,0.000000000000000000e+00
9.874000000000000909e+01,5.000000000000000000e-01,0.000000000000000000e+00
9.875000000000000000e+01,5.000000000000000000e-01,0.000000000000000000e+00
9.876000000000000512e+01,5.000000000000000000e-01,0.000000000000000000e+00
9.876999999999999602e+01,5.000000000000000000e-01,0.000000000000000000e+00
9.878000000000000114e+01,5.000000000000000000e-01,0.000000000000000000e+00
9.879000000000000625e+01,5.000000000000000000e-01,0.000000000000000000e+00
9.879999999999999716e+01,5.000000000000000000e-01,0.000000000000000000e+00
9.881000000000000227e+01,5.000000000000000000e-01,0.000000000000000000e+00
9.882000000000000739e+01,5.000000000000000000e-01,0.000000000000000000e+00
9.882999999999999829e+01,5.000000000000000000e-01,0.000000000000000000e+00
9.884000000000000341e+01,5.000000000000000000e-01,0.000000000000000000e+00
9.885000000000000853e+01,5.000000000000000000e-01,0.000000000000000000e+00
9.885999999999999943e+01,5.000000000000000000e-01,0.000000000000000000e+00
9.887000000000000455e+01,5.000000000000000000e-01,0.000000000000000000e+00
9.887999999999999545e+01,5.000000000000000000e-01,0.000000000000000000e+00
9.889000000000000057e+01,5.000000000000000000e-01,0.000000000000000000e+00
9.890000000000000568e+01,5.000000000000000000e-01,0.000000000000000000e+00
9.890999999999999659e+01,5.000000000000000000e-01,0.000000000000000000e+00
9.892000000000000171e+01,5.000000000000000000e-01,0.000000000000000000e+00
9.893000000000000682e+01,5.000000000000000000e-01,0.000000000000000000e+00
9.893999999999999773e+01,5.000000000000000000e-01,0.000000000000000000e+00
9.895000000000000284e+01,5.000000000000000000e-01,0.000000000000000000e+00
9.896000000000000796e+01,5.000000000000000000e-01,0.000000000000000000e+00
9.896999999999999886e+01,5.000000000000000000e-01,0.000000000000000000e+00
9.898000000000000398e+01,5.000000000000000000e-01,0.000000000000000000e+00
9.899000000000000909e+01,5.000000000000000000e-01,0.000000000000000000e+00
9.900000000000000000e+01,5.000000000000000000e-01,0.000000000000000000e+00
9.901000000000000512e+01,5.000000000000000000e-01,0.000000000000000000e+00
9.901999999999999602e+01,5.000000000000000000e-01,0.000000000000000000e+00
9.903000000000000114e+01,5.000000000000000000e-01,0.000000000000000000e+00
9.904000000000000625e+01,5.000000000000000000e-01,0.000000000000000000e+00
9.904999999999999716e+01,5.000000000000000000e-01,0.000000000000000000e+00
9.906000000000000227e+01,5.000000000000000000e-01,0.000000000000000000e+00
9.907000000000000739e+01,5.000000000000000000e-01,0.000000000000000000e+00
9.907999999999999829e+01,5.000000000000000000e-01,0.000000000000000000e+00
9.909000000000000341e+01,5.000000000000000000e-01,0.000000000000000000e+00
9.910000000000000853e+01,5.000000000000000000e-01,0.000000000000000000e+00
9.910999999999999943e+01,5.000000000000000000e-01,0.000000000000000000e+00
9.912000000000000455e+01,5.000000000000000000e-01,0.000000000000000000e+00
9.912999999999999545e+01,5.000000000000000000e-01,0.000000000000000000e+00
9.914000000000000057e+01,5.000000000000000000e-01,0.000000000000000000e+00
9.915000000000000568e+01,5.000000000000000000e-01,0.000000000000000000e+00
9.915999999999999659e+01,5.000000000000000000e-01,0.000000000000000000e+00
9.917000000000000171e+01,5.000000000000000000e-01,0.000000000000000000e+00
9.918000000000000682e+01,5.000000000000000000e-01,0.000000000000000000e+00
9.918999999999999773e+01,5.000000000000000000e-01,0.000000000000000000e+00
9.920000000000000284e+01,5.000000000000000000e-01,0.000000000000000000e+00
9.921000000000000796e+01,5.000000000000000000e-01,0.000000000000000000e+00
9.921999999999999886e+01,5.000000000000000000e-01,0.000000000000000000e+00
9.923000000000000398e+01,5.000000000000000000e-01,0.000000000000000000e+00
9.924000000000000909e+01,5.000000000000000000e-01,0.000000000000000000e+00
9.925000000000000000e+01,5.000000000000000000e-01,0.000000000000000000e+00
9.926000000000000512e+01,5.000000000000000000e-01,0.000000000000000000e+00
9.926999999999999602e+01,5.000000000000000000e-01,0.000000000000000000e+00
9.928000000000000114e+01,5.000000000000000000e-01,0.000000000000000000e+00
9.929000000000000625e+01,5.000000000000000000e-01,0.000000000000000000e+00
9.929999999999999716e+01,5.000000000000000000e-01,0.000000000000000000e+00
9.931000000000000227e+01,5.000000000000000000e-01,0.000000000000000000e+00
9.932000000000000739e+01,5.000000000000000000e-01,0.000000000000000000e+00
9.932999999999999829e+01,5.000000000000000000e-01,0.000000000000000000e+00
9.934000000000000341e+01,5.000000000000000000e-01,0.000000000000000000e+00
9.935000000000000853e+01,5.000000000000000000e-01,0.000000000000000000e+00
9.935999999999999943e+01,5.000000000000000000e-01,0.000000000000000000e+00
9.937000000000000455e+01,5.000000000000000000e-01,0.000000000000000000e+00
9.937999999999999545e+01,5.000000000000000000e-01,0.000000000000000000e+00
9.939000000000000057e+01,5.000000000000000000e-01,0.000000000000000000e+00
9.940000000000000568e+01,5.000000000000000000e-01,0.000000000000000000e+00
9.940999999999999659e+01,5.000000000000000000e-01,0.000000000000000000e+00
9.942000000000000171e+01,5.000000000000000000e-01,0.000000000000000000e+00
9.943000000000000682e+01,5.000000000000000000e-01,0.000000000000000000e+00
9.943999999999999773e+01,5.000000000000000000e-01,0.000000000000000000e+00
9.945000000000000284e+01,5.000000000000000000e-01,0.000000000000000000e+00
9.946000000000000796e+01,5.000000000000000000e-01,0.000000000000000000e+00
9.946999999999999886e+01,5.000000000000000000e-01,0.000000000000000000e+00
9.948000000000000398e+01,5.000000000000000000e-01,0.000000000000000000e+00
9.949000000000000909e+01,5.000000000000000000e-01,0.000000000000000000e+00
9.950000000000000000e+01,5.000000000000000000e-01,0.000000000000000000e+00
9.951000000000000512e+01,5.000000000000000000e-01,0.000000000000000000e+00
9.951999999999999602e+01,5.000000000000000000e-01,0.000000000000000000e+00
9.953000000000000114e+01,5.000000000000000000e-01,0.000000000000000000e+00
9.954000000000000625e+01,5.000000000000000000e-01,0.000000000000000000e+00
9.954999999999999716e+01,5.000000000000000000e-01,0.000000000000000000e+00
9.956000000000000227e+01,5.000000000000000000e-01,0.000000000000000000e+00
9.957000000000000739e+01,5.000000000000000000e-01,0.000000000000000000e+00
9.957999999999999829e+01,5.000000000000000000e-01,0.000000000000000000e+00
9.959000000000000341e+01,5.000000000000000000e-01,0.000000000000000000e+00
9.960000000000000853e+01,5.000000000000000000e-01,0.000000000000000000e+00
9.960999999999999943e+01,5.000000000000000000e-01,0.000000000000000000e+00
9.962000000000000455e+01,5.000000000000000000e-01,0.000000000000000000e+00
9.962999999999999545e+01,5.000000000000000000e-01,0.000000000000000000e+00
9.964000000000000057e+01,5.000000000000000000e-01,0.000000000000000000e+00
9.965000000000000568e+01,5.000000000000000000e-01,0.000000000000000000e+00
9.965999999999999659e+01,5.000000000000000000e-01,0.000000000000000000e+00
9.967000000000000171e+01,5.000000000000000000e-01,0.000000000000000000e+00
9.968000000000000682e+01,5.000000000000000000e-01,0.000000000000000000e+00
9.968999999999999773e+01,5.000000000000000000e-01,0.000000000000000000e+00
9.970000000000000284e+01,5.000000000000000000e-01,0.000000000000000000e+00
9.971000000000000796e+01,5.000000000000000000e-01,0.000000000000000000e+00
9.971999999999999886e+01,5.000000000000000000e-01,0.000000000000000000e+00
9.973000000000000398e+01,5.000000000000000000e-01,0.000000000000000000e+00
9.974000000000000909e+01,5.000000000000000000e-01,0.000000000000000000e+00
9.975000000000000000e+01,5.000000000000000000e-01,0.000000000000000000e+00
9.976000000000000512e+01,5.000000000000000000e-01,0.000000000000000000e+00
9.976999999999999602e+01,5.000000000000000000e-01,0.000000000000000000e+00
9.978000000000000114e+01,5.000000000000000000e-01,0.000000000000000000e+00
9.979000000000000625e+01,5.000000000000000000e-01,0.000000000000000000e+00
9.979999999999999716e+01,5.000000000000000000e-01,0.000000000000000000e+00
9.981000000000000227e+01,5.000000000000000000e-01,0.000000000000000000e+00
9.982000000000000739e+01,5.000000000000000000e-01,0.000000000000000000e+00
9.982999999999999829e+01,5.000000000000000000e-01,0.000000000000000000e+00
9.984000000000000341e+01,5.000000000000000000e-01,0.000000000000000000e+00
9.985000000000000853e+01,5.000000000000000000e-01,0.000000000000000000e+00
9.985999999999999943e+01,5.000000000000000000e-01,0.000000000000000000e+00
9.987000000000000455e+01,5.000000000000000000e-01,0.000000000000000000e+00
9.987999999999999545e+01,5.000000000000000000e-01,0.000000000000000000e+00
9.989000000000000057e+01,5.000000000000000000e-01,0.000000000000000000e+00
9.990000000000000568e+01,5.000000000000000000e-01,0.000000000000000000e+00
9.990999999999999659e+01,5.000000000000000000e-01,0.000000000000000000e+00
9.992000000000000171e+01,5.000000000000000000e-01,0.000000000000000000e+00
9.993000000000000682e+01,5.000000000000000000e-01,0.000000000000000000e+00
9.993999999999999773e+01,5.000000000000000000e-01,0.000000000000000000e+00
9.995000000000000284e+01,5.000000000000000000e-01,0.000000000000000000e+00
9.996000000000000796e+01,5.000000000000000000e-01,0.000000000000000000e+00
9.996999999999999886e+01,5.000000000000000000e-01,0.000000000000000000e+00
9.998000000000000398e+01,5.000000000000000000e-01,0.000000000000000000e+00
9.999000000000000909e+01,5.000000000000000000e-01,0.000000000000000000e+00
1.000000000000000000e+02,5.000000000000000000e-01,0.000000000000000000e+00
